ISS (ZARYA)
1 25544U 98067A   26131.42478727  .00005147  00000+0  10088-3 0  9990
2 25544  51.6311 122.0798 0007464  47.2886 312.8730 15.49184061566059
HST
1 20580U 90037B   26131.62862505  .00004619  00000+0  14531-3 0  9997
2 20580  28.4757 330.3526 0002208  91.8162 268.2687 15.30354705782965
NOAA 19
1 33591U 09005A   26105.19100725  .00000019  00000+0  34002-4 0  9996
2 33591  98.9548 176.0118 0013380 204.4500 155.6039 14.13463883885584
NOAA 18
1 28654U 05018A   26105.20329213  .00000010  00000+0  28725-4 0  9993
2 28654  98.8116 185.7911 0013664 333.9959  26.0526 14.13718092 77419
NOAA 15
1 25338U 98030A   26105.15653529  .00000074  00000+0  47700-4 0  9993
2 25338  98.5119 127.4791 0010553 165.9066 194.2412 14.27126966452305
TERRA
1 25994U 99068A   26131.60216407  .00000219  00000+0  53575-4 0  9990
2 25994  97.9482 182.5940 0002233  21.8216 132.1749 14.61073100404265
LANDSAT 9
1 49260U 21088A   26131.59577402  .00000184  00000+0  50717-4 0  9998
2 49260  98.1861 202.3346 0001438 104.1767 255.9591 14.57131703245670
METEOR-M2 3
1 57166U 23091A   26131.63230057 -.00000022  00000+0  92714-5 0  9991
2 57166  98.6110 187.3534 0002764 278.6875  81.3991 14.24043561149314
ISS (NAUKA)
1 49044U 21066A   26131.42478727  .00005147  00000+0  10088-3 0  9996
2 49044  51.6311 122.0798 0007464  47.2886 312.8730 15.49184061565161
CSS (TIANHE)
1 48274U 21035A   26131.49630320  .00032325  00000+0  36027-3 0  9991
2 48274  41.4667 185.1700 0004284 287.6488  72.3883 15.62123975287434
SENTINEL-6A
1 46984U 20086A   26131.46787298 -.00000063  00000+0 -96808-5 0  9997
2 46984  66.0411 211.3184 0007869 270.1844  89.8269 12.80931127255623
AISSAT 1
1 36797U 10035C   26104.98764157  .00001716  00000+0  15417-3 0  9996
2 36797  98.0981   1.9972 0007387 265.0399  94.9978 14.97098112854764
SWISSCUBE
1 35932U 09051B   26131.22229605  .00000628  00000+0  13391-3 0  9993
2 35932  98.4059  38.4650 0006332 339.6318  20.4629 14.62408237883753
NORSAT 2
1 42828U 17042D   26131.39624122  .00006577  00000+0  29774-3 0  9996
2 42828  97.4027 305.4471 0010011 173.3207 186.8164 15.21176727482147
ITASAT
1 43786U 18099AE  26131.39043102  .00003940  00000+0  19342-3 0  9997
2 43786  97.4060 183.6448 0014297 118.7337 241.5336 15.18572964407321
KKS-1 (KISEKI)
1 33499U 09002H   26131.48625706  .00000822  00000+0  10795-3 0  9996
2 33499  98.1194  53.3495 0009113  55.3228 304.8843 14.83026449930755
APEX ARIES 1
1 59129U 24043AH  26131.39655983  .00016701  00000+0  25913-3 0  9997
2 59129  97.5426 279.6279 0004887 347.8843  12.2292 15.54056899122204
CENTAURI-1
1 43809U 18099BD  26131.11515158  .00003305  00000+0  17514-3 0  9992
2 43809  97.4250 183.6363 0015960  97.3147 262.9901 15.15977015406881
NORSAT 3
1 48272U 21034E   26131.64397753  .00004950  00000+0  35320-3 0  9993
2 48272  97.5329 189.7956 0008624  71.2195 288.9967 15.04955147274340
NAYIF-1 (EO-88)
1 42017U 17008BX  23198.64389602  .03845235  23435-5  12955-2 0  9997
2 42017  97.1939 272.0619 0014074 261.3029  98.6670 16.25423645358325
CENTAURI-3 (TYVAK-0210)
1 47966U 21023B   24172.45505936  .04045857  10158-4  18362-2 0  9997
2 47966  44.9956 207.2793 0004403  32.9642 327.1551 16.21097541180119
PROXIMA II
1 43696U 18088G   24141.37186076  .08976418 -14898-5  61061-3 0  9999
2 43696  84.9868 191.8163 0011681 257.2382 102.7618 16.40402710308379
ROBUSTA 1B
1 42792U 17036AD  23289.73389548  .09781629  23598-5  10320-2 0  9994
2 42792  97.0969 333.1645 0009033 260.0160 100.0120 16.37602079352297
COSMOS 2516
1 41554U 16032A   24041.58701406  .00000073  00000+0  00000+0 0  9991
2 41554  63.8557 220.5582 0014818 210.4045 149.5086  2.13106360 59950
RISAT-2BR1
1 44857U 19089F   26131.64678875  .00002031  00000+0  16004-3 0  9998
2 44857  36.9615 328.4187 0012686 240.8741 119.0731 15.01469988351701
NORSAT 1
1 42826U 17042B   26131.38939045  .00003851  00000+0  21788-3 0  9995
2 42826  97.4424 299.9465 0006683 199.2402 160.8578 15.13622437481662
AISSAT 2
1 40075U 14037G   23362.49933056  .00003465  00000+0  40707-3 0  9994
2 40075  98.3401 268.4723 0004780 335.0232  25.0749 14.85601820512563
ZHUHAI-1 02 (CAS-4B)
1 42759U 17034B   25286.97241530  .03437790  89859-5  10544-2 0  9999
2 42759  42.9888 273.3261 0008256 129.3938 230.7682 16.25684504462559
STARLINK-32298
1 61525U 24183S   26131.49949927  .00001798  00000+0  72836-4 0  9997
2 61525  53.1594 210.3525 0001085  76.0710 284.0411 15.30189354 89276
PROXIMA I
1 43694U 18088E   24139.00585883  .10206033 -14958-5  54833-3 0  9991
2 43694  84.9863 193.3607 0012302 259.8395 100.1524 16.41319836308011
NOAA 20 (JPSS-1)
1 43013U 17073A   26131.55985493  .00000044  00000+0  42038-4 0  9998
2 43013  98.7758  71.3511 0001768  52.2854 307.8483 14.19550778439278
SENTINEL-2A
1 40697U 15028A   26131.64123899  .00000056  00000+0  38014-4 0  9997
2 40697  98.5683 207.0097 0001246  82.3590 277.7734 14.30813009568502
LANDSAT 8
1 39084U 13008A   26131.56121012  .00000189  00000+0  51899-4 0  9990
2 39084  98.1841 202.2232 0001351 103.6584 256.4765 14.57142593692561
SENTINEL-2B
1 42063U 17013A   26131.63404709  .00000169  00000+0  80986-4 0  9993
2 42063  98.5690 206.9223 0001258  88.2642 271.8685 14.30818220479415
ENVISAT
1 27386U 02009A   26131.62851161  .00000051  00000+0  30452-4 0  9993
2 27386  98.3814  83.7674 0001174  91.1179  82.3558 14.39055976268227
SUOMI NPP
1 37849U 11061A   26131.61719729  .00000031  00000+0  35861-4 0  9995
2 37849  98.7939  72.7469 0002840  76.8466 283.3027 14.19509386753257
AQUA
1 27424U 02022A   26131.66855806  .00000500  00000+0  10944-3 0  9997
2 27424  98.4258 100.2287 0002110  78.9155  93.9529 14.62100351277934
METEOR-M2 2
1 44387U 19038A   26131.57603674  .00000230  00000+0  11914-3 0  9991
2 44387  98.9140 118.3246 0002216 104.2012 255.9413 14.24356287356088
EOS-6 (OCEANSAT-3)
1 54361U 22158A   26131.58295595  .00000146  00000+0  52155-4 0  9990
2 54361  98.3526 230.2668 0002259  89.6753 270.4699 14.47018818182546
LLITED B
1 56219U 23054AT  23361.64629528  .00041321  00000+0  12216-2 0  9998
2 56219  97.3805 255.0103 0012054  54.7700 305.4670 15.34738821 39715
STARLINK-2690
1 48480U 21040BE  23361.88477173  .00001171  00000+0  97471-4 0  9992
2 48480  53.0538 205.5403 0001297 101.8998 258.2136 15.06404042145344
STARLINK-1073
1 44914U 20001A   23362.15433682  .00000292  00000+0  38501-4 0  9996
2 44914  53.0558 349.3412 0001395  80.7960 279.3187 15.06403102218880
GOES 16
1 41866U 16071A   26131.61803818 -.00000080  00000+0  00000+0 0  9995
2 41866   0.2486  85.6487 0000979 269.1712 352.3866  1.00272258 34735
STARLINK-1007
1 44713U 19074A   23361.79585204  .00000951  00000+0  82707-4 0  9997
2 44713  53.0534 190.9508 0001424  91.0767 269.0386 15.06401274227908
GPS BIII-1
1 43873U 18109A   26131.37380661  .00000047  00000+0  00000+0 0  9990
2 43873  55.6601  93.6388 0038065 198.7607 344.2455  2.00560025 54339
COSMOS 2486
1 39177U 13028A   26131.59542564 -.00000074  00000+0 -67998-5 0  9990
2 39177  98.0118 100.4231 0011933 125.3575 234.8740 14.56177408686058
COSMOS 2515
1 41394U 16020A   26131.62179927  .00001035  00000+0  71628-4 0  9992
2 41394  97.9785 145.7218 0025192  67.6492 292.7401 15.07832901554903
YAOGAN-30 01
1 41473U 16029A   26131.62252801  .00000290  00000+0  49092-4 0  9994
2 41473  97.9039 182.3077 0015541 356.9626   3.1487 14.76226081538274
YAOGAN-7
1 36110U 09069A   26131.39509603  .00000253  00000+0  42232-4 0  9999
2 36110  98.0116  17.4817 0025112 154.9793 205.2640 14.77972059884195
NOAA 21 (JPSS-2)
1 54234U 22150A   26131.52354167  .00000030  00000+0  35002-4 0  9990
2 54234  98.7046  70.9315 0000976 343.8811  16.2334 14.19558696181349
TELEOS-1
1 41169U 15077D   25177.62803816  .04978187 -27512-4  80740-3 0  9995
2 41169  14.9820 136.7861 0000764 246.8638 291.1774 16.32314160529153
USA 115 (MILSTAR-1 2)
1 23712U 95060A   26131.59067225 -.00000110  00000+0  00000+0 0  9995
2 23712  14.0604   4.0199 0000681  94.5116 236.8905  1.00367225 32516
SES-12
1 43488U 18049A   26131.41448204 -.00000259  00000+0  00000+0 0  9994
2 43488   0.0452  82.6134 0001080 222.8139 168.0112  1.00270510 29051
STARLINK-5757
1 55580U 23020M   26131.29588472  .00001643  00000+0  69249-4 0  9995
2 55580  43.0039 345.9804 0001168 263.5645  96.5073 15.27569790178786
STARLINK-5753
1 55581U 23020N   26131.40586120  .00000328  00000+0  21445-4 0  9992
2 55581  43.0059  17.9025 0001458 273.3565  86.7120 15.27576601178426
METEOR-M 2
1 40069U 14037A   26131.61301796  .00000081  00000+0  56456-4 0  9998
2 40069  98.5099 108.6517 0006457 133.7105 226.4609 14.21451585614120
FLOCK 4S-8
1 47474U 21006BP  23362.14189482  .00104531  00000+0  13906-2 0  9992
2 47474  97.3413  63.6495 0004378 111.6902 248.4820 15.57809883162708
INSAT-3DS
1 58990U 24033A   26131.56017101 -.00000145  00000+0  00000+0 0  9996
2 58990   0.0673 257.4675 0001488 155.1867 100.4448  1.00271781 46704
GAOFEN-11 01
1 43585U 18063A   26131.61530644  .00014060  00000+0  21697-3 0  9993
2 43585  97.1312 198.6238 0005579 105.4682 254.7189 15.54228246434667
STARLINK-1953
1 47554U 21009G   23362.49484508  .00005532  00000+0  39011-3 0  9996
2 47554  53.0555  32.8027 0001674  98.0356 262.0823 15.06386997160353
COSMOS 2502
1 40358U 14086A   26131.65181934  .00000396  00000+0  33251-3 0  9993
2 40358  67.1515  96.2073 0008573 266.7842  93.2263 13.97819297578845
GAOFEN-11 01
1 43585U 18063A   26131.61530644  .00014060  00000+0  21697-3 0  9993
2 43585  97.1312 198.6238 0005579 105.4682 254.7189 15.54228246434667
CENTAURI-4 (TYVAK-0211)
1 48898U 21059V   24148.95098348  .03329189  26060-5  83585-3 0  9995
2 48898  97.5976 312.0936 0012462 266.3397  93.6471 16.28826922163104
NAVSTAR 43 (USA 132)
1 24876U 97035A   26131.30665943  .00000063  00000+0  00000+0 0  9997
2 24876  55.9759 100.0164 0100612  56.3420 304.5997  2.00563849211212
SWIFT
1 28485U 04047A   26131.25221026  .00032309  00000+0  30641-3 0  9998
2 28485  20.5520 109.0164 0002856 166.0347 194.0177 15.64900237181064
FGRST (GLAST)
1 33053U 08029A   26131.23072578  .00001894  00000+0  63004-4 0  9998
2 33053  25.5815 101.0434 0007806 249.1802 110.7900 15.23739033990194
AURA
1 28376U 04026A   26131.55857171  .00000488  00000+0  10868-3 0  9995
2 28376  98.3396  87.7158 0001685  77.1285 283.0104 14.61271531160862
GOES 19
1 60133U 24119A   26131.52335414 -.00000237  00000+0  00000+0 0  9991
2 60133   0.0270 125.8446 0000357 335.5683 241.1213  1.00267651  6594
MALLIGYONG-1
1 58400U 23179A   26131.62757802  .00001933  00000+0  86488-4 0  9992
2 58400  97.3065  14.2037 0009289 147.0572 213.1245 15.22427119137193
ASTEX 1
1 05560U 71089A   26131.37997891  .00000258  00000+0  65607-4 0  9999
2 05560  92.7026 171.9983 0013770 226.6836 133.3223 14.50823563871395
TANAGER-1
1 60507U 24149AR  26131.23642985  .00008893  00000+0  19332-3 0  9998
2 60507  97.3198 225.3560 0006086  82.2153 277.9787 15.44548770 97335
SENTINEL-2C
1 60989U 24157A   26131.45926539  .00000075  00000+0  45173-4 0  9992
2 60989  98.5695 206.7586 0001519  92.5661 267.5695 14.30819358 87732
LAPAN-A2 (IO-86)
1 40931U 15052B   25151.18580175  .00001241  00000+0  78118-4 0  9995
2 40931   6.0006  24.0987 0012733 338.8432  21.1169 14.78805930523047
BLUEWALKER-3
1 53807U 22111AL  26131.46493408  .00003276  00000+0  97208-4 0  9998
2 53807  53.2286 206.3072 0007349  66.4423 293.7353 15.37828048204553
TURKMENALEM52E/MONACOSAT
1 40617U 15023A   26131.47726506  .00000114  00000+0  00000+0 0  9993
2 40617   0.0556  93.2108 0003057 319.1348  40.7646  1.00273273 40481
BEIDOU-3 M17
1 43706U 18093A   26131.35359073  .00000068  00000+0  00000+0 0  9991
2 43706  54.1670 183.5464 0009481 290.8488 131.5748  1.86228417 50853
IRIDIUM 122
1 42957U 17061C   26131.22549491  .00000009  00000+0 -36906-5 0  9999
2 42957  86.3991  40.6341 0002190  85.3846 274.7600 14.34217550449486
GSAT0201 (GALILEO 5)
1 40128U 14050A   26130.14893984 -.00000041  00000+0  00000+0 0  9997
2 40128  48.9172 274.9945 1668713 177.9066 182.9069  1.85519992 77611
GSAT0212 (GALILEO 16)
1 41860U 16069B   26128.88424573  .00000050  00000+0  00000+0 0  9994
2 41860  55.4727 102.1679 0004704 343.9510  16.0107  1.70474213 58981
SKYTERRA 1
1 37218U 10061A   26131.51727869 -.00000106  00000+0  00000+0 0  9993
2 37218   5.0477  50.8712 0003119  17.1545 246.1856  1.00272377 56828
NUSAT-26 (M SOMERVILLE)
1 52184U 22033AD  26131.56741822  .00013897  00000+0  33913-3 0  9997
2 52184  97.2350 210.9700 0006034  31.9811 328.1801 15.40956091 99060
LEMUR-2-STELLA
1 60533U 24149BT  26131.46943818  .00006228  00000+0  37683-3 0  9990
2 60533  97.6730 213.7899 0001964 123.4462 236.6955 15.10996180 94955
COSMOS 2564 [GLONASS-M]
1 54377U 22161A   26130.70035921  .00000044  00000+0  00000+0 0  9993
2 54377  64.7391 193.9557 0011475 221.7526 138.2313  2.13102005 26834
INTEGRAL
1 27540U 02048A   26104.44928421  .00000076  00000+0  00000+0 0  9990
2 27540  90.3648 350.3238 8677917 262.2218 199.2355  0.37572165 26392
O3B FM6
1 40081U 14038C   26131.29906648 -.00000013  00000+0  00000+0 0  9999
2 40081   0.0505 351.6133 0002635  57.3489 311.0630  5.00115688215982
CRYOSAT 2
1 36508U 10013A   26131.62273758  .00000061  00000+0  14337-4 0  9998
2 36508  92.0313 268.4225 0002621  87.4540 272.6967 14.51897977852776
COSMOS 2251 DEB
1 34454U 93036SX  26104.90836000  .00000369  00000+0  12711-3 0  9992
2 34454  74.0591  50.7644 0033864  85.2864 275.2156 14.39005658898397
CXO
1 25867U 99040B   26132.35181578  .00000778  00000+0  00000+0 0  9992
2 25867  55.5870 117.7083 7898886 310.4213   0.0914  0.37804510 17184
STARLINK-2169
1 47752U 21017AG  26131.62845790  .00069634  00000+0  99820-3 0  9998
2 47752  53.1561 264.6844 0003157 331.0675  29.0161 15.55542832287627
PANDORA
1 67395U 26004AJ  26131.45507532  .00000534  00000+0  64049-4 0  9994
2 67395  97.8041 130.6871 0003803 242.6910 117.3920 14.88007515 17814
KEPLER-16 (ASTRAEUS)
1 51057U 22002CB  23361.73878944  .00011196  00000+0  42995-3 0  9998
2 51057  97.4160  66.5425 0004556 285.3284  74.7451 15.26610701108205
MOLNIYA 3-50
1 25847U 99036A   26102.22868528  .00000498  00000+0  00000+0 0  9994
2 25847  63.5111 162.3652 6754335 277.5683  16.2352  2.00596791196094
RASSVET-3 12
1 68371U 26061M   26131.51009633 -.00099831  00000+0 -67824-3 0  9991
2 68371  82.2952  53.5860 0005732 289.5874  70.4771 15.75158811  7748
IRIDIUM 142
1 43256U 18030H   26131.41185731  .00000055  00000+0  12747-4 0  9999
2 43256  86.3930 305.7362 0002101  84.5568 275.5868 14.34218807424860
GSAT0226 (GALILEO 31)
1 61183U 24167B   26129.37367709  .00000007  00000+0  00000+0 0  9996
2 61183  55.1952 222.3860 0002061 204.4446 154.7726  1.70474572 10183
ASTRA 1P (SES-24)
1 60086U 24115A   26131.32821764  .00000131  00000+0  00000+0 0  9992
2 60086   0.0780  41.1036 0001354 283.4312  41.9528  1.00273004  6820
STARLINK-37410
1 68823U 26089X   26131.57241012  .00062974  00000+0  41977-3 0  9995
2 68823  97.2850 337.5810 0001390 100.0468 260.0955 15.75200687  2931
STARLINK-31655
1 59257U 24050D   26038.07035823  .13160939  11955-4  34805-2 0  9995
2 59257  53.1187 260.8923 0006541 234.9520 125.0909 16.27638628106727
TIANZHOU-5
1 54237U 22152A   23254.45785220  .00008289  00000+0  10000-3 0  9992
2 54237  41.4729 351.1923 0010507  16.0668  87.6170 15.60885925 47430
SENTINEL-1A
1 39634U 14016A   26131.61322929  .00000210  00000+0  54161-4 0  9997
2 39634  98.1796 139.6789 0001404  82.0467 278.0892 14.59200053644689
GOES 18
1 51850U 22021A   26131.52197606  .00000000  00000+0  00000+0 0  9993
2 51850   0.0157  66.9500 0000394  56.7514 156.5181  1.00269574  6225
STARLINK-1008
1 44714U 19074B   26131.57346195  .00011800  00000+0  24102-3 0  9995
2 44714  53.1541 243.4554 0001750  19.1561 340.9513 15.46645914358549
STARCLOUD-1
1 66303U 25248L   26131.24955978  .00004078  00000+0  19361-3 0  9992
2 66303  45.4014 318.5846 0005825 202.7386 157.3243 15.20916097 28916
METEOR-M2 4
1 59051U 24039A   26131.60552933 -.00000001  00000+0  19166-4 0  9992
2 59051  98.6990  91.3685 0005924 277.8920  82.1586 14.22425687114063
ICESAT-2
1 43613U 18070A   26131.55221777  .00001894  00000+0  68690-4 0  9996
2 43613  92.0036 281.0928 0001751 112.5609 247.5826 15.28267211426862
GPS BIIF-12
1 41328U 16007A   26130.97252754  .00000042  00000+0  00000+0 0  9999
2 41328  55.5019  90.9342 0096128 247.2269 111.7395  2.00553487 75092
GPS BIIR-16M
1 29601U 06052A   26128.53082923  .00000000  00000+0  00000+0 0  9990
2 29601  54.9408 215.5782 0086081  90.4403 270.5959  2.00555977142614
NAVSTAR 65 (USA 213)
1 36585U 10022A   26131.56669771  .00000019  00000+0  00000+0 0  9990
2 36585  54.2743 210.0374 0126478  66.1083 297.4696  2.00560608116865
GPS BIIF-7
1 40105U 14045A   26131.15738155  .00000039  00000+0  00000+0 0  9992
2 40105  55.3298  89.9395 0032007 118.8352 241.4695  2.00555966 85335
GSAT0101 (GALILEO-PFM)
1 37846U 11060A   26129.13386752 -.00000065  00000+0  00000+0 0  9991
2 37846  57.0080 342.8206 0003847  35.7476 324.3172  1.70475815 90457
COSMO-SKYMED 1
1 31598U 07023A   26131.57282103  .00001057  00000+0  97242-4 0  9999
2 31598  97.8868 323.1248 0001381  82.3830 277.7548 14.96926744 24316
NAVSTAR 62 (USA 201)
1 32711U 08012A   26131.24306918  .00000104  00000+0  00000+0 0  9994
2 32711  54.4911 151.4008 0210278 247.3353 110.4826  2.00571452133012
GPS BIIR-04 (PRN 20)
1 26360C 00025A   08002.69761574  .00000000  00000-0  00000-0 0 43638
2 26360  54.4018 298.5953 0032136  72.1030 333.8053  2.00564681    18
GPS BIIF-9
1 40534U 15013A   26131.16585397  .00000021  00000+0  00000+0 0  9994
2 40534  53.1716 205.7089 0108950  40.0129 320.8457  2.00553594 81080
COSMOS 2527 [GLONASS-M]
1 43508U 18053A   26130.54369303  .00000017  00000+0  00000+0 0  9998
2 43508  65.5577  75.1624 0008138 246.6056 113.2982  2.13102285 61479
YUNHAI-1 02
1 44547U 19063A   26131.53633798  .00000221  00000+0  96784-4 0  9992
2 44547  98.4135 143.0466 0004438 261.8928  98.1753 14.32681293346628
METOP-C
1 43689U 18087A   26131.53684953  .00000056  00000+0  45268-4 0  9999
2 43689  98.6664 191.8059 0000239  99.3282 260.7922 14.21501803389622
STARLINK-1132
1 45044U 20006A   26131.56016065  .00061950  00000+0  10120-2 0  9993
2 45044  53.1538 314.1181 0001117 122.7385 237.3733 15.51994852346663
IRIDIUM 144
1 43249U 18030A   26131.39281780  .00000047  00000+0  97607-5 0  9999
2 43249  86.3931 305.7941 0002120  86.9216 273.2223 14.34217772424863
BEESAT-1
1 35933U 09051C   26131.48647191  .00000510  00000+0  11231-3 0  9997
2 35933  98.3987  38.4455 0005156 356.8811   3.2357 14.61658653883821
IRIDIUM 144
1 43249U 18030A   26131.39281780  .00000047  00000+0  97607-5 0  9999
2 43249  86.3931 305.7941 0002120  86.9216 273.2223 14.34217772424863
BEESAT-1
1 35933U 09051C   26131.48647191  .00000510  00000+0  11231-3 0  9997
2 35933  98.3987  38.4455 0005156 356.8811   3.2357 14.61658653883821
CALIPSO
1 29108U 06016B   26105.16781536  .00000590  00000+0  10906-3 0  9996
2 29108  98.4509 118.6797 0001775  99.4388 260.7017 14.69231416 63804
TERRASAR-X
1 31698U 07026A   26131.43723010  .00000251  00000+0  15135-4 0  9991
2 31698  97.4451 139.6664 0001818  96.7437 263.4004 15.19149493 47644
COSMO-SKYMED 2
1 32376U 07059A   26131.63785561  .00000253  00000+0  38288-4 0  9998
2 32376  97.8886 315.7662 0001453  89.9661 270.1718 14.82155113996585
SENTINEL-3B
1 43437U 18039A   26131.16113854  .00000055  00000+0  40727-4 0  9997
2 43437  98.6260 199.2211 0001481  81.6914 278.4435 14.26738136418841
PRSC-E03
1 68835U 26092A   26131.53575050  .00001844  00000+0  12976-3 0  9996
2 68835  38.0018 305.7782 0002929  94.5203 265.5893 15.06498544  2421
SENTINEL-3A
1 41335U 16011A   26131.60877092  .00000049  00000+0  38345-4 0  9996
2 41335  98.6260 199.5142 0001064 105.5715 254.5584 14.26735642532840
METOP-A
1 29499U 06044A   26105.15291877  .00000813  00000+0  10125-3 0  9994
2 29499  98.3266 209.9112 0173308 270.3333 218.0679 14.75698121 16156
GSAT-30
1 45026U 20005A   26131.56017101 -.00000154  00000+0  00000+0 0  9997
2 45026   0.0683  90.3153 0003120 348.2591  75.4413  1.00271094 23143
GRACE-FO 1
1 43476U 18047A   26131.59697506  .00002428  00000+0  64048-4 0  9995
2 43476  88.9948 202.9797 0008040 246.3802 113.6610 15.38012679444175
GRACE-FO 2
1 43477U 18047B   26131.59729945  .00002443  00000+0  64430-4 0  9991
2 43477  88.9948 202.9797 0008025 246.2763 113.7650 15.38013400444172
FLOCK 4E'-1
1 46813U 20077A   23302.14587811  .00276166  00000+0  24305-2 0  9996
2 46813  97.3442  10.8172 0003117  36.0675 324.0796 15.67905174166987
ASTRA 1KR
1 29055U 06012A   26131.54190242  .00000131  00000+0  00000+0 0  9993
2 29055   0.3781  82.9017 0003491 329.3100  31.2209  1.00273982 45327
IRIDIUM 161
1 43478U 18047C   26131.49298097  .00000239  00000+0  64908-4 0  9991
2 43478  86.4457 103.8146 0002209  93.4246 266.7207 14.43279510419848
RISAT-2B
1 44233U 19028A   26131.57843368  .00001777  00000+0  14105-3 0  9998
2 44233  36.9964 211.1939 0003999 104.3526 255.7661 15.01480685382320
ONEWEB-0156
1 48052U 21025L   26131.09584615 -.00000064  00000+0 -20908-3 0  9993
2 48052  87.8956 327.6062 0001657  91.5759 268.5560 13.13470599248700
SES-1
1 36516U 10016A   26131.61664606 -.00000103  00000+0  00000+0 0  9990
2 36516   0.0166 304.7057 0002713 109.5087 296.1913  1.00272010 58664
OCO 2
1 40059U 14035A   26131.55418270  .00000238  00000+0  62869-4 0  9993
2 40059  98.2002  73.4101 0001340  88.4976 271.6376 14.57079904630712
COSMO-SKYMED 3
1 33412U 08054A   26131.61981029  .00002642  00000+0  18173-3 0  9995
2 33412  97.8327 349.5821 0016567  34.4213 325.8083 15.06714149951434
MAGNARO-II PISCIS
1 68798U 26088G   26131.40236438  .00002208  00000+0  14511-3 0  9991
2 68798  97.5024 281.6590 0018630 202.9954 157.0443 15.08500225  2753
COSMOS 2428
1 31792U 07029A   26131.54230261 -.00000251  00000+0 -10909-3 0  9997
2 31792  70.9398  71.4125 0008241 201.9724 158.1045 14.12940442972979
DISCO-2
1 68431U 26067R   26131.35312332  .00004421  00000+0  21743-3 0  9998
2 68431  97.4579  90.4113 0004201 108.1224 252.0468 15.18528544  6352
HAWK-8A
1 59443U 24066B   26131.25816268  .00001017  00000+0  10144-3 0  9995
2 59443  45.5939 107.5413 0003708 234.2120 125.8417 14.98991220114295
CARTOSAT-2D
1 41948U 17008A   26131.60446698  .00002272  00000+0  11111-3 0  9998
2 41948  97.4131 191.5873 0005065  23.3914 336.7551 15.19213587512027
YAOGAN-10
1 36834U 10038A   26131.64379821  .00001597  00000+0  19252-3 0  9992
2 36834  97.9007 155.3388 0001477  91.4149  14.0852 14.85236027851785
EMISAT
1 44078U 19018A   26131.61916624  .00000360  00000+0  11876-3 0  9994
2 44078  98.4665 190.6149 0017934 331.7749  28.2467 14.43670590374788
ASTROCAST 0.1
1 43798U 18099AS  26131.48619776  .00021471  00000+0  42439-3 0  9998
2 43798  97.4385 208.9095 0004024   7.3278 352.8030 15.47140781408752
METEOR 2-1 DEB
1 57492U 75064F   26100.17589507  .00005833  00000+0  23077-2 0  9999
2 57492  81.2737  67.3172 0005313 299.8295  60.2358 14.28846084393272
DONGPO 09
1 54685U 22167D   26131.66522066  .00007229  00000+0  21192-3 0  9999
2 54685  97.6876 301.0731 0001412 228.1503 131.9619 15.35522842189844
YAM-3
1 48915U 21059AN  26131.28899010  .00007724  00000+0  15102-3 0  9995
2 48915  97.7001 315.8592 0006482 122.9727 237.2146 15.47734229271285
LINGQIAO VIDEO B
1 40960U 15057C   26131.63155116  .00000934  00000+0  13766-3 0  9999
2 40960  97.6592 129.4136 0017900  32.8709 327.3612 14.77446915570050
DONGPO 08
1 54686U 22167E   26131.64807056  .00006112  00000+0  19473-3 0  9992
2 54686  97.6837 298.4039 0006975 300.2680  59.7870 15.32926340189720
2018-102D
1 43834U 18102D   26105.22997897  .00035384  00000+0  44018-3 0  9993
2 43834  97.3450 191.9000 0003555 281.2946  78.7911 15.59877666407411
CARTOSAT-3
1 44804U 19081A   26131.60286694  .00002130  00000+0  10434-3 0  9993
2 44804  97.4325 194.0524 0011037 280.9537  79.0456 15.19192200357919
PIAST-S1
1 66749U 25276CM  26131.15005444  .00003849  00000+0  18255-3 0  9997
2 66749  97.4200 205.4092 0004009  99.3474 260.8214 15.19872222 24803
SIGI
1 62632U 25009Z   26131.56739959  .00003732  00000+0  15601-3 0  9991
2 62632  97.4005 212.2103 0004884  86.9489 273.2308 15.24216492 73220
EMISAR
1 68427U 26067M   26131.34860484  .00005647  00000+0  27512-3 0  9999
2 68427  97.4524  90.3884 0003824 100.9463 259.2202 15.18738689  6354
PIAST-S2
1 66757U 25276CV  26131.45618994  .00003297  00000+0  15579-3 0  9992
2 66757  97.4223 205.8148 0003210  89.5395 270.6208 15.20104955 24859
PIAST-M
1 66758U 25276CW  26131.46683285  .00003183  00000+0  15139-3 0  9995
2 66758  97.4193 205.7371 0002750  93.3237 266.8313 15.19896302 24855
PIAST-S2
1 66757U 25276CV  26131.45618994  .00003297  00000+0  15579-3 0  9992
2 66757  97.4223 205.8148 0003210  89.5395 270.6208 15.20104955 24859
PIAST-M
1 66758U 25276CW  26131.46683285  .00003183  00000+0  15139-3 0  9995
2 66758  97.4193 205.7371 0002750  93.3237 266.8313 15.19896302 24855
GAOFEN-3
1 41727U 16049A   26131.59106788  .00000054  00000+0  29708-4 0  9996
2 41727  98.4028 139.9290 0000968  73.5622 286.5674 14.42210607513379
GAOFEN-3 03
1 52200U 22035A   26131.59813209  .00000098  00000+0  42875-4 0  9997
2 52200  98.4080 140.7086 0001051  70.3557 289.7746 14.42219088215572
GAOFEN-3 02
1 49495U 21109A   26131.62543323  .00000039  00000+0  25080-4 0  9995
2 49495  98.4106 140.2407 0003968  94.4244 265.7399 14.42212259235049
CSS (MENGTIAN)
1 54216U 22143A   26131.49630320  .00032325  00000+0  36027-3 0  9995
2 54216  41.4667 185.1700 0004284 287.6488  72.3883 15.62123975286986
ONEWEB-0012
1 44057U 19010A   26131.54664858 -.00000008  00000+0 -54226-4 0  9992
2 44057  87.9098 236.0596 0002405  99.2117 260.9286 13.16595803346742
ELO-3
1 56216U 23054AQ  23362.26627311  .00038931  00000+0  11618-2 0  9990
2 56216  97.3804 255.4801 0007202  60.4136  64.8493 15.34501844 39707
FORMOSAT-5
1 42920U 17049A   26131.57106945  .00000084  00000+0  32217-4 0  9998
2 42920  98.2255 207.6930 0011227 189.2099 170.8892 14.50884073461363
SUCHAI-3
1 52191U 22033AL  24146.50949412  .15429445  25297-5  22962-3 0  9997
2 52191  97.2978 240.3180 0016695 271.5522  88.3869 16.47492065120493
YAOGAN-43 01E
1 60462U 24148E   26131.44081792  .00007346  00000+0  30739-3 0  9999
2 60462  34.9942  31.3009 0006140 256.7768 103.2262 15.22848263 96551
STARLINK-31725
1 59538U 24074E   26131.66668981  .00314533  47456-4  70238-3 0  9992
2 59538  42.9828 301.8768 0024019 310.3200 190.5912 15.96476499  5779
STARLINK-30066
1 56704U 23067S   26130.88145293  .00003356  00000+0  13137-3 0  9996
2 56704  43.0046 279.6329 0001382 273.5287  86.5406 15.27598283165211
FENGYUN 1C DEB
1 47100U 99025FBY 26104.01128004  .00003254  00000+0  75008-3 0  9992
2 47100  99.0235 297.7480 0084662 346.5281  13.3653 14.53918501285434
IRNSS-1C
1 40269U 14061A   26131.41214203 -.00000146  00000+0  00000+0 0  9993
2 40269   6.4252  89.6224 0022278 358.4787  12.3741  1.00275173 42321
2023-007A
1 55248U 23007A   23362.45556123  .00018010  00000+0  64322-3 0  9992
2 55248  97.3394  70.5556 0012943  34.1350 326.0719 15.28822377 52903
2022-087A
1 53299U 22087A   23362.46939817  .00019367  00000+0  57281-3 0  9991
2 53299  97.3497  75.5278 0009383 242.0466 117.9828 15.34911285 79225
COSMOS 2524
1 43032U 17076A   26131.67133813  .00000036  00000+0  79208-4 0  9996
2 43032  67.1461 281.3592 0006981 230.3327 129.7143 13.97423995430504
LEMUR-2-ROMEO-N-LEO
1 56206U 23054AE  23362.26012610  .00074867  00000+0  13789-2 0  9998
2 56206  97.3705 257.5910 0009466  41.7914 318.4058 15.48856577 39964
KEPLER-5 (AMIDALA)
1 46498U 20068N   23362.31485275  .00024142  00000+0  10426-2 0  9995
2 46498  97.7833 315.8843 0009015 164.7459 195.4049 15.22464811178588
STARLINK-30066
1 56704U 23067S   26130.88145293  .00003356  00000+0  13137-3 0  9996
2 56704  43.0046 279.6329 0001382 273.5287  86.5406 15.27598283165211
COSMOS 2524
1 43032U 17076A   26131.67133813  .00000036  00000+0  79208-4 0  9996
2 43032  67.1461 281.3592 0006981 230.3327 129.7143 13.97423995430504
FENGYUN 1C DEB
1 47100U 99025FBY 26104.01128004  .00003254  00000+0  75008-3 0  9992
2 47100  99.0235 297.7480 0084662 346.5281  13.3653 14.53918501285434
IRNSS-1C
1 40269U 14061A   26131.41214203 -.00000146  00000+0  00000+0 0  9993
2 40269   6.4252  89.6224 0022278 358.4787  12.3741  1.00275173 42321
2023-007A
1 55248U 23007A   23362.45556123  .00018010  00000+0  64322-3 0  9992
2 55248  97.3394  70.5556 0012943  34.1350 326.0719 15.28822377 52903
2022-087A
1 53299U 22087A   23362.46939817  .00019367  00000+0  57281-3 0  9991
2 53299  97.3497  75.5278 0009383 242.0466 117.9828 15.34911285 79225
LEMUR-2-ROMEO-N-LEO
1 56206U 23054AE  23362.26012610  .00074867  00000+0  13789-2 0  9998
2 56206  97.3705 257.5910 0009466  41.7914 318.4058 15.48856577 39964
KEPLER-5 (AMIDALA)
1 46498U 20068N   23362.31485275  .00024142  00000+0  10426-2 0  9995
2 46498  97.7833 315.8843 0009015 164.7459 195.4049 15.22464811178588
2023-007B
1 55249U 23007B   23362.48112749  .00027510  00000+0  80812-3 0  9995
2 55249  97.3398  72.5224 0008157  74.5180 285.6964 15.35065360 53039
BEIDOU-3 IGSO-3
1 44709U 19073A   26120.85038409 -.00000212  00000+0  00000+0 0  9996
2 44709  54.8842 281.4069 0042404 188.8195 170.9972  1.00251230 23982
OUTPOST MISSION 2
1 58334U 23174CG  26131.58240385  .00022548  00000+0  33619-3 0  9993
2 58334  97.3955 223.2268 0004864 239.3103 120.7673 15.55086973140135
2023-007C
1 55250U 23007C   23362.45870291  .00049984  00000+0  11467-2 0  9995
2 55250  97.3342  73.4216 0007471 106.5822 253.6247 15.42543003 53108
ELECTRON KICK STAGE R/B
1 57694U 23126B   23265.41277972  .00003108  00000+0  48220-3 0  9992
2 57694  53.0119 163.9829 0010179  12.7031 347.4199 14.75618947  4342
FORMOSAT 7-1
1 44349U 19036L   26131.43894294  .00001902  00000+0  13801-3 0  9996
2 44349  23.9978 280.1096 0001051  97.6204 262.4416 14.96352612379143
NINGXIA-1 7
1 49019U 21064B   26131.59048272 -.00000119  00000+0  74770-5 0  9997
2 49019  45.0036  32.6630 0006435  56.4399 303.7052 14.08545631249087
STARLINK-11167 [DTC]
1 60061U 24113C   26131.03905131  .00005819  00000+0  52917-4 0  9999
2 60061  53.1585 243.8704 0001101 103.1548 256.9593 15.69680440109658
STARLINK-1272
1 45386U 20019AC  26131.36882547  .00033300  00000+0  31418-3 0  9992
2 45386  53.0397 163.4706 0008474   5.8630 354.2483 15.66716400340324
LEMUR-2-RUAIRI-EILIDH
1 47511U 21006DC  24079.15958557  .03793794  24067-5  16223-2 0  9996
2 47511  97.3265 148.8974 0012278 265.3842  94.6046 16.22611763175482
YAOGAN-43 01E
1 60462U 24148E   26131.44081792  .00007346  00000+0  30739-3 0  9999
2 60462  34.9942  31.3009 0006140 256.7768 103.2262 15.22848263 96551
HAWK-C
1 43799U 18099AT  26131.38514049  .00005547  00000+0  20341-3 0  9999
2 43799  97.3924 184.8425 0042212  57.4704 303.0603 15.27541663408296
KSF2-D
1 52190U 22033AK  23339.93111212  .15945136  25039-5  34597-3 0  9996
2 52190  97.3117  69.7664 0010036 278.7108  81.3058 16.46070729 94288
STARLINK-31725
1 59538U 24074E   26131.66668981  .00314533  47456-4  70238-3 0  9992
2 59538  42.9828 301.8768 0024019 310.3200 190.5912 15.96476499  5779
FLOCK 4S-9
1 47478U 21006BT  23361.74354489  .00025783  00000+0  70399-3 0  9993
2 47478  97.3597  59.4089 0005756 114.3364 245.8483 15.37382996162367
YAOGAN-43 01E
1 60462U 24148E   26131.44081792  .00007346  00000+0  30739-3 0  9999
2 60462  34.9942  31.3009 0006140 256.7768 103.2262 15.22848263 96551
RADFXSAT (FOX-1B)
1 43017U 17073E   26131.35531618  .00006092  00000+0  26828-3 0  9993
2 43017  97.4764 359.3364 0154225  95.7355 266.1483 15.12035982459824
SUCHAI-3
1 52191U 22033AL  24146.50949412  .15429445  25297-5  22962-3 0  9997
2 52191  97.2978 240.3180 0016695 271.5522  88.3869 16.47492065120493
TIANQI-6
1 46810U 20076D   26131.50345723  .00002379  00000+0  15765-3 0  9993
2 46810  34.9993 273.5611 0010497 209.5191 150.4927 15.06943341303045
SHIJIAN-20 (SJ-20)
1 44910U 19097A   26131.04807596  .00000149  00000+0  00000+0 0  9998
2 44910   4.8242  75.5055 0011916  51.4426 163.9371  1.00272248 23323
GOES 17
1 43226U 18022A   26131.51146924 -.00000171  00000+0  00000+0 0  9993
2 43226   0.8436  86.2135 0000676 326.4497 271.2842  1.00272208 30055
SAUDISAT 1C (SO-50)
1 27607U 02058C   26131.40363783  .00000664  00000+0  96093-4 0  9990
2 27607  64.5523 242.7840 0075631 269.1895  90.0545 14.82967825259009
ANIK F2
1 28378U 04027A   26131.56114987 -.00000037  00000+0  00000+0 0  9994
2 28378   3.1915  79.9204 0004495 344.7402 255.5864  1.00271883 40892
JILIN-1 GAOFEN 03D11
1 51835U 22019M   26120.68003227  .10481416  25400-5  29601-3 0  9997
2 51835  97.3523 218.5954 0013446 274.5629  85.4137 16.44240475232743
ACS3
1 59588U 24077B   26131.36322894  .00011190  00000+0  86841-2 0  9995
2 59588  97.1734  58.3979 0037615 344.1387  15.8597 13.92276211102913
ISIS 1
1 03669U 69009A   26131.10959555  .00000080  00000+0  57271-4 0  9993
2 03669  88.4423 148.4755 1706371 323.1759  26.3091 11.30427611355587
HXMT (HUIYAN)
1 42758U 17034A   26131.62284046  .00003014  00000+0  15464-3 0  9996
2 42758  43.0171  26.5865 0032959 273.1514  86.5563 15.18138958492105
RUNNER-1 (TYVAK-1005)
1 56953U 23084X   26131.35713244  .00006702  00000+0  18719-3 0  9990
2 56953  97.6183 272.0923 0009262  87.6568 272.5736 15.37025892161943
XRISM
1 57800U 23137A   26131.55939685  .00002659  00000+0  14488-3 0  9998
2 57800  31.0019 236.8019 0007667 314.2609  45.7400 15.12154879147315
ALOS-2
1 39766U 14029A   26131.61742676  .00000801  00000+0  11420-3 0  9998
2 39766  97.9208 229.3038 0001580  89.5573 270.5820 14.79466809646178
SAOCOM 1A
1 43641U 18076A   26131.61284488  .00000578  00000+0  79132-4 0  9999
2 43641  97.8895 318.8922 0001577  85.4852 274.6541 14.82147393410681
ICEYE-X8
1 47510U 21006DB  23362.44055469  .00016357  00000+0  62244-3 0  9991
2 47510  97.3641  54.4014 0007492 124.0674 236.1278 15.26805421162072
ACS3
1 59588U 24077B   26131.36322894  .00011190  00000+0  86841-2 0  9995
2 59588  97.1734  58.3979 0037615 344.1387  15.8597 13.92276211102913
ISIS 1
1 03669U 69009A   26131.10959555  .00000080  00000+0  57271-4 0  9993
2 03669  88.4423 148.4755 1706371 323.1759  26.3091 11.30427611355587
DIWATA-2B
1 43678U 18084H   26131.62266897  .00001887  00000+0  15571-3 0  9993
2 43678  98.1102 326.2650 0012040 297.3967  62.6030 15.00268539410736
SHIYAN-30 01
1 65851U 25222A   26131.41619276  .00000870  00000+0  87490-4 0  9993
2 65851  34.9872 122.3429 0002264 173.0146 187.0590 14.91716181 33543
TEVEL2-8
1 63239U 25052AF  26131.21234259  .00009500  00000+0  32476-3 0  9996
2 63239  97.3982  26.5455 0004106 275.1722  84.9050 15.30482651 64367
SHIYAN-30 02
1 65852U 25222B   26131.41544278  .00000858  00000+0  86345-4 0  9997
2 65852  34.9957 122.4717 0002976 180.2247 179.8457 14.91707606 33522
MONITOR-3 (RS58S)
1 57180U 23091Q   26131.57760525  .00006453  00000+0  24525-3 0  9994
2 57180  97.5106 194.7730 0010931 222.1565 137.8834 15.27096569158704
SHIYAN-12 01 (SY-12 01)
1 50321U 21129A   26130.78857104 -.00000183  00000+0  00000+0 0  9999
2 50321   3.5777  80.3980 0002863 281.8588 241.5868  1.00057881 16123
SHIYAN-12 02 (SY-12 02)
1 50322U 21129B   26130.77887752  .00000025  00000+0  00000+0 0  9995
2 50322   3.5776  80.4093 0001348  37.9941  90.0739  1.00477965 16122
MONITOR-4 (RS57S)
1 57182U 23091S   26131.55893869  .00006065  00000+0  23004-3 0  9992
2 57182  97.5099 194.7230 0010888 222.6557 137.3837 15.27193336158707
SHIJIAN-23 (SJ-23)
1 55131U 23002A   26130.78580145 -.00000026  00000+0  00000+0 0  9999
2 55131   3.6211  78.7699 0004294 274.4232 330.8564  1.00089567 12131
ICEYE-X16
1 51008U 22002AA  23362.42856112  .00031313  00000+0  95380-3 0  9993
2 51008  97.4149  68.7598 0005633 271.0358  89.0239 15.33910810108401
ICEYE-X12
1 48914U 21059AM  23362.42981525  .00016602  00000+0  78320-3 0  9992
2 48914  97.6141 134.5462 0001769 318.3531  41.7569 15.19543383138486
UTMN 2 (RS27S)
1 57203U 23091AP  26131.53859138  .00007976  00000+0  26753-3 0  9991
2 57203  97.5107 198.2756 0007932 197.9237 162.1726 15.31141391158935
SAKHACUBE-CHOLBON (RS1*)
1 67290U 25313AU  26131.46957298  .00006102  00000+0  25291-3 0  9991
2 67290  97.3937 206.9812 0010874 122.4487 237.7803 15.24203678 20381
FENGYUN 3D
1 43010U 17072A   26131.57083532 -.00000154  00000+0 -51071-4 0  9990
2 43010  99.0109 105.3365 0002108 123.6073 236.5304 14.19730630439793
UMKA 1 (RS40S)
1 57172U 23091G   26131.57154615  .00003733  00000+0  17432-3 0  9999
2 57172  97.5076 190.4170 0011457 243.3034 116.7028 15.20393322158444
RS-44 & BREEZE-KM R/B
1 44909U 19096E   26131.10347561  .00000010  00000+0 -10444-5 0  9990
2 44909  82.5243   4.3509 0216604 230.9343 127.2312 12.79748087297601
RSP-03
1 65732U 98067XL  26047.15751462  .08209638  12383-4  92064-3 0  9994
2 65732  51.6063 155.3995 0006813 323.5269  36.5291 16.36188855 23531
TEVEL2-3
1 63218U 25052J   26131.43054124  .00010712  00000+0  34172-3 0  9990
2 63218  97.3921  27.4182 0000872 206.8477 153.2720 15.32687775 64469
DIWATA-2B
1 43678U 18084H   26131.62266897  .00001887  00000+0  15571-3 0  9993
2 43678  98.1102 326.2650 0012040 297.3967  62.6030 15.00268539410736
MONITOR-4 (RS57S)
1 57182U 23091S   26131.55893869  .00006065  00000+0  23004-3 0  9992
2 57182  97.5099 194.7230 0010888 222.6557 137.3837 15.27193336158707
TEVEL2-1
1 63217U 25052H   26131.49996365  .00010286  00000+0  32871-3 0  9997
2 63217  97.3918  27.4701 0000897 204.0398 156.0802 15.32640774 64471
HADES-ICM
1 63492U 25052BN  26131.27753768  .00648393  17188-3  19229-2 0  9992
2 63492  97.3763  35.2336 0008532 169.1734 190.9726 15.92461864 64967
HUANJING 1B (HJ-1B)
1 33321U 08041B   26131.63975584  .00000024  00000+0  92371-5 0  9997
2 33321  97.6517 122.1782 0035160 305.2292  54.5632 14.83251399952994
DELFI-PQ
1 51074U 22002CU  24005.88590013  .06428701  24679-5  17824-2 0  9993
2 51074  97.4068  91.1407 0008956 287.4539  72.5774 16.27848290110484
OP15 FLT2 (TYVAK-0821)
1 52735U 22057D   24252.65078743  .04710787  25610-5  14953-2 0  9990
2 52735  97.5512  30.3296 0013102 277.1894  82.7908 16.26154413127974
JILIN-1 GAOFEN 3B
1 46454U 20065A   26117.01126189  .16184280  25073-5  18480-3 0  9997
2 46454  97.1995 178.0186 0011164 251.7622 108.2468 16.49777179312423
LEMUR-2-BEAUDACIOUS
1 44085U 19018H   23180.17118463  .04461230  23754-5  12005-2 0  9991
2 44085  97.2245 249.1901 0014414 255.4875 104.4819 16.27978719237015
ZIYUAN 3-02 (ZY 3-02)
1 41556U 16033A   26131.62012336  .00003449  00000+0  15627-3 0  9993
2 41556  97.3840 208.0932 0013850  66.9951 293.2744 15.21439463552428
ZIYUAN 3-03 (ZY 3-03)
1 45939U 20051A   26131.61577343  .00003497  00000+0  15848-3 0  9998
2 45939  97.2846 200.5186 0007184  80.9119 279.2930 15.21469783321787
ZY-1 02E
1 50465U 21131A   26131.62139553  .00000264  00000+0  10680-3 0  9994
2 50465  98.4429 209.4857 0000697 135.3294 224.7948 14.35415673229178
HADES
1 51080U 22002DA  23361.46352837  .00061090  00000+0  13253-2 0  9994
2 51080  97.4382  74.2272 0006731 292.5054  67.5481 15.44163905108544
LUDI TANCE 1-01A (L-SA*)
1 51284U 22007A   26131.60969706  .00000350  00000+0  43656-4 0  9992
2 51284  97.8092 139.5509 0001616  90.9838 269.1564 14.88412247233035
JY1SAT (JO-97)
1 43803U 18099AX  26131.15127351  .00010391  00000+0  33361-3 0  9995
2 43803  97.4154 193.8880 0006563  56.1584 304.0282 15.32471929407953
FOSSASAT-2E3
1 50990U 22002G   23251.84180079  .09150295  24413-5  27290-2 0  9991
2 50990  97.3351 329.6967 0016744 284.4245  75.5189 16.26701966 92297
GAOFEN-2
1 40118U 14049A   26131.62176188  .00000874  00000+0  12005-3 0  9993
2 40118  98.0125 195.8607 0007419   3.8032 356.3235 14.80862435633824
FLOCK 4V-14
1 46286U 20061Q   24324.73006425  .13633800  23754-5  13272-2 0  9994
2 46286  97.3185  43.3916 0008029 316.5057  43.5608 16.38351487234194
EASAT-2
1 51081U 22002DB  23361.99504785  .00057714  00000+0  12258-2 0  9996
2 51081  97.4367  74.8150 0006787 288.8526  71.1986 15.44806084108635
FENGYUN 3C
1 39260U 13052A   26131.64680784  .00000047  00000+0  44685-4 0  9998
2 39260  98.4962 107.2046 0015590 125.7464 234.5163 14.15746371653398
COSMOS 2542
1 44797U 19079A   23297.23228983  .16154547  26690-5  82721-3 0  9991
2 44797  97.6189  44.3452 0008269 277.8821 166.3779 16.42095543216406
GAOFEN-8
1 40701U 15030A   26131.62989725  .00012894  00000+0  27837-3 0  9995
2 40701  97.6931 322.8432 0008160 332.8445  27.2375 15.44649078605800
LUDI TANCE 1-01B (L-SA*)
1 51822U 22018A   26131.64329720  .00000389  00000+0  47851-4 0  9995
2 51822  97.8099 139.5795 0001583  92.1175 268.0223 14.88413098228273
FLOCK 4V-6
1 46289U 20061T   23361.71987693  .00038500  00000+0  13657-2 0  9992
2 46289  97.3871  68.4173 0002429 126.1226 234.0239 15.28963259183355
VIZARD-METEO (RS38S)
1 57189U 23091Z   26131.58615972  .00010182  00000+0  30340-3 0  9995
2 57189  97.5109 200.3698 0007534 189.7282 170.3816 15.34852395159070
GAOFEN-7
1 44703U 19072A   26131.63108816  .00002505  00000+0  11455-3 0  9993
2 44703  97.2449 194.4677 0017210 158.9421 201.2527 15.21313228362080
GAOFEN-1
1 39150U 13018A   26131.60418947  .00000206  00000+0  36753-4 0  9998
2 39150  97.9099 204.4124 0017762  28.3297 331.8875 14.76534736702846
TEVEL2-7
1 63238U 25052AE  26131.59678271  .00009782  00000+0  33405-3 0  9997
2 63238  97.3984  26.9503 0004097 272.0228  88.0544 15.30507893 64428
FLOCK 4V-5
1 46290U 20061U   23361.86953107  .00216572  00000+0  31807-2 0  9997
2 46290  97.3716  68.6053 0000840 285.2238  74.8923 15.54734614183393
2021-050D
1 48843U 21050D   26105.19610365  .00003333  00000+0  14592-3 0  9995
2 48843  97.3363 182.6905 0007145 120.3089 239.8855 15.22694809269374
2025-292C
1 66995U 25292C   26131.49324123  .00003706  00000+0  25601-3 0  9998
2 66995  97.6315 207.5861 0016154 120.8582 239.4237 15.06270763 22922
ZIYUAN 3-01 (ZY 3-01)
1 38046U 12001A   26081.01541948  .12161018  24301-5  28269-3 0  9999
2 38046  97.1345 157.1435 0011085 256.3350 103.6719 16.45573094790699
STARLINK-4518
1 53550U 22101Z   26038.82753975  .06506647  12306-4  62622-3 0  9990
2 53550  53.2002 174.8226 0005344 288.9680  71.0788 16.37628913192794
GAOFEN-6
1 43484U 18048A   26131.61393025  .00000939  00000+0  14149-3 0  9998
2 43484  97.7774 195.6339 0010690 297.5198  62.4926 14.76589659427999
HJ-2A
1 46478U 20067A   26131.63939785  .00000462  00000+0  73348-4 0  9997
2 46478  97.8821 210.8726 0004289  42.6829 317.4714 14.76564483302860
PLEIADES NEO 3
1 48268U 21034A   26131.65055153  .00000388  00000+0  55973-4 0  9992
2 48268  97.8930 206.9417 0001427  94.6251 265.5125 14.81674777272241
NORSAT-TD
1 56194U 23054S   23362.43217605  .00015486  00000+0  56442-3 0  9990
2 56194  97.3844 254.9653 0011446  57.1370 303.0970 15.28207509 39783
JILIN-1 GAOFEN 3D05
1 52390U 22046C   26113.09084175  .06587228  25751-5  74642-3 0  9999
2 52390  97.4742 232.3012 0011994 269.9772  90.0151 16.36822737222000
FLOCK 4S-38
1 47512C 21006DD  23256.33907407  .00052261  00000-0  14326-2 0  2569
2 47512  97.3864 315.5526 0006353 138.3824 156.3595 15.37273382    17
ARCTICSAT 1 (RS74S)
1 61762U 24199AD  26131.51183556  .00418763  00000+0  17847-2 0  9991
2 61762  97.2905  12.9443 0003530  80.8390 279.3279 15.84162137132270
QMR-KWT-2 (RS95S)
1 67291U 25313AV  26131.48780609  .00009089  00000+0  36303-3 0  9997
2 67291  97.3938 207.1073 0010583 122.1239 238.1027 15.25312896 20392
EASAT-2
1 51081U 22002DB  23361.99504785  .00057714  00000+0  12258-2 0  9996
2 51081  97.4367  74.8150 0006787 288.8526  71.1986 15.44806084108635
FENGYUN 3C
1 39260U 13052A   26131.64680784  .00000047  00000+0  44685-4 0  9998
2 39260  98.4962 107.2046 0015590 125.7464 234.5163 14.15746371653398
TEVEL2-4
1 63213U 25052D   26131.45503335  .00011586  00000+0  36211-3 0  9996
2 63213  97.3944  27.8163 0001417 178.3891 181.7356 15.33321238 64484
ASRTU-1 (AO-123)
1 61781U 24199AY  26131.60330017  .00005020  00000+0  14901-3 0  9995
2 61781  97.3054   0.6098 0015885  81.8362 278.4682 15.35131057128314
AMICALSAT
1 46287U 20061R   25010.85863821  .11283921  24654-5  56408-3 0  9994
2 46287  97.2840  89.8720 0009935 281.1985  78.8199 16.41970930241877
ZY-1 02D
1 44528U 19059A   26131.61377760  .00000271  00000+0  10890-3 0  9997
2 44528  98.3204 194.3897 0000701 161.8712 198.2500 14.35449228349098
CSS (WENTIAN)
1 53239U 22085A   26131.49630320  .00032325  00000+0  36027-3 0  9994
2 53239  41.4667 185.1700 0004284 287.6488  72.3883 15.62123975286250
TEVEL2-5
1 63214U 25052E   26131.34110738  .00011042  00000+0  34696-3 0  9998
2 63214  97.3943  27.6601 0001396 176.4564 183.6689 15.33163207 64469
TEVEL2-6
1 63215U 25052F   26131.22200693  .00010991  00000+0  34579-3 0  9998
2 63215  97.3944  27.5259 0001425 184.0816 176.0415 15.33123982 64444
FENGYUN 3E
1 49008U 21062A   26131.62930913  .00000259  00000+0  14296-3 0  9998
2 49008  98.7507 135.4451 0001665 151.8259 208.3008 14.19901810251396
COSMOS 2542
1 44797U 19079A   23297.23228983  .16154547  26690-5  82721-3 0  9991
2 44797  97.6189  44.3452 0008269 277.8821 166.3779 16.42095543216406
GAOFEN-8
1 40701U 15030A   26131.62989725  .00012894  00000+0  27837-3 0  9995
2 40701  97.6931 322.8432 0008160 332.8445  27.2375 15.44649078605800
FLOCK 4V-8
1 46288U 20061S   23361.75051452  .00025122  00000+0  77935-3 0  9996
2 46288  97.3803  69.6297 0003550  99.8344 260.3299 15.33381380183366
GHS-01
1 65733U 98067XM  26020.92375749  .09795873  12158-4  14287-2 0  9993
2 65733  51.6117 289.2885 0004779 208.5099 151.5664 16.33783644 19417
VIZARD-METEO (RS38S)
1 57189U 23091Z   26131.58615972  .00010182  00000+0  30340-3 0  9995
2 57189  97.5109 200.3698 0007534 189.7282 170.3816 15.34852395159070
GAOFEN-7
1 44703U 19072A   26131.63108816  .00002505  00000+0  11455-3 0  9993
2 44703  97.2449 194.4677 0017210 158.9421 201.2527 15.21313228362080
EROS B
1 29079U 06014A   26036.62389918  .16492175  25042-5  34625-3 0  9997
2 29079  97.3179 162.1754 0012048 287.7254  72.2733 16.46015569 99499
LUDI TANCE 1-01B (L-SA*)
1 51822U 22018A   26131.64329720  .00000389  00000+0  47851-4 0  9995
2 51822  97.8099 139.5795 0001583  92.1175 268.0223 14.88413098228273
FLOCK 4V-6
1 46289U 20061T   23361.71987693  .00038500  00000+0  13657-2 0  9992
2 46289  97.3871  68.4173 0002429 126.1226 234.0239 15.28963259183355
SL-3 R/B
1 13154U 82039B   26131.53296036  .00001042  00000+0  61369-4 0  9998
2 13154  81.1428 143.4458 0030013 111.8058 248.6365 15.10350829391124
ARIANE 40 R/B
1 20443U 90005H   26131.14615642  .00000137  00000+0  57062-4 0  9993
2 20443  98.2980 189.9096 0010439  24.2719 335.8959 14.39907407901797
SL-16 R/B
1 24298U 96051B   26131.48826831  .00000093  00000+0  76912-4 0  9999
2 24298  70.7632  42.3200 0012867  37.3573 322.8438 14.12432867530517
DELTA 2 R/B
1 25876U 99041E   26131.15798656  .00000428  00000+0  10779-3 0  9991
2 25876  51.7633  51.7169 0502080 172.6442 188.2222 14.11952113371852
OPS 7898 (P/L 2)
1 05680U 71110C   26105.16134009  .00000001  00000+0  53509-4 0  9993
2 05680  69.9874 132.9889 0010510 253.5258 106.4682 13.74753523339553
INTERCOSMOS 24
1 20261U 89080A   26131.55789900  .00000306  00000+0  82033-4 0  9990
2 20261  82.6066  63.4696 1187795 146.8548 221.3048 12.59612247674713
SL-3 R/B
1 13819U 83010B   26131.42421330  .00010753  00000+0  20293-3 0  9990
2 13819  81.1006 285.2050 0015838 186.1226 173.9829 15.48175256367642
COSMOS 2499 (RS47)
1 39765U 14028E   26105.18694487  .00000039  00000+0  97987-4 0  9991
2 39765  82.4462 294.9494 0232111 149.3395 212.1512 12.82902022556944
DELTA 2 R/B(1)
1 20453U 90008B   26131.28066226  .00047246  00000+0  42465-3 0  9992
2 20453  35.6008 121.5490 0070440 128.0189 232.6935 15.63881305935911
SL-14 R/B
1 20262U 89080C   26131.36386637  .00000334  00000+0  93039-4 0  9999
2 20262  82.5892 132.9599 1230708  41.5800 327.2550 12.50539697667982
SL-16 R/B
1 25400U 98043G   26131.38719712  .00000022  00000+0  28321-4 0  9999
2 25400  98.8343  85.2352 0009609 186.6561 173.4493 14.26062620447926
ZIYUAN 1-02C (ZY 1-02C)
1 38038U 11079A   26131.63828277  .00000396  00000+0  14463-3 0  9994
2 38038  98.4081 199.7079 0007583  62.8874  93.4192 14.38184515753951
YAOGAN-29
1 41038U 15069A   26131.60970337 -.00000214  00000+0 -19678-4 0  9998
2 41038  98.0059 160.1815 0002580 113.5096 246.6389 14.83052973565209
ORBVIEW 2 (SEASTAR)
1 24883U 97037A   26131.49731924  .00000160  00000+0  71933-4 0  9996
2 24883  98.8659 297.5057 0001503 208.0634 152.0470 14.35533976517489
IDEFIX & ARIANE 42P R/B
1 27422U 02021B   26131.56269320  .00000137  00000+0  68756-4 0  9994
2 27422  98.5931  69.4459 0012052   8.4583 351.6801 14.31064089253010
ARIANE 40 R/B
1 22830U 93061H   26131.47555013  .00000117  00000+0  58381-4 0  9994
2 22830  98.4830 199.0922 0011971  98.3289 261.9254 14.32891580703098
H-2A R/B
1 43682U 18084L   26131.39215223  .00012178  00000+0  26880-3 0  9999
2 43682  98.8637   2.2814 0024291 162.3714 197.8378 15.43778256415444
TITAN 4B R/B
1 26474U 00047B   26131.56481658  .00001534  00000+0  10061-3 0  9993
2 26474  67.9878 223.6385 0043886 324.8553  34.9703 15.10000954402409
CZ-2C R/B
1 28222U 04012C   26131.45021556  .00057110  00000+0  42219-3 0  9998
2 28222  97.7114 203.0382 0011481  83.0123 277.2445 15.72713379214112
COSMOS 2058
1 20465U 90010A   26131.33715858  .00002597  00000+0  15029-3 0  9992
2 20465  82.4687 345.6957 0011217 114.2118 246.0287 15.11793853951707
SL-4 R/B
1 39679U 14021B   26131.43532308  .00007886  00000+0  17059-3 0  9996
2 39679  51.6078  30.6970 0092137 332.4969  27.1156 15.41103404665941
DELTA 1 R/B
1 20323U 89089B   26131.24950303  .00000183  00000+0  54158-4 0  9991
2 20323  97.0653 328.7144 0067383 285.2601  74.1154 14.50706012904801
COSMOS 2151
1 21422U 91042A   26131.51281436  .00001049  00000+0  81397-4 0  9995
2 21422  82.4986  23.0702 0011547 200.2942 159.7825 15.00339874872612
COSMOS 2228
1 22286U 92094A   26131.53776473  .00001076  00000+0  89760-4 0  9996
2 22286  82.5184 177.1435 0019566  91.0901 269.2563 14.97461264785462
FREGAT DEB
1 49271U 11037PF  26131.34674583  .00004956  00000+0  78366-2 0  9993
2 49271  51.6349 112.5887 0931605 202.2712 153.5048 12.41331452220472
SL-3 R/B
1 00877U 64053B   26131.37666989  .00000048  00000+0  33640-4 0  9998
2 00877  65.0748 147.4431 0081309 272.6058  86.5736 14.61407196275951
DMC3-FM1
1 40715U 15032A   26131.56744679 -.00000131  00000+0 -91503-5 0  9998
2 40715  97.6511 358.1697 0005709 159.0672 201.0778 14.85694008584476
SL-14 R/B
1 18153U 87055B   26131.44989553  .00000332  00000+0  35383-4 0  9996
2 18153  82.4970 289.8639 0021081 162.1238 198.0725 14.85681908 79255
CZ-4B R/B
1 28415U 04035C   26131.12312471  .00005278  00000+0  18113-3 0  9994
2 28415  97.3405 164.6258 0033150 106.4381 254.0508 15.30051212189458
SL-14 R/B
1 19574U 88093B   26131.10670392  .00000245  00000+0  25370-4 0  9996
2 19574  82.5312 343.4628 0020386 187.4317 290.1031 14.85713305 10283
USA 81
1 21949U 92023A   26131.39060243  .00000136  00000+0  42971-4 0  9997
2 21949  85.0052  95.2433 0001927 111.4701 248.6697 14.32387361103764
ASTRO-H (HITOMI)
1 41337U 16012A   26131.55589511  .00001828  00000+0  10296-3 0  9999
2 41337  31.0001 310.7362 0009610 245.2876 114.6762 15.10358844561746
SL-16 R/B
1 28353U 04021B   26131.60320307  .00000142  00000+0  98497-4 0  9999
2 28353  70.9984 100.4639 0006870 292.8257  67.2139 14.14602393131735
SL-14 R/B
1 13553U 82092B   26131.59472341  .00000296  00000+0  30336-4 0  9991
2 13553  82.5672  82.5381 0021972  92.2823  80.8863 14.86718606338276
PROGRESS-MS 31
1 64751U 25146A   26075.16062931  .00008402  00000+0  16433-3 0  9992
2 64751  51.6332  40.3661 0006342 195.9803 164.0986 15.48306205554467
SL-14 R/B
1 16792U 86046B   26131.44618716  .00000253  00000+0  26299-4 0  9990
2 16792  82.4841  20.8915 0023748  24.1885 336.0440 14.85646810135722
SL-8 R/B
1 19257U 88053B   26131.38864943  .00000140  00000+0  53827-4 0  9999
2 19257  74.0484 356.8930 0019992 164.6463   8.1610 14.38949133985617
CZ-2C R/B
1 37731U 11030B   26131.38438719  .00000579  00000+0  79109-4 0  9992
2 37731  97.8633  87.4440 0053191 144.9359  21.4172 14.81385776799372
SL-16 R/B
1 31793U 07029B   26131.50876218 -.00000090  00000+0 -21885-4 0  9999
2 31793  70.9778  40.3318 0002769 269.3270 263.1305 14.14851931974259
SL-14 R/B
1 21423U 91042B   26131.42047177  .00000213  00000+0  23850-4 0  9990
2 21423  82.4923 161.3753 0017959  39.3880 320.8636 14.81878949862362
CZ-4B R/B
1 28059U 03049C   26131.23609927  .00000250  00000+0  68889-4 0  9990
2 28059  98.6898 128.6139 0048938  41.9477 318.5451 14.55072896195692
SL-14 R/B
1 15945U 85069B   26131.28126452  .00000270  00000+0  27684-4 0  9994
2 15945  82.5255 326.0826 0018445 349.8326  10.2515 14.86487997182139
SL-16 R/B
1 22803U 93059B   26131.57628452 -.00000225  00000+0 -87633-4 0  9994
2 22803  70.9906 238.5076 0015094 118.1064 242.1588 14.17241599688442
SL-14 R/B
1 16496U 86006B   26131.44360846  .00000338  00000+0  32878-4 0  9999
2 16496  82.5287 200.6862 0077779  65.2249 295.7035 14.86909781158535
CYGNUS NG-23
1 65616U 25208A   26073.41651519  .00013590  00000+0  24569-3 0  9997
2 65616  51.6322  48.9706 0007782 192.9507 167.1283 15.49977850   324
SL-3 R/B
1 19046U 88032B   26131.52575235  .00003070  00000+0  14235-3 0  9995
2 19046  97.5243 114.6167 0026171  19.0381 341.1826 15.20538954 61652
ARIANE 40 R/B
1 21610U 91050F   26131.36645186  .00000162  00000+0  61050-4 0  9991
2 21610  98.1902 181.2125 0002070 224.4646 135.6379 14.42934608828034
COSMOS 2221
1 22236U 92080A   26131.49696190  .00000928  00000+0  79418-4 0  9992
2 22236  82.5055 218.9100 0013630 347.5443  12.5440 14.96439510790189
SL-16 R/B
1 26070U 00006B   26131.25611973 -.00000259  00000+0 -10743-3 0  9993
2 26070  71.0026 326.2808 0014243  85.7318 274.5432 14.15833359357417
CZ-2C R/B
1 28480U 04046B   26131.52068208  .00000069  00000+0  41447-4 0  9998
2 28480  98.1964  42.5880 0138788 329.5696  29.7483 14.27016374117460
SL-8 R/B
1 21876U 92008B   26131.53901899  .00000038  00000+0  23928-4 0  9998
2 21876  82.9287 221.0322 0033601 320.8264  49.4590 13.75972391718062
CZ-2D R/B
1 28738U 05024B   26131.32158996  .00034645  00000+0  34204-3 0  9992
2 28738  97.3523 149.0185 0006436 132.9242 227.2559 15.65819143149569
CZ-4B R/B
1 29507U 06046C   26131.52771481  .00003028  00000+0  15238-3 0  9991
2 29507  97.5485 176.2509 0034025  51.7998 308.6291 15.17491842 69574
ARIANE 40 R/B
1 20443U 90005H   26131.14615642  .00000137  00000+0  57062-4 0  9993
2 20443  98.2980 189.9096 0010439  24.2719 335.8959 14.39907407901797
SL-16 R/B
1 24298U 96051B   26131.48826831  .00000093  00000+0  76912-4 0  9999
2 24298  70.7632  42.3200 0012867  37.3573 322.8438 14.12432867530517
DELTA 2 R/B
1 25876U 99041E   26131.15798656  .00000428  00000+0  10779-3 0  9991
2 25876  51.7633  51.7169 0502080 172.6442 188.2222 14.11952113371852
OPS 7898 (P/L 2)
1 05680U 71110C   26105.16134009  .00000001  00000+0  53509-4 0  9993
2 05680  69.9874 132.9889 0010510 253.5258 106.4682 13.74753523339553
INTERCOSMOS 24
1 20261U 89080A   26131.55789900  .00000306  00000+0  82033-4 0  9990
2 20261  82.6066  63.4696 1187795 146.8548 221.3048 12.59612247674713
PROGRESS-MS 32
1 65586U 25204A   26110.78039753  .00009753  00000+0  18580-3 0  9993
2 65586  51.6325 224.2241 0006701 330.9223  29.1391 15.48857372554501
TIANZHOU-9
1 64786U 25149A   26127.53402356  .00004852  00000+0  54733-4 0  9992
2 64786  41.4575 209.3432 0009634 313.6562  46.3478 15.63402594286692
MIDORI II (ADEOS-II)
1 27597U 02056A   26131.59695025  .00000172  00000+0  85527-4 0  9997
2 27597  98.7857  90.5516 0001554 126.1201 234.0124 14.29328426219289
SL-14 R/B
1 11267U 79011B   26131.49039405  .00000288  00000+0  25879-4 0  9994
2 11267  82.5264  36.9756 0015289 202.5781 157.4768 14.91981657538142
NAPA-2
1 48963U 21059CN  26131.59367564  .00109656  00000+0  47308-3 0  9996
2 48963  97.6795 325.9835 0002276 128.4227 231.7247 15.84669656271993
SOYUZ-MS 27
1 63520U 25072A   25342.54239145  .00012445  00000+0  23028-3 0  9994
2 63520  51.6307 163.2617 0003393 220.7658 139.3077 15.49420853 20209
SHENZHOU-20 (SZ-20)
1 63632U 25082A   26022.30237278  .00025665  00000+0  30041-3 0  9995
2 63632  41.4671 130.1396 0010483 335.9522  24.0826 15.60894095255307
H-2A R/B
1 28932U 06002B   26131.46630578  .00003946  00000+0  19366-3 0  9993
2 28932  98.2522 283.9977 0051521  29.1032 331.3053 15.17619155103957
SL-8 R/B
1 15483U 85006B   26131.42627233  .00000113  00000+0  46047-4 0  9991
2 15483  74.0434 145.7102 0017491  41.7576  62.9587 14.37818826163046
SL-14 R/B
1 17567U 87024B   26131.45681135  .00000258  00000+0  26454-4 0  9992
2 17567  82.5304  33.7710 0019564  55.7014 304.6051 14.86187970 97453
SL-16 R/B
1 19650U 88102B   26131.41661474 -.00000067  00000+0 -95061-5 0  9996
2 19650  71.0017  19.5112 0016536 274.5488  85.3746 14.16163150935779
EROS C3
1 54880U 22179A   26131.59853344  .00003131  00000+0  17130-3 0  9992
2 54880 139.3340 155.9822 0006701  59.3167 300.8301 15.10696463186794
SL-14 R/B
1 16882U 86055B   26131.59519470  .00000285  00000+0  29962-4 0  9998
2 16882  82.5209  67.5294 0020227 121.4261  51.3196 14.85695511128704
ISS OBJECT XK
1 65731U 98067XK  26068.92741747  .09293516  12338-4  75547-3 0  9992
2 65731  51.6052  44.2508 0002464 211.8886 148.1991 16.39076546 26947
SL-16 R/B
1 25861U 99039B   26131.43281361  .00000276  00000+0  41691-4 0  9992
2 25861  97.9861 190.3965 0015919  57.1417 303.1326 14.81807268446150
H-2A R/B
1 27601U 02056E   26131.38483247  .00000182  00000+0  78436-4 0  9993
2 27601  98.3292  89.4057 0069702 335.8803 135.8410 14.33804008223097
SERT 2
1 04327U 70009A   26131.60682859 -.00000014  00000+0  37126-4 0  9997
2 04327  99.2829  71.2860 0005155  15.3383 157.4124 13.58736803788438
COSMOS 1833
1 17589U 87027A   26131.43889235 -.00000035  00000+0  70135-5 0  9998
2 17589  70.9148 194.1174 0022366 115.9969 244.3459 14.13031559 19189
AJISAI (EGS)
1 16908U 86061A   26131.60627822 -.00000102  00000+0 -28220-4 0  9993
2 16908  50.0093 259.8814 0011402  87.9142  28.3090 12.44516178475837
GCOM-W1 (SHIZUKU)
1 38337U 12025A   26131.59044711  .00000286  00000+0  73470-4 0  9998
2 38337  98.2007  72.7051 0001541 100.7041  72.3441 14.57089190743704
OAO 3 (COPERNICUS)
1 06153U 72065A   26131.43739506  .00000185  00000+0  42241-4 0  9995
2 06153  35.0067 299.8019 0007218 310.0657  67.3885 14.60040895855378
SL-14 R/B
1 11672U 80005B   26131.41054643  .00000315  00000+0  29253-4 0  9993
2 11672  82.5147 247.7221 0014596 318.4714  41.5395 14.90997304485835
SL-16 R/B
1 28353U 04021B   26131.60320307  .00000142  00000+0  98497-4 0  9999
2 28353  70.9984 100.4639 0006870 292.8257  67.2139 14.14602393131735
SL-14 R/B
1 13553U 82092B   26131.59472341  .00000296  00000+0  30336-4 0  9991
2 13553  82.5672  82.5381 0021972  92.2823  80.8863 14.86718606338276
SL-14 R/B
1 16792U 86046B   26131.44618716  .00000253  00000+0  26299-4 0  9990
2 16792  82.4841  20.8915 0023748  24.1885 336.0440 14.85646810135722
SL-8 R/B
1 19257U 88053B   26131.38864943  .00000140  00000+0  53827-4 0  9999
2 19257  74.0484 356.8930 0019992 164.6463   8.1610 14.38949133985617
CZ-2C R/B
1 37731U 11030B   26131.38438719  .00000579  00000+0  79109-4 0  9992
2 37731  97.8633  87.4440 0053191 144.9359  21.4172 14.81385776799372
SL-16 R/B
1 31793U 07029B   26131.50876218 -.00000090  00000+0 -21885-4 0  9999
2 31793  70.9778  40.3318 0002769 269.3270 263.1305 14.14851931974259
SL-14 R/B
1 21423U 91042B   26131.42047177  .00000213  00000+0  23850-4 0  9990
2 21423  82.4923 161.3753 0017959  39.3880 320.8636 14.81878949862362
SL-3 R/B
1 05118U 71028B   26131.48831774  .00030759  00000+0  29273-3 0  9997
2 05118  81.2344 334.1517 0014935  59.1221 301.1501 15.66512982998489
SL-12 R/B(2)
1 15772U 85042D   26131.25299920 -.00000022  00000+0  11362-4 0  9993
2 15772  71.1080 315.5502 0034183  25.2075 147.6697 14.21998636123287
COSMOS 1867
1 18187U 87060A   26131.59590604 -.00000057  00000+0  16265-4 0  9993
2 18187  65.0085 130.5336 0015757 281.5430  78.3885 14.31511608 28942
CZ-4B R/B
1 27432U 02024C   26131.37867133  .00000007  00000+0  26378-4 0  9993
2 27432  98.8726 184.4320 0049758 203.8016 166.9766 14.14558230238103
VIGORIDE-3
1 52760U 22057AE  26131.39060957  .00003618  00000+0  13989-3 0  9998
2 52760  97.6550 270.4137 0007147 249.7578 110.2892 15.26887533219541
SL-3 R/B
1 12465U 81046B   26131.56849556  .00007286  00000+0  16100-3 0  9991
2 12465  81.2318 214.1509 0019208 158.3895 201.8164 15.43465226448123
ALOS (DAICHI)
1 28931U 06002A   26131.60628819  .00000641  00000+0  11533-3 0  9990
2 28931  98.1302  87.2954 0002207  89.4233 270.7226 14.69973872 82724
H-2A R/B
1 28932U 06002B   26131.46630578  .00003946  00000+0  19366-3 0  9993
2 28932  98.2522 283.9977 0051521  29.1032 331.3053 15.17619155103957
SL-8 R/B
1 15483U 85006B   26131.42627233  .00000113  00000+0  46047-4 0  9991
2 15483  74.0434 145.7102 0017491  41.7576  62.9587 14.37818826163046
SL-8 R/B
1 03230U 68040B   26131.39171867  .00001295  00000+0  97199-4 0  9996
2 03230  74.0294 185.5301 0024981 345.6055  14.4418 15.03633972 99437
SL-3 R/B
1 10114U 77057B   26131.55275386  .00007507  00000+0  14995-3 0  9996
2 10114  97.5831 306.3470 0008065  63.4441 296.7634 15.47103755678046
SL-3 R/B
1 13068U 82013B   26131.55362276  .00003281  00000+0  13955-3 0  9990
2 13068  81.1729  87.0443 0021253 331.2074  28.7983 15.22532830413913
COSMOS 1536
1 14699U 84013A   26131.47939947  .00003838  00000+0  15359-3 0  9997
2 14699  82.5462  45.3883 0016050  64.9698 295.3204 15.24653083282186
OAO 3 (COPERNICUS)
1 06153U 72065A   26131.43739506  .00000185  00000+0  42241-4 0  9995
2 06153  35.0067 299.8019 0007218 310.0657  67.3885 14.60040895855378
FOX-1A (AO-85)
1 40967U 15058D   26131.12332539  .00002179  00000+0  20423-3 0  9998
2 40967  64.7766  34.1460 0128911  71.1275 290.3763 14.90748371108044
SL-14 R/B
1 11672U 80005B   26131.41054643  .00000315  00000+0  29253-4 0  9993
2 11672  82.5147 247.7221 0014596 318.4714  41.5395 14.90997304485835
SL-3 R/B
1 12904U 81103B   26131.56916554  .00003019  00000+0  13088-3 0  9998
2 12904  81.1565 139.6419 0014373  77.0435 283.2400 15.21973003982796
SL-3 R/B
1 14208U 83075B   26131.48997863  .00006923  00000+0  17564-3 0  9990
2 14208  97.6120 138.5146 0020992  10.5400 349.6281 15.39800366339810
SHIJIAN-16 (SJ-16)
1 39358U 13057A   26131.64145755  .00001630  00000+0  16112-3 0  9997
2 39358  74.9725  65.8935 0016724 314.9196  45.0634 14.92517096680890
SL-8 R/B
1 21088U 91006B   26131.39179156 -.00000036  00000+0 -51209-4 0  9990
2 21088  82.9396 123.4087 0021501 216.6514 252.5139 13.77505563772709
NAPA-2
1 48963U 21059CN  26131.59367564  .00109656  00000+0  47308-3 0  9996
2 48963  97.6795 325.9835 0002276 128.4227 231.7247 15.84669656271993
CZ-4B R/B
1 25732U 99025C   26131.37294137  .00000029  00000+0  34438-4 0  9999
2 25732  98.6513 174.1325 0037481 162.9046 208.3202 14.18276851397051
COSMOS 1833
1 17589U 87027A   26131.43889235 -.00000035  00000+0  70135-5 0  9998
2 17589  70.9148 194.1174 0022366 115.9969 244.3459 14.13031559 19189
DRAGONFLY
1 65729U 98067XH  26031.05194254  .08662331  12285-4  96629-3 0  9997
2 65729  51.6000 237.6139 0006568 265.0285  94.9990 16.36242872 20998
AJISAI (EGS)
1 16908U 86061A   26131.60627822 -.00000102  00000+0 -28220-4 0  9993
2 16908  50.0093 259.8814 0011402  87.9142  28.3090 12.44516178475837
ATLAS CENTAUR R/B
1 06155U 72065B   26131.52655903  .00000828  00000+0  11556-3 0  9993
2 06155  35.0024 297.4550 0033413 180.6037 179.4627 14.77850337850569
SL-16 R/B
1 17590U 87027B   26131.37116494 -.00000060  00000+0 -58225-5 0  9998
2 17590  70.9994 144.4095 0004565 358.9454   1.1659 14.17170532 24220
1998-067XJ
1 65730U 98067XJ  25336.82362581  .06330363  11931-4  22859-2 0  9996
2 65730  51.6061 180.4655 0010114 256.3912 103.5981 16.23931094 11687
HELIOS 1B
1 25977U 99064A   26131.46155842  .00000815  00000+0  95361-4 0  9997
2 25977  98.1642  35.5364 0001151 133.0193 227.1119 14.87906084694599
ALSAT-2B
1 41786U 16059D   26131.61118834  .00000758  00000+0  13203-3 0  9993
2 41786  97.9913 194.5835 0001322  59.7794 300.3543 14.70824753515392
COSMOS 1933
1 18958U 88020A   26131.40132149  .00001573  00000+0  74763-4 0  9992
2 18958  82.5140 188.8552 0003634   6.7816 353.3467 15.18491993 59740
SL-16 R/B
1 22566U 93016B   26131.25845042  .00000118  00000+0  85223-4 0  9996
2 22566  71.0053  83.7687 0012017 234.8521 125.1476 14.15308347711027
RESURS-DK 1
1 29228U 06021A   26131.54429177  .00001319  00000+0  80542-4 0  9990
2 29228  69.9318  74.3958 0004496 331.8248  28.2674 15.13059458 97038
COSMOS 1953
1 19210U 88050A   26131.38656146  .00005490  00000+0  19097-3 0  9992
2 19210  82.5057  95.1236 0008655 259.9657 100.0606 15.29453267 47362
CZ-2C R/B
1 52794U 22058K   26130.84521952  .00030390  00000+0  37495-3 0  9997
2 52794  50.1878 357.4107 0036456 108.1165 252.3784 15.59056353219815
SL-8 R/B
1 11574U 79089B   26131.30689118  .00000128  00000+0  46695-4 0  9994
2 11574  74.0692 335.1323 0015115 133.7344 226.5067 14.42386345445131
SL-14 R/B
1 18749U 88001B   26131.38211128  .00000280  00000+0  29482-4 0  9993
2 18749  82.5109 136.4007 0018934  35.4192 324.8277 14.85581234 51332
OKEAN-3
1 21397U 91039A   26131.37700157  .00001431  00000+0  98239-4 0  9990
2 21397  82.5147 276.0733 0015800 115.9697 244.3160 15.05146507874464
SL-16 R/B
1 22285U 92093B   26131.56497042 -.00000264  00000+0 -11084-3 0  9992
2 22285  71.0222 232.2703 0005870 231.6792 128.3804 14.15460416722058
COSMOS 1844
1 17973U 87041A   26131.61875499  .00000151  00000+0  10318-3 0  9991
2 17973  70.8986 261.4386 0032761 286.6456  73.1070 14.14558084 12486
GSLV R/B
1 54149U 22138AN  26131.29000678  .00001413  00000+0  11970-3 0  9993
2 54149  87.3799 145.3769 0018760 286.0383  73.8782 14.97092296193293
SL-16 R/B
1 23705U 95058B   26131.45625445  .00000174  00000+0  11323-3 0  9996
2 23705  71.0223  48.4763 0011801  14.5312 345.6148 14.15502839576730
SL-14 R/B
1 19574U 88093B   26131.10670392  .00000245  00000+0  25370-4 0  9996
2 19574  82.5312 343.4628 0020386 187.4317 290.1031 14.85713305 10283
SL-4 R/B
1 39679U 14021B   26131.43532308  .00007886  00000+0  17059-3 0  9996
2 39679  51.6078  30.6970 0092137 332.4969  27.1156 15.41103404665941
DRAGON CRS-33
1 65304U 25186A   26058.89712273  .00011820  00000+0  22726-3 0  9993
2 65304  51.6325 120.7666 0008321 140.4027 219.7571 15.48349372   112
DELTA 1 R/B
1 20323U 89089B   26131.24950303  .00000183  00000+0  54158-4 0  9991
2 20323  97.0653 328.7144 0067383 285.2601  74.1154 14.50706012904801
COSMOS 2151
1 21422U 91042A   26131.51281436  .00001049  00000+0  81397-4 0  9995
2 21422  82.4986  23.0702 0011547 200.2942 159.7825 15.00339874872612
COSMOS 2228
1 22286U 92094A   26131.53776473  .00001076  00000+0  89760-4 0  9996
2 22286  82.5184 177.1435 0019566  91.0901 269.2563 14.97461264785462
FREGAT DEB
1 49271U 11037PF  26131.34674583  .00004956  00000+0  78366-2 0  9993
2 49271  51.6349 112.5887 0931605 202.2712 153.5048 12.41331452220472
SL-3 R/B
1 00877U 64053B   26131.37666989  .00000048  00000+0  33640-4 0  9998
2 00877  65.0748 147.4431 0081309 272.6058  86.5736 14.61407196275951
DMC3-FM1
1 40715U 15032A   26131.56744679 -.00000131  00000+0 -91503-5 0  9998
2 40715  97.6511 358.1697 0005709 159.0672 201.0778 14.85694008584476
SL-14 R/B
1 18153U 87055B   26131.44989553  .00000332  00000+0  35383-4 0  9996
2 18153  82.4970 289.8639 0021081 162.1238 198.0725 14.85681908 79255
CZ-4B R/B
1 28415U 04035C   26131.12312471  .00005278  00000+0  18113-3 0  9994
2 28415  97.3405 164.6258 0033150 106.4381 254.0508 15.30051212189458
OAO 3 (COPERNICUS)
1 06153U 72065A   26131.43739506  .00000185  00000+0  42241-4 0  9995
2 06153  35.0067 299.8019 0007218 310.0657  67.3885 14.60040895855378
FOX-1A (AO-85)
1 40967U 15058D   26131.12332539  .00002179  00000+0  20423-3 0  9998
2 40967  64.7766  34.1460 0128911  71.1275 290.3763 14.90748371108044
SL-14 R/B
1 11672U 80005B   26131.41054643  .00000315  00000+0  29253-4 0  9993
2 11672  82.5147 247.7221 0014596 318.4714  41.5395 14.90997304485835
SL-3 R/B
1 12904U 81103B   26131.56916554  .00003019  00000+0  13088-3 0  9998
2 12904  81.1565 139.6419 0014373  77.0435 283.2400 15.21973003982796
SL-3 R/B
1 14208U 83075B   26131.48997863  .00006923  00000+0  17564-3 0  9990
2 14208  97.6120 138.5146 0020992  10.5400 349.6281 15.39800366339810
SHIJIAN-16 (SJ-16)
1 39358U 13057A   26131.64145755  .00001630  00000+0  16112-3 0  9997
2 39358  74.9725  65.8935 0016724 314.9196  45.0634 14.92517096680890
SL-8 R/B
1 21088U 91006B   26131.39179156 -.00000036  00000+0 -51209-4 0  9990
2 21088  82.9396 123.4087 0021501 216.6514 252.5139 13.77505563772709
NAPA-2
1 48963U 21059CN  26131.59367564  .00109656  00000+0  47308-3 0  9996
2 48963  97.6795 325.9835 0002276 128.4227 231.7247 15.84669656271993
CZ-4B R/B
1 25732U 99025C   26131.37294137  .00000029  00000+0  34438-4 0  9999
2 25732  98.6513 174.1325 0037481 162.9046 208.3202 14.18276851397051
COSMOS 1833
1 17589U 87027A   26131.43889235 -.00000035  00000+0  70135-5 0  9998
2 17589  70.9148 194.1174 0022366 115.9969 244.3459 14.13031559 19189
AJISAI (EGS)
1 16908U 86061A   26131.60627822 -.00000102  00000+0 -28220-4 0  9993
2 16908  50.0093 259.8814 0011402  87.9142  28.3090 12.44516178475837
PROGRESS-MS 31
1 64751U 25146A   26075.16062931  .00008402  00000+0  16433-3 0  9992
2 64751  51.6332  40.3661 0006342 195.9803 164.0986 15.48306205554467
ATLAS CENTAUR R/B
1 06155U 72065B   26131.52655903  .00000828  00000+0  11556-3 0  9993
2 06155  35.0024 297.4550 0033413 180.6037 179.4627 14.77850337850569
SL-16 R/B
1 17590U 87027B   26131.37116494 -.00000060  00000+0 -58225-5 0  9998
2 17590  70.9994 144.4095 0004565 358.9454   1.1659 14.17170532 24220
HELIOS 1B
1 25977U 99064A   26131.46155842  .00000815  00000+0  95361-4 0  9997
2 25977  98.1642  35.5364 0001151 133.0193 227.1119 14.87906084694599
ALSAT-2B
1 41786U 16059D   26131.61118834  .00000758  00000+0  13203-3 0  9993
2 41786  97.9913 194.5835 0001322  59.7794 300.3543 14.70824753515392
KAZEOSAT 1
1 39731U 14024A   26131.59456419  .00000338  00000+0  11585-3 0  9996
2 39731  98.3208 204.9494 0001581  91.8311 268.3060 14.42065901633284
RAY 1.0
1 62627U 25009U   26131.49929739  .00002025  00000+0  95681-4 0  9995
2 62627  97.3990 210.4931 0009917  52.1449 308.0682 15.20514330 73105
GAOFEN DUOMO (GFDM)
1 45856U 20042A   26131.62087088  .00000797  00000+0  12042-3 0  9992
2 45856  97.7765 192.8334 0010646 183.6334 176.4801 14.76830198315616
GONETS-M 10
1 40063U 14036C   26131.60690596  .00000026  00000+0  11550-3 0  9993
2 40063  82.5114 330.4030 0021125 220.4253 139.5258 12.42944491537703
2023-091AS
1 57206U 23091AS  26131.56923389  .00044930  00000+0  59471-3 0  9991
2 57206  97.5058 209.2875 0005305 168.1810 191.9571 15.58172447159683
PRSC-S1
1 65055U 25164A   26131.46463178  .00001984  00000+0  14524-3 0  9991
2 65055  41.1291 134.5747 0004666 112.3857 247.7452 15.06124311 42899
COSMOS 2489 (RODNIK-S 8)
1 39484U 13076B   26131.62807711 -.00000108  00000+0 -84779-3 0  9998
2 39484  82.4897 192.8376 0021743 171.9025 188.2410 12.42878984561409
TIANYI B
1 64049U 25103B   26131.63219385  .00002056  00000+0  99263-4 0  9999
2 64049  97.3808 204.3045 0001300  11.5686 348.5579 15.19758579 54512
SCOOBII
1 57484U 23109D   23350.72925839  .00008044  00000+0  39042-3 0  9997
2 57484   5.0088 303.7051 0007702 287.1264  72.8001 15.13088404 21179
ORBCOMM FM109
1 40086U 14040A   26131.52541821  .00000194  00000+0  77394-4 0  9995
2 40086  47.0036 264.8154 0000826  46.0994 313.9960 14.58805929628994
PRSS-1
1 43530U 18056B   26131.59422282  .00000285  00000+0  42463-4 0  9999
2 43530  97.7828 200.4755 0001742  93.1914 266.9498 14.81929353423011
FFLY02
1 65322U 25188H   26131.55171052  .00000983  00000+0  10078-3 0  9999
2 65322  97.7373 207.4083 0010772 243.2048 116.8070 14.92676291 38449
ION-MK01
1 46274U 20061C   26108.90635226  .05573010  24001-5  56936-3 0  9997
2 46274  97.1732 190.8876 0011766 257.0893 102.9092 16.37772736314086
SUPERVIEW NEO-1 02
1 52322U 22043C   26131.61644112  .00003007  00000+0  15931-3 0  9994
2 52322  97.3409 205.5937 0003439  97.6926 262.4698 15.16140541224033
ICEYE-X7
1 46496U 20068L   26131.60807760  .00007107  00000+0  24198-3 0  9993
2 46496  97.7477  96.5044 0009938  95.7439 264.4934 15.30697198309199
GALAPAGOS-UTE-SWSU
1 67279U 25313AH  26131.53480310  .00004440  00000+0  19505-3 0  9996
2 67279  97.3932 206.7345 0015605 129.7661 230.4953 15.22325967 20372
SKYBEE-A01
1 62671U 25009BQ  26131.50470209  .00001651  00000+0  77905-4 0  9992
2 62671  97.3991 210.7404 0006942 100.4693 259.7326 15.20825376130764
MEGSAT-1
1 26546U 00057B   26105.16377814  .00001366  00000+0  10668-3 0  9995
2 26546  64.5492 271.0111 0039721 290.6230  69.0628 15.05135494388177
SAMSAT-IONOSPHERE (RS7*)
1 61784U 24199BB  26131.59466678  .00027244  00000+0  41319-3 0  9994
2 61784  97.3009   6.7021 0010694  65.7518 294.4852 15.54526384131871
WREN-1
1 60478U 24149L   26131.18108893  .00013375  00000+0  33570-3 0  9995
2 60478  97.3762 214.9489 0004765  52.8736 307.2944 15.40121521 96625
SL-14 R/B
1 20511U 90018B   26131.15155580  .00000209  00000+0  23263-4 0  9990
2 20511  82.5211 164.7255 0014847 243.9343 116.0343 14.82193226931832
CANX-5
1 40056U 14034D   26131.19966159  .00000537  00000+0  76211-4 0  9991
2 40056  98.3174   5.1889 0013811 126.6488 233.5995 14.81211971629861
KORSAT-2
1 62377U 24247A   26131.40175063  .00002123  00000+0  19243-3 0  9992
2 62377  45.4094 258.5125 0003546   7.0178 353.0749 14.98739973 76040
EAGLET-I
1 43790U 18099AJ  26131.40840742  .00002744  00000+0  16035-3 0  9996
2 43790  97.4261 182.0537 0012826 111.0763 249.1841 15.12652302406778
Z-SAT
1 49399U 21102E   26131.61616155  .00001900  00000+0  96447-4 0  9997
2 49399  97.3361 168.0514 0017239  21.1986 338.9959 15.17983251247897
PARUS-6U1
1 68456U 26067AS  26131.38932036  .00003205  00000+0  16493-3 0  9992
2 68456  97.4528  90.3367 0005667 171.7688 188.3639 15.17127908  6359
UNISAT-7
1 47945U 21022P   26131.51080326  .00008549  00000+0  21979-3 0  9990
2 47945  97.3919  36.0763 0008608 192.6375 167.4656 15.39488922284212
ESEO
1 43792U 18099AL  26131.06045373  .00001673  00000+0  12464-3 0  9999
2 43792  97.3995 170.0352 0013322  99.6548 260.6184 15.04126416406220
CENTISPACE-1 S13
1 62582U 25007H   26131.52026072 -.00000071  00000+0  65525-4 0  9999
2 62582  54.9815  59.7178 0011694  21.9553 338.1902 13.80599923 69662
SCOOBII
1 57484U 23109D   23350.72925839  .00008044  00000+0  39042-3 0  9997
2 57484   5.0088 303.7051 0007702 287.1264  72.8001 15.13088404 21179
JILIN-1 GAOFEN 3J
1 46462U 20065J   26130.75769558  .06080194  24111-5  78091-3 0  9999
2 46462  97.2106 191.7265 0011426 259.4724 100.5287 16.35693446314544
TRANSPORTER-15 OBJECT H
1 66673U 25276H   26131.42616797  .00006323  00000+0  28020-3 0  9993
2 66673  97.4164 205.7271 0007739 137.5216 222.6620 15.21944658 24850
FIREFLY-3
1 62710U 25009DF  26131.51762739  .00000690  00000+0  72117-4 0  9991
2 62710  97.7060 210.4446 0002363 294.5377  65.5596 14.92793098 71869
LYNK TOWER 6
1 59123U 24043AB  26131.60683633  .00005148  00000+0  17562-3 0  9992
2 59123  97.5543 267.9276 0010510  23.1201 337.0511 15.30758556121436
MOZHAETS 4 (RS22)
1 27939U 03042A   26131.67810366  .00000539  00000+0  91481-4 0  9992
2 27939  98.3476 315.0079 0011964  30.3532  37.2999 14.73401435210173
HORIZON (RS59S)
1 61757U 24199Y   26131.54034033  .01088882  74530-3  10892-2 0  9995
2 61757  97.2731  14.4009 0004637 178.1990 181.9313 16.11312516132379
PHASE 3B (AO-10)
1 14129U 83058B   26129.52219316  .00000202  00000+0  00000+0 0  9992
2 14129  25.8944 225.9972 6024432 105.0137 325.5502  2.05868845294693
DONGPO 01
1 53453U 22098K   26131.63084214  .00049923  00000+0  47470-3 0  9993
2 53453  97.5531 260.4676 0000870 149.8074 210.3236 15.66714333209020
VRSS-1
1 38782U 12052A   26131.57356941  .00001014  00000+0  14033-3 0  9990
2 38782  97.6139 109.7863 0017969   2.0980 358.0305 14.79951357734199
MONOLITH
1 49052U 21068A   26131.36340985  .00002025  00000+0  13168-3 0  9998
2 49052  37.0218 124.9016 0004497 267.3907  92.6324 15.08781838261716
AL MUNTHER
1 63240U 25052AG  26131.25190059  .00010960  00000+0  37236-3 0  9992
2 63240  97.3927  26.1917 0004192 283.8616  76.2158 15.30642281 64360
AIST-2T 1
1 67253U 25313F   26131.18876543  .00014622  00000+0  17794-3 0  9997
2 67253  97.0848 208.8283 0005252 334.6944  25.4055 15.60618013 20856
KINEIS-4B
1 63304U 25056E   26131.58417985  .00000960  00000+0  15931-3 0  9990
2 63304  97.9073 256.6665 0006663  64.2568 295.9327 14.72340520 61733
ARCSTONE
1 64540U 25135N   26131.60351826  .00011514  00000+0  38191-3 0  9995
2 64540  97.4569 248.8516 0001870 328.8616  31.2514 15.31414152 49438
2024-199R
1 61750U 24199R   26131.62840518  .00023596  00000+0  38364-3 0  9992
2 61750  97.3021   6.6524 0008687  69.6076 290.6109 15.52649911131879
GREENCUBE (IO-117)
1 53109U 22080E   26131.45410627 -.00000003  00000+0  00000+0 0  9994
2 53109  70.1441 311.0256 0008875 298.1354  61.8409  6.42583318 89707
2025-274B
1 66651U 25274B   26131.52960012  .00001575  00000+0  15665-3 0  9995
2 66651  97.7473  61.2138 0013573 111.0138 249.2535 14.93020014 24749
GEOSCAN 4 (RS92S4)
1 64892U 25155S   26131.57057949  .00009425  00000+0  30366-3 0  9996
2 64892  97.4529 100.7323 0004569 333.2880  26.8126 15.32401450 75219
PROBA-V
1 39159U 13021A   26131.36011466  .00000050  00000+0  39933-4 0  9999
2 39159  98.3569 111.7894 0003135 230.7809 129.3093 14.23588997675877
LIZZIESAT-3 (LS-3)
1 63233U 25052Z   26131.26644412  .00002977  00000+0  13573-3 0  9999
2 63233  97.3958  23.7593 0004281 300.5130  59.5683 15.21407476 64199
CHUANGXIN 1-02 (CX-1-02)
1 33434U 08056B   26131.56706841 -.00000007  00000+0  14328-4 0  9995
2 33434  98.6165 158.1952 0013062 246.4329 113.5482 14.30145217913383
DUCHIFAT-1
1 40021U 14033M   26131.41895469  .00055146  00000+0  72925-3 0  9995
2 40021  98.0508 185.6247 0005703 190.8241 169.2891 15.58150241650012
KINEIS-1B
1 60079U 24114A   26131.62548479  .00000533  00000+0  76367-4 0  9995
2 60079  97.9852 155.9853 0002107 175.4157 184.7075 14.80562451101998
SIRION PATHFINDER-2
1 43759U 18099B   26131.57561238  .00002636  00000+0  14779-3 0  9992
2 43759  97.4284 181.5074 0010318  71.8725 288.3630 15.14206976407083
CATSAT
1 60246U 24125J   26131.55941671  .00033341  00000+0  49684-3 0  9990
2 60246  97.2133 343.6948 0021596 319.5778  40.3871 15.54759681101696
SHIELDS 1
1 43850U 18104B   26043.50416380  .06921989 -15212-5  25172-3 0  9997
2 43850  84.9817 217.5932 0008062 271.6012  88.4371 16.43688533400522
STRIX-3
1 59224U 24047A   26131.61922801  .00005167  00000+0  25139-3 0  9992
2 59224  97.6611 106.7778 0013165 180.7898 179.3318 15.18783422119191
OTTER
1 62623U 25009Q   26131.17597073  .00006603  00000+0  23584-3 0  9996
2 62623  97.4025 213.4881 0006186  87.2547 272.9401 15.29166964 73261
FORMOSAT 7-2
1 44351U 19036N   26131.41696115  .00001819  00000+0  13084-3 0  9999
2 44351  23.9986  36.6732 0000796 116.8223 243.2359 14.96342703378070
SDGSAT 1
1 49387U 21100A   26131.62430983  .00001504  00000+0  73365-4 0  9990
2 49387  97.2664 179.9277 0009743  66.1680 294.0576 15.19736307250360
SNIPE 2
1 56745U 23072C   26131.61928466  .00016414  00000+0  34945-3 0  9999
2 56745  97.5291 339.3033 0006307 122.5941 237.5917 15.45011484164598
GLOBAL-14
1 49469U 21106A   26131.41424488  .00014110  00000+0  25967-3 0  9998
2 49469  42.0035 149.3104 0014053 131.8674 228.3371 15.48856853252427
JILIN-1 GAOFEN 3D27
1 52444U 22048B   26131.60126672  .00065624  00000+0  58800-3 0  9994
2 52444  97.5671 242.4661 0005478 173.2753 186.8582 15.68109195223733
SPACEMOBILE-006
1 67232U 25309A   26131.31511904  .00001439  00000+0  84584-4 0  9995
2 67232  52.9962 140.4874 0011675  25.0319 335.1238 15.18338625 20990
OTTER
1 62623U 25009Q   26131.17597073  .00006603  00000+0  23584-3 0  9996
2 62623  97.4025 213.4881 0006186  87.2547 272.9401 15.29166964 73261
SPACEMOBILE-006
1 67232U 25309A   26131.31511904  .00001439  00000+0  84584-4 0  9995
2 67232  52.9962 140.4874 0011675  25.0319 335.1238 15.18338625 20990
MEGSAT-1
1 26546U 00057B   26105.16377814  .00001366  00000+0  10668-3 0  9995
2 26546  64.5492 271.0111 0039721 290.6230  69.0628 15.05135494388177
BLUEBON
1 62688U 25009CH  26131.50365918  .00005408  00000+0  18794-3 0  9994
2 62688  97.3981 214.7208 0003139 105.0749 255.0840 15.30158069 73366
FEMTO-1
1 68419U 26067D   26131.34418957  .00001925  00000+0  96080-4 0  9996
2 68419  97.4518  90.3896 0003149  63.7102 296.4455 15.18687405  6359
IONOSFERA-M 1
1 61735U 24199A   26131.62421617  .00000024  00000+0  30477-4 0  9999
2 61735  98.7221   5.1739 0000370 147.4365 212.6835 14.22747329122506
IONOSFERA-M 4
1 64877U 25155B   26131.60809811  .00000030  00000+0  33282-4 0  9990
2 64877  98.6004  94.3570 0000893  50.9824 309.1433 14.21482048 41201
SL-14 R/B
1 20511U 90018B   26131.15155580  .00000209  00000+0  23263-4 0  9990
2 20511  82.5211 164.7255 0014847 243.9343 116.0343 14.82193226931832
CANX-5
1 40056U 14034D   26131.19966159  .00000537  00000+0  76211-4 0  9991
2 40056  98.3174   5.1889 0013811 126.6488 233.5995 14.81211971629861
TIANYI C
1 64050U 25103C   26131.63121110  .00002122  00000+0  10239-3 0  9998
2 64050  97.3760 204.0957 0001521 319.3868  40.7253 15.19754970 54517
HJS-6B
1 63429U 25067B   26131.53744418  .00000969  00000+0  48327-4 0  9994
2 63429  54.9907 188.9534 0004582 228.9969 131.0658 15.27392188 62358
EAGLET-I
1 43790U 18099AJ  26131.40840742  .00002744  00000+0  16035-3 0  9996
2 43790  97.4261 182.0537 0012826 111.0763 249.1841 15.12652302406778
ALSAT-2A
1 36798U 10035D   26131.57363420  .00000660  00000+0  10657-3 0  9998
2 36798  97.7640 135.6608 0001659  65.6865 294.4518 14.74426251848362
CROCUBE
1 62394U 24247T   26131.35864486  .00023751  00000+0  48719-3 0  9999
2 62394  44.9712 106.6663 0004283 108.2079 251.9278 15.45671989 77648
SENTRY
1 59140U 24043AU  26083.41189137  .04762685  25479-5  11746-2 0  9996
2 59140  97.5148 239.7250 0008887 280.4836  79.5456 16.29150633115420
ELEKTRO-L 1 (GOMS 2)
1 37344U 11001A   26104.28462310 -.00000188  00000+0  00000+0 0  9999
2 37344   9.5418  55.1395 0003864  19.0019 145.6290  1.00161871 55843
ERS 15
1 02412U 66077C   26104.87167303  .00000002  00000+0  00000+0 0  9993
2 02412  90.3270 276.4975 0007281 128.2003 231.9505  8.59079480385029
ORBASTRO-PC-1
1 58258U 23174C   26131.60544574  .00014678  00000+0  29187-3 0  9998
2 58258  97.3769 216.9052 0004895 303.6706  56.4076 15.47042950139814
JILIN-1
1 40961U 15057D   26131.59360041  .00000500  00000+0  75655-4 0  9995
2 40961  97.6512 132.7798 0017683  27.6627 332.5521 14.78098058570209
WSF-M
1 59481U 24070A   26131.60262947  .00000026  00000+0  32559-4 0  9994
2 59481  98.7174 140.0439 0005857  73.2234 286.9585 14.20730312107905
2023-091BA
1 57326U 23091BA  23208.43033792  .00009087  00000+0  66751-3 0  9995
2 57326  97.6612 258.8452 0019477 147.8266 212.4152 15.03518069  2201
BRITE-PL1 (LEM)
1 39431U 13066R   26105.04022470  .00000495  00000+0  10841-3 0  9993
2 39431  97.7877 221.9335 0189860 207.2534 151.8601 14.51272561654772
GESAT GEN1
1 62612U 25009D   26131.48596394  .00005396  00000+0  20034-3 0  9998
2 62612  97.4017 213.7605 0002205  91.1612 268.9880 15.27988794 73315
S-NET B
1 43187U 18014H   26131.45566482  .00002694  00000+0  14248-3 0  9992
2 43187  97.5394  36.4663 0010175 133.2328 226.9756 15.16291405453199
XIWANG-1 (HOPE-1)
1 36122U 09072B   26131.61230878  .00000391  00000+0  11390-2 0  9998
2 36122 100.4002  86.0329 0007133 322.0904  37.9706 13.16439566788194
FOSSASAT-2E19 (TAT-E)
1 62676U 25009BV  26131.20287892  .00001641  00000+0  77178-4 0  9999
2 62676  97.3958 210.1447 0006838 105.6876 254.5115 15.20955345 73076
IRIDE-MS2-HEO-5
1 64571U 25135AV  26131.57562280  .00001003  00000+0  10297-3 0  9992
2 64571  97.7684 246.2632 0003083  78.5988 281.5577 14.92576494 48424
LILIUM-1
1 58467U 23185F   26131.60513552  .00258769  26947-4  80091-3 0  9999
2 58467  97.3213 214.1009 0007790 242.7161 117.3320 15.91635590136797
SITRO-AIS 17
1 61789U 24199BG  26131.55189065  .00001524  00000+0  13439-3 0  9992
2 61789  97.3251 333.4435 0005930 186.5762 173.5384 14.97758096126553
CBERS 4
1 40336U 14079A   26131.65265791  .00000083  00000+0  43680-4 0  9996
2 40336  98.3554 189.6257 0001945 104.5578 255.5824 14.35498981598712
NINGXIA-1 2
1 44780U 19076B   26131.61038128 -.00000053  00000+0  49782-4 0  9990
2 44780  45.0102 343.6386 0007391 332.7267  27.3178 14.02052057332721
ICEYE-X59
1 66752U 25276CQ  26131.48676488  .00001600  00000+0  12518-3 0  9998
2 66752  97.4208 204.3880 0001540  78.7741 281.3658 15.02384207 24761
GHOST-3
1 56958U 23084AC  26131.36437407  .00012230  00000+0  24662-3 0  9997
2 56958  97.6168 278.0091 0007170  73.5981 286.6056 15.46675016162325
GREENCUBE (IO-117)
1 53109U 22080E   26131.45410627 -.00000003  00000+0  00000+0 0  9994
2 53109  70.1441 311.0256 0008875 298.1354  61.8409  6.42583318 89707
HAWK-11A
1 62382U 24247F   26131.47785907  .00004044  00000+0  14761-3 0  9993
2 62382  44.9915 129.6168 0004682 349.0254  11.0527 15.29827980 77387
PROBA-V
1 39159U 13021A   26131.36011466  .00000050  00000+0  39933-4 0  9999
2 39159  98.3569 111.7894 0003135 230.7809 129.3093 14.23588997675877
CHUANGXIN 1-02 (CX-1-02)
1 33434U 08056B   26131.56706841 -.00000007  00000+0  14328-4 0  9995
2 33434  98.6165 158.1952 0013062 246.4329 113.5482 14.30145217913383
DUCHIFAT-1
1 40021U 14033M   26131.41895469  .00055146  00000+0  72925-3 0  9995
2 40021  98.0508 185.6247 0005703 190.8241 169.2891 15.58150241650012
CONNECTA IOT-10
1 64555U 25135AD  26131.56405366  .00001949  00000+0  93208-4 0  9997
2 64555  97.4638 246.9558 0002487  92.7031 267.4488 15.20182462 49290
SIRION PATHFINDER-2
1 43759U 18099B   26131.57561238  .00002636  00000+0  14779-3 0  9992
2 43759  97.4284 181.5074 0010318  71.8725 288.3630 15.14206976407083
ERS 15
1 02412U 66077C   26104.87167303  .00000002  00000+0  00000+0 0  9993
2 02412  90.3270 276.4975 0007281 128.2003 231.9505  8.59079480385029
SATMAR
1 64551U 25135Z   26131.56210338  .00004530  00000+0  18767-3 0  9991
2 64551  97.4569 247.4665 0002095  69.6755 290.4708 15.24421971 49347
JILIN-1
1 40961U 15057D   26131.59360041  .00000500  00000+0  75655-4 0  9995
2 40961  97.6512 132.7798 0017683  27.6627 332.5521 14.78098058570209
PREFIRE-2
1 59881U 24099A   26131.54974292  .00002235  00000+0  10431-3 0  9993
2 59881  97.4127 348.3496 0011507 342.3615  17.7220 15.20823912108560
ORBCOMM FM113
1 41185U 15081G   26131.54679785  .00000222  00000+0  83222-4 0  9994
2 41185  47.0004  83.8593 0001447   6.0844 354.0059 14.58816677553585
CUAVA-2
1 60527U 24149BM  26131.46285772  .00007730  00000+0  22789-3 0  9991
2 60527  97.3725 212.9452 0007906  71.3979 288.8122 15.35267435 96533
HAIYANG-1B
1 31113U 07010A   26131.43661385  .00000056  00000+0  36997-4 0  9994
2 31113  98.3483 114.7107 0012613 314.6022  45.4132 14.31017687995378
2023-091J
1 57174U 23091J   26131.56828765  .00002242  00000+0  12813-3 0  9996
2 57174  97.5084 185.1883 0011638 274.4839  85.5063 15.13678211158094
LEMUR-2-GREENBERG
1 42837U 17042N   26131.41372323  .00010351  00000+0  35648-3 0  9994
2 42837  97.3817 312.2458 0010233 131.7555 228.4562 15.30174151482766
CONTECSAT-1
1 59117U 24043V   26131.61510038  .00006125  00000+0  17696-3 0  9998
2 59117  97.5590 271.6324 0010366  13.9885 346.1643 15.35988540121633
APRIZESAT 8
1 39425U 13066K   26131.34862762  .00000742  00000+0  86277-4 0  9996
2 39425  97.8200  79.3385 0047155  48.4592 312.0654 14.87571376674197
EZIE-B
1 63250U 25052AS  26131.40853008  .00001529  00000+0  13794-3 0  9994
2 63250  97.6948  24.2225 0003017 345.0911  15.0221 14.96998406 63165
ITUPSAT1
1 35935U 09051E   26130.69163038  .00000508  00000+0  11516-3 0  9997
2 35935  98.4072  36.8697 0007623   5.6146 354.5137 14.60382828883263
JILIN-1 GAOFEN 03D10
1 51840U 22019S   26120.88889617  .06807261  24969-5  74929-3 0  9997
2 51840  97.3422 218.7419 0012479 265.4780  94.5092 16.37064854232790
2022-167F
1 54687U 22167F   26131.61175233  .00092497  00000+0  47941-3 0  9997
2 54687  97.6177 315.3750 0003212 181.8483 178.2773 15.80769728191036
FOX-1CLIFF (AO-95)
1 43770U 18099N   26131.10130149  .00007590  00000+0  29846-3 0  9992
2 43770  97.4408 191.5040 0010413 116.7346 243.4960 15.25898855407568
CENTISPACE-1 S7
1 62576U 25007B   26131.52750114 -.00000066  00000+0  70587-4 0  9991
2 62576  54.9770  60.2081 0012475   2.2599 357.8411 13.80590013 69658
FIREFLY-2
1 62704U 25009CZ  26131.53922778  .00000571  00000+0  60669-4 0  9994
2 62704  97.7028 210.2338 0005770 186.8174 173.2968 14.92728184 71850
ROADS 1
1 64535U 25135H   26131.26050636  .00003883  00000+0  17291-3 0  9994
2 64535  97.4625 246.5648 0003284 322.2905  37.8100 15.22051310 49241
ION SCV-019 (ASTOUNDIN*)
1 68435U 26067V   26131.36908643  .00002044  00000+0  10457-3 0  9998
2 68435  97.4527  90.3630 0003273 139.7704 220.3773 15.17757121  6354
TYVAK-182A
1 48271U 21034D   26131.12174277  .00003744  00000+0  26229-3 0  9997
2 48271  97.5738 190.6881 0007256  98.1950 262.0100 15.05804986274255
COSMOS 2561
1 54109U 22137A   26131.52103318  .00009070  00000+0  15870-3 0  9999
2 54109  96.9224 191.9099 0010913 152.1865 207.9973 15.50767358200661
GEOSCAN 3 (RS92S3)
1 64893U 25155T   26131.55048546  .00011481  00000+0  34957-3 0  9993
2 64893  97.4518 101.0430 0004186 336.5610  23.5441 15.34152367 75231
LUSAT (LO-19)
1 20442U 90005G   26131.48349456  .00000073  00000+0  42942-4 0  9996
2 20442  98.8872 152.2741 0010769 318.1689  41.8670 14.34111433897136
GCOM-C (SHIKISAI)
1 43065U 17082A   26131.48404484  .00000071  00000+0  47042-4 0  9993
2 43065  98.6281 205.6081 0001222  97.3024 262.8296 14.27280115436704
S-NET C
1 43189U 18014K   26131.52533511  .00002739  00000+0  14476-3 0  9992
2 43189  97.5422  36.8063 0011575 128.0753 232.1525 15.16282899451750
POLYITAN-1
1 40042U 14033AJ  26131.48912233  .00010919  00000+0  35618-3 0  9991
2 40042  98.0977 154.3150 0005360 273.2288  86.8338 15.31985615647970
JILIN-1 GAOFEN 03D48
1 54695U 22167P   26131.62391356  .00007009  00000+0  21265-3 0  9999
2 54695  97.6854 299.6114 0005335 239.3763 120.6953 15.34437570189789
MANDRAKE 2 ABLE
1 48907U 21059AE  26131.60406766  .00014111  00000+0  22357-3 0  9992
2 48907  97.7053 318.6423 0006275 121.3247 238.8621 15.53514352271440
2024-110D
1 60015U 24110D   24188.53634359  .00006476  00000+0  43663-3 0  9998
2 60015  97.6015 274.8756 0014319 188.7929 171.3049 15.06913094  4550
2025-055H
1 63298U 25055H   26131.63682358  .00025759  00000+0  74389-3 0  9990
2 63298  97.6469 276.7017 0006844 261.0894  98.9574 15.35630229 63831
YAM-5
1 55076U 23001BV  26131.14161145  .00006859  00000+0  18686-3 0  9994
2 55076  97.3220 194.2778 0007618 234.2095 125.8442 15.37781078186416
THEOS-2 (T2V)
1 58016U 23155A   26131.64619032  .00000461  00000+0  65164-4 0  9996
2 58016  97.8889 203.1741 0001555  93.9738 266.1653 14.81679198140013
FORMOSAT-7R (TRITON)
1 58017U 23155B   26131.46422154  .00000851  00000+0  91791-4 0  9992
2 58017  97.8352 213.1179 0001643 139.4706 220.6634 14.91005056140756
NINGXIA-1 5
1 44783U 19076E   26131.64076569  .00000083  00000+0  13865-3 0  9991
2 44783  45.0074 342.5266 0011371 332.4415  27.5815 14.02083407332646
LOGSATS
1 62689U 25009CJ  26098.74662267  .12337911  24864-5  19194-2 0  9994
2 62689  97.3600 191.3204 0013652 275.4500  84.5239 16.33744017 68975
ICEYE-X26
1 56961U 23084AF  26131.36391593  .00332322  43384-4  10618-2 0  9995
2 56961  97.5766 293.0847 0005823 296.0415  64.0258 15.91029091163391
ERMIS-2
1 68420U 26067E   26131.40586103  .00005851  00000+0  28208-3 0  9992
2 68420  97.4458  90.4316 0003067  64.9878 295.1675 15.19086937  6369
STEP CUBE LAB-II
1 52897U 22065D   26131.62064359  .00000499  00000+0  10612-3 0  9998
2 52897  98.2176 275.6463 0009515 133.7374 226.4618 14.63243148206156
ICEYE-X53
1 64584U 25135BJ  26131.62321164  .00001927  00000+0  15635-3 0  9992
2 64584  97.7401 248.5585 0002044 133.8553 226.2840 15.00848595 48597
THEOS-2 (T2V)
1 58016U 23155A   26131.64619032  .00000461  00000+0  65164-4 0  9996
2 58016  97.8889 203.1741 0001555  93.9738 266.1653 14.81679198140013
TIANYI D
1 64051U 25103D   26131.60976336  .00002502  00000+0  12584-3 0  9991
2 64051  97.3834 203.7086 0001813  15.7002 344.4288 15.18133723 54451
SDX01
1 62459U 24253A   26131.25189671  .00030241  00000+0  30657-3 0  9997
2 62459  54.9929 161.3591 0006565  74.2403 285.9360 15.65024500 76749
DEMO8 (TENZING)
1 48951U 21059CA  26131.09292465  .00013721  00000+0  21678-3 0  9994
2 48951  97.7050 321.7291 0008276 118.3663 241.8425 15.53584421271546
SPACEMOBILE-003
1 61045U 24163A   26131.48043274 -.00052902  00000+0 -23722-2 0  9994
2 61045  52.9663 118.2377 0005093  21.4323 338.6883 15.20784162 92185
BUZZER-1
1 62609U 25009A   26131.15537824  .00001907  00000+0  88339-4 0  9998
2 62609  97.3927 210.0626 0009318 104.3235 255.9036 15.21270668 73062
LEO EXPRESS 2
1 62673U 25009BS  26131.66668981  .00051034  00000+0  20202-2 0  9993
2 62673  97.0377 206.0504 0004969 122.8493 326.8590 15.25250309  1931
JILIN-1 09
1 43943U 19005B   26131.58584917  .00002857  00000+0  13514-3 0  9996
2 43943  97.4715 226.8751 0001972 175.7183 184.4070 15.20183584403581
WT 1A
1 44315U 19032F   26105.22999984  .00529332  13083-3  98827-3 0  9997
2 44315  44.9664 220.4943 0015444 343.5976  16.4433 15.99984378379655
IRIDE-MS2-HEO-3
1 64568U 25135AS  26131.59645053  .00000488  00000+0  53791-4 0  9993
2 64568  97.7690 246.2548 0002225  79.5343 280.6126 14.91886522 48421
ERMIS-1
1 68468U 26067BE  26131.39319243  .00004900  00000+0  25049-3 0  9995
2 68468  97.4530  90.3351 0007002 166.5605 193.5816 15.17101444  6356
GLOBAL-4
1 44499U 19054E   26131.25438623  .00031341  00000+0  36842-3 0  9992
2 44499  45.0057  88.9164 0003657  89.3025 270.8290 15.60922316374587
APRIZESAT 6
1 37793U 11044F   26131.51662527  .00000361  00000+0  58585-4 0  9990
2 37793  98.2385  41.2651 0042554 201.6567 341.6151 14.76864558791734
SITRO-AIS 38
1 61786U 24199BD  26131.60035905  .00010324  00000+0  20638-3 0  9995
2 61786  97.3002   5.4962 0011495  71.4521 288.7977 15.46916464128653
KINEIS-2A
1 62932U 25028E   26131.41955877  .00000776  00000+0  12975-3 0  9994
2 62932  98.1296 186.7314 0002238 289.9334  70.1632 14.72691372 67196
SAUDISAT 2
1 28371U 04025F   26131.41734526  .00000176  00000+0  50243-4 0  9998
2 28371  98.5511 130.4506 0025693  51.6177 308.7322 14.56660863160392
A-SEANSAT-PG1
1 57197U 23091AH  26131.60079937  .00011444  00000+0  33182-3 0  9991
2 57197  97.5098 200.4366 0007309 197.8997 162.1990 15.35680334159099
GONETS-M 5
1 39249U 13048A   26131.64985936  .00000087  00000+0  55578-3 0  9993
2 39249  82.4859   6.1629 0015878 295.5390  64.4047 12.42891147574348
SENTRY
1 59140U 24043AU  26083.41189137  .04762685  25479-5  11746-2 0  9996
2 59140  97.5148 239.7250 0008887 280.4836  79.5456 16.29150633115420
XINGYUN-2 02
1 45603U 20028B   26131.57650288  .00000856  00000+0  54464-4 0  9999
2 45603  97.5084 138.2159 0012331  44.1842 316.0371 15.11383188329302
3CAT-5B
1 46293U 20061X   26105.19792688  .00009172  00000+0  19368-3 0  9995
2 46293  97.2463 169.1035 0001960  39.6187 320.5205 15.45411903311322
FORTE
1 24920U 97047A   26131.38882161  .00000127  00000+0  74352-4 0  9998
2 24920  69.9519  97.1367 0023587 322.4099  37.5373 14.27929372493432
SKYKRAFT-1A
1 55054U 23001AX  26131.42596333  .00003512  00000+0  12771-3 0  9994
2 55054  97.3247 189.3681 0007974 259.8394 100.1947 15.28888816186109
TIGER-7
1 59141U 24043AV  26131.35480688  .00008331  00000+0  16305-3 0  9990
2 59141  97.5442 280.7257 0004868 314.3184  45.7666 15.47673760122278
SDX01
1 62459U 24253A   26131.25189671  .00030241  00000+0  30657-3 0  9997
2 62459  54.9929 161.3591 0006565  74.2403 285.9360 15.65024500 76749
SPACEMOBILE-003
1 61045U 24163A   26131.48043274 -.00052902  00000+0 -23722-2 0  9994
2 61045  52.9663 118.2377 0005093  21.4323 338.6883 15.20784162 92185
ZHUHAI-1 03C
1 44537U 19060D   26131.65291346  .00256453  27368-4  70320-3 0  9998
2 44537  97.5493 299.9784 0004483 320.9951  39.0999 15.94004176371421
GRUS-1B
1 47934U 21022C   26131.66146323  .00000130  00000+0  15497-4 0  9991
2 47934  97.5424  16.0535 0017218  82.3085 278.0093 14.98892898280426
JUGNU
1 37839U 11058B   26131.44793969  .00000374  00000+0  56089-4 0  9994
2 37839  19.9590 171.6295 0018705  31.2446   0.2544 14.13765611753822
BUZZER-1
1 62609U 25009A   26131.15537824  .00001907  00000+0  88339-4 0  9998
2 62609  97.3927 210.0626 0009318 104.3235 255.9036 15.21270668 73062
ANGELS
1 44876U 19092D   26105.13269549  .00400172  72288-4  70535-3 0  9991
2 44876  97.4053 323.4188 0001204 182.5306 177.5968 16.02009491352410
SHERPA-AC1
1 52763U 22057AH  26131.38921704  .00005029  00000+0  14710-3 0  9997
2 52763  97.6637 279.1087 0006954 214.8404 145.2385 15.35736770220055
LEO EXPRESS 2
1 62673U 25009BS  26131.66668981  .00051034  00000+0  20202-2 0  9993
2 62673  97.0377 206.0504 0004969 122.8493 326.8590 15.25250309  1931
OBSERVER-1A
1 58323U 23174BV  26131.60167242  .00007139  00000+0  19428-3 0  9995
2 58323  97.3938 215.0911 0006401 287.7652  72.2894 15.37813886139587
IRIDE-MS2-HEO-3
1 64568U 25135AS  26131.59645053  .00000488  00000+0  53791-4 0  9993
2 64568  97.7690 246.2548 0002225  79.5343 280.6126 14.91886522 48421
ERMIS-1
1 68468U 26067BE  26131.39319243  .00004900  00000+0  25049-3 0  9995
2 68468  97.4530  90.3351 0007002 166.5605 193.5816 15.17101444  6356
SITRO-AIS 38
1 61786U 24199BD  26131.60035905  .00010324  00000+0  20638-3 0  9995
2 61786  97.3002   5.4962 0011495  71.4521 288.7977 15.46916464128653
BRITE-AUSTRIA
1 39091U 13009F   26131.43178424  .00000110  00000+0  51969-4 0  9996
2 39091  98.3988 311.7791 0010037 357.0743   3.0383 14.36527080691771
KINEIS-2A
1 62932U 25028E   26131.41955877  .00000776  00000+0  12975-3 0  9994
2 62932  98.1296 186.7314 0002238 289.9334  70.1632 14.72691372 67196
UK-DMC 2
1 35683U 09041C   26131.61817039  .00001030  00000+0  15689-3 0  9992
2 35683  97.8778 267.4911 0001689  81.2425 278.8976 14.75971762901173
RESOURCESAT-2A
1 41877U 16074A   26131.61269236  .00000476  00000+0  23704-3 0  9998
2 41877  98.7527 205.4139 0002405 155.5696 204.5596 14.21606102489105
ERNST
1 60528U 24149BN  26131.49143757  .00008923  00000+0  23889-3 0  9998
2 60528  97.3803 214.9654 0007302  75.0874 285.1179 15.38234928 96639
BEIDOU-2 G6
1 38953U 12059A   26131.41231536 -.00000163  00000+0  00000+0 0  9992
2 38953   4.3282  73.9020 0010723 320.2921  67.5141  1.00272745 49546
UVSQ-SAT NG
1 63251U 25052AT  26131.45557543  .00001870  00000+0  17521-3 0  9996
2 63251  97.6896  23.6283 0003218  21.8934 338.2424 14.95218415 63149
HAIYANG-2D
1 48621U 21043A   26131.63903039  .00000288  00000+0  33525-3 0  9995
2 48621  66.0001  35.6922 0011396 273.6333  86.3432 13.83373718251491
JILIN-1 06
1 43024U 17074C   26131.55083795  .00003580  00000+0  11379-3 0  9996
2 43024  97.4755 234.2847 0007244  22.2947 337.8608 15.33280532468224
OCEANSAT-2
1 35931U 09051A   26131.59868876  .00000024  00000+0  42355-4 0  9994
2 35931  98.2298 122.1067 0015245 344.6421  15.4281 13.99648055874214
2022-023F
1 51951U 22023F   26131.64821708  .00013755  00000+0  55511-3 0  9999
2 51951  63.4485  37.6956 0127755 343.9885  15.7204 15.17815430232164
DTUSAT-2
1 40030U 14033W   26131.44340390  .00004299  00000+0  23717-3 0  9994
2 40030  98.0870 126.8544 0008068  14.4091 345.7368 15.14532807647124
NOVASAR 1
1 43619U 18071B   26131.60657641  .00000854  00000+0  80564-4 0  9991
2 43619  97.5123   5.4181 0001848  96.2454 263.8978 14.96213902417464
CORVUS BC4
1 43767U 18099K   26131.06972625  .00003194  00000+0  18852-3 0  9997
2 43767  97.4100 175.1397 0009800 124.1393 236.0769 15.12188428406792
CUTE
1 49263U 21088D   26131.25822469  .00134467  00000+0  78160-3 0  9993
2 49263  97.4194 227.4384 0001368 277.9974  82.1137 15.78109582256701
ICEYE-X45
1 62705U 25009DA  26131.19404378  .00005691  00000+0  45223-3 0  9994
2 62705  97.8212 217.6171 0000979  99.2809 260.8525 15.00853266 72135
FOSSASAT-2E21
1 64536U 25135J   26131.27725525  .00001726  00000+0  83863-4 0  9995
2 64536  97.4603 246.0088 0003122 334.7147  25.3935 15.19770940 49216
2024-092E
1 59777U 24092E   26131.30422403  .00012155  00000+0  35396-3 0  9995
2 59777  97.6521 262.8697 0006361 278.9221  81.1301 15.35542933110088
SHUNTIAN
1 44886U 19093H   26131.59820405  .00002691  00000+0  25130-3 0  9999
2 44886  97.7988 219.9526 0011742 178.9174 181.2074 14.94975134346717
SITRO-AIS 14
1 61752U 24199T   26131.57229746  .00002221  00000+0  19515-3 0  9991
2 61752  97.3260 333.2605 0006390 173.8516 186.2787 14.97482900129646
WILDFIRE 3
1 57758U 23133C   26131.50420241  .00000108  00000+0  83543-4 0  9990
2 57758  80.9988  41.2579 0009772  92.6196 267.6080 13.86156355136015
COSMOS 2517 (GEO-IK 2)
1 41579U 16034A   26131.61324782 -.00000005  00000+0  33614-4 0  9992
2 41579  99.1892 141.0911 0001142  87.9050 272.2237 13.85907152502564
2025-274D
1 66653U 25274D   26131.60976962  .00001169  00000+0  11871-3 0  9991
2 66653  97.7481  61.2732 0014084 114.1445 246.1249 14.92646448 24756
MOHAMMED VI-A
1 43005U 17070A   26131.63031087  .00000774  00000+0  11683-3 0  9997
2 43005  97.9561 204.4616 0001357 103.5537 256.5824 14.77091094458588
SKIF-D
1 54153U 22139D   26131.48282497  .00000036  00000+0  00000+0 0  9999
2 54153  89.9557  96.6788 0007415 215.3181 144.6708  5.00438845 62279
SHIJIAN-6 03B (SJ-6 03B)
1 33409U 08053B   26131.64700117  .00000964  00000+0  73793-4 0  9995
2 33409  97.8610 150.9335 0019859 159.2499 200.9537 15.04207680957256
SAUDISAT 4
1 40016U 14033G   26131.46273033  .00000477  00000+0  69649-4 0  9998
2 40016  97.7534 278.8790 0044587 191.0981 168.9252 14.79489154640641
OTP-2
1 63235U 25052AB  26131.51664290  .00004078  00000+0  17395-3 0  9995
2 63235  97.3911  24.4994 0004589 301.2051  58.8736 15.23472842 64286
COSMOS 2530 (RODNIK-S *)
1 43751U 18097A   26131.66989971 -.00000018  00000+0 -20420-3 0  9994
2 43751  82.5139 244.9414 0020753 115.4985 244.8244 12.42880410337751
3CAT-5A
1 46292U 20061W   26105.16179593  .00007956  00000+0  17533-3 0  9995
2 46292  97.2466 168.2033 0001897  46.9624 313.1783 15.44193590311291
APRIZESAT 9
1 40018U 14033J   26131.35144184  .00000279  00000+0  48806-4 0  9994
2 40018  97.9006 265.4614 0065219 319.6697  39.9684 14.74170580638135
ORBASTRO-TR5
1 63236U 25052AC  26131.47954565  .00002853  00000+0  12893-3 0  9995
2 63236  97.3884  23.8106 0002025 293.4216  66.6807 15.21752398 64238
YAOGAN-21
1 40143U 14053A   26131.64033944  .00007538  00000+0  29701-3 0  9995
2 40143  97.1508 173.4547 0007170 210.7403 149.3417 15.25840535649384
KINEIS-4E
1 63300U 25056A   26131.61837389  .00000949  00000+0  15753-3 0  9993
2 63300  97.8993 256.5325 0000146 268.9576  91.1615 14.72376294 61747
COSMOS 2531 (RODNIK-S *)
1 43752U 18097B   26131.61258501 -.00000021  00000+0 -22734-3 0  9992
2 43752  82.5184 246.0232 0017812 133.3770 226.8797 12.42911992337760
3CAT-5B
1 46293U 20061X   26105.19792688  .00009172  00000+0  19368-3 0  9995
2 46293  97.2463 169.1035 0001960  39.6187 320.5205 15.45411903311322
FORTE
1 24920U 97047A   26131.38882161  .00000127  00000+0  74352-4 0  9998
2 24920  69.9519  97.1367 0023587 322.4099  37.5373 14.27929372493432
SKYKRAFT-1A
1 55054U 23001AX  26131.42596333  .00003512  00000+0  12771-3 0  9994
2 55054  97.3247 189.3681 0007974 259.8394 100.1947 15.28888816186109
HONGHU 2
1 58555U 23193C   26131.60342814  .00132291  00000+0  59864-2 0  9998
2 58555  97.2798 122.9238 0041848  45.9023 314.5643 15.19542130 96436
ZHUHAI-1 03C
1 44537U 19060D   26131.65291346  .00256453  27368-4  70320-3 0  9998
2 44537  97.5493 299.9784 0004483 320.9951  39.0999 15.94004176371421
2024-173E
1 61231U 24173E   26131.53929201 -.00000082  00000+0 -73754-6 0  9997
2 61231  97.4115 204.3970 0001705  85.7063 274.4367 15.19134925 90191
GRUS-1B
1 47934U 21022C   26131.66146323  .00000130  00000+0  15497-4 0  9991
2 47934  97.5424  16.0535 0017218  82.3085 278.0093 14.98892898280426
MBZ-SAT
1 62626U 25009T   26131.45293297  .00000277  00000+0  16828-4 0  9996
2 62626  97.3974 210.5538 0007319 109.2158 250.9869 15.18067950 73116
OMNI-M1
1 26857U 01026A   26131.53751177 -.00000020  00000+0  00000+0 0  9997
2 26857  44.8444 253.7114 0015491  47.0887 313.0619  3.92401500204132
KL-ALPHA A
1 44785U 19077A   26131.59505907  .00000052  00000+0  56451-4 0  9996
2 44785  88.9254 226.5625 0010118 205.5147 154.5509 13.56038883320772
GENMAT-1
1 58276U 23174W   26131.46667879  .00006081  00000+0  18742-3 0  9990
2 58276  97.3677 209.3571 0005605 324.6027  35.4843 15.33967986139340
CORIOLIS
1 27640U 03001A   26131.27339432  .00000076  00000+0  56185-4 0  9990
2 27640  98.7137 138.7209 0013249 323.4331  36.5940 14.19934433208989
TOMORROW-R2
1 56962U 23084AG  26131.36012963  .00136046  00000+0  50047-3 0  9996
2 56962  97.5936 290.9027 0001280 305.1680  54.9472 15.87907004163183
ORBCOMM FM114
1 41179U 15081A   26131.40594788  .00000161  00000+0  70264-4 0  9995
2 41179  47.0034 175.8959 0001837   1.5314 358.5578 14.58816439552382
RANDEV
1 52898U 22065E   26131.63135557  .00000626  00000+0  12961-3 0  9990
2 52898  98.2164 275.9924 0008816 133.5699 226.6237 14.63628665205902
IRIDE-MS2-HEO-9
1 64585U 25135BK  26131.60816854  .00001235  00000+0  12781-3 0  9997
2 64585  97.7716 246.6371 0002932 111.1026 249.0506 14.91870073 48440
SITRO-AIS 16
1 61737U 24199C   26131.53956061  .00001124  00000+0  10125-3 0  9996
2 61737  97.3259 333.1555 0006415 177.9326 182.1924 14.97407308126332
2023-091C
1 57168U 23091C   26131.57888956  .00005819  00000+0  22945-3 0  9998
2 57168  97.5047 193.7480 0010333 229.4694 130.5645 15.25920030158677
SJ-9A
1 38860U 12056A   26131.58703266  .00000803  00000+0  98861-4 0  9995
2 38860  97.6688 104.8708 0026162  21.3210 338.9089 14.85393462694155
ZACUBE-1 (TSHEPISOSAT)
1 39417U 13066B   26131.14341808  .00003157  00000+0  24836-3 0  9993
2 39417  97.8120  93.2797 0042130  17.8518 342.4174 15.00898646675178
GEOSCAN 6 (RS92S6)
1 64879U 25155D   26131.55135906  .00006721  00000+0  23797-3 0  9995
2 64879  97.4535  99.9880 0006098 319.5409  40.5377 15.29448985 75166
JILIN-1 GAOFEN 03D16
1 51834U 22019L   26094.86293574  .04742356  24575-5  11271-2 0  9993
2 51834  97.3534 192.0232 0009733 271.1205  88.8974 16.29530138228759
GPM-CORE
1 39574U 14009C   26131.57360337  .00007338  00000+0  16028-3 0  9999
2 39574  64.9723  70.8364 0011936 263.1959  96.7824 15.44893610692154
ELEKTRO-L 5
1 67756U 26028A   26131.15279252 -.00000088  00000+0  00000+0 0  9990
2 67756   0.3262 300.4991 0001198 179.2669 240.2577  1.00271578   885
AEROCUBE 18A
1 63220U 25052L   26131.26498033  .00003609  00000+0  15179-3 0  9998
2 63220  97.4009  25.2229 0002304 240.9506 119.1500 15.24033961 64271
TIANYI E
1 64052U 25103E   26131.62808775  .00006169  00000+0  26397-3 0  9995
2 64052  97.3756 204.7049 0001258 317.1781  42.9357 15.23171223 54541
2025-180A
1 65259U 25180A   26126.59756780  .00013293  00000+0  58441-3 0  9999
2 65259  97.5139 255.4479 0013669 103.2441 257.0321 15.21935034 39464
SDX02
1 62460U 24253B   26131.57123913  .00022766  00000+0  23256-3 0  9991
2 62460  54.9931 159.8635 0006696  72.8706 287.3067 15.65000024 76789
SITRO-AIS 11 (SHEFFER)
1 57208U 23091AU  26131.58711063  .00011832  00000+0  32421-3 0  9990
2 57208  97.5106 201.7199 0006840 185.1118 175.0058 15.37442106159165
FENGYUN 1D
1 27431U 02024B   26105.14448025  .00000069  00000+0  64178-4 0  9991
2 27431  98.9585 155.7439 0016274  62.5577 297.7246 14.10216023230595
ICEYE-X49
1 62384U 24247H   26131.52071100  .00002213  00000+0  13851-3 0  9999
2 62384  44.9976 193.0856 0001540 268.1515  91.9186 15.12726942 76628
CURIUM ONE
1 60242U 24128H   26131.27296045  .00005312  00000+0  31412-3 0  9993
2 60242  61.9798 336.4582 0045165 123.2689 237.2747 15.11911180100875
SCISAT 1
1 27858U 03036A   26131.55654475  .00000357  00000+0  50358-4 0  9995
2 27858  73.9303 244.1181 0008254 310.4167  49.6289 14.81408241226022
QIANKUN-1
1 57422U 23103B   26131.50963911  .00065874  35802-5  78266-4 0  9992
2 57422  96.1639 178.8864 0028224 121.1595 239.2464 16.07698642161401
GALASSIA-2
1 57486U 23109F   23350.85418427  .00009606  00000+0  48048-3 0  9994
2 57486   5.0011 301.3018 0001321 115.2367 244.7878 15.12808902 21196
AAUSAT 3
1 39087U 13009B   26104.45868906  .00000432  00000+0  15098-3 0  9993
2 39087  98.3703 289.7054 0012250  48.3095 311.9140 14.39859833688007
GLOBAL-2
1 43812U 18099BG  26131.06230490  .00002197  00000+0  14493-3 0  9994
2 43812  97.3584 169.1201 0004276 285.4294  74.6463 15.08450922406319
CONNECTA IOT-11
1 64557U 25135AF  26131.57789123  .00002228  00000+0  10601-3 0  9992
2 64557  97.4670 247.2292 0002901 109.7259 250.4290 15.20207305 49308
COSMOS 2488 (RODNIK-S 7)
1 39483U 13076A   26131.57314495 -.00000014  00000+0 -16962-3 0  9998
2 39483  82.4860 191.5054 0019899 171.8275 188.3132 12.42904449561343
SL-8 R/B
1 20775U 90078B   26131.43439438  .00016563  00000+0  47507-3 0  9992
2 20775  82.9039 194.8124 0355036 162.0981 199.3135 14.91089277818648
SHARJAHSAT-1
1 55104U 23001CZ  26131.59814654  .00012176  00000+0  23684-3 0  9998
2 55104  97.3192 199.8931 0004956 220.6406 139.4475 15.47724480186833
WARATAH SEED-1
1 60469U 24149B   26131.48567888  .00008371  00000+0  24872-3 0  9996
2 60469  97.3688 212.0536 0001920  45.8457 314.2944 15.35019048 96482
BRO-20
1 66674U 25276J   26131.44594574  .00002245  00000+0  11391-3 0  9996
2 66674  97.4174 205.2711 0007827 125.5467 234.6498 15.17924781 24822
NANOFF A
1 58810U 23185T   26131.59632000  .00002734  00000+0  16260-3 0  9992
2 58810  97.5276 199.5618 0011660  77.7342 282.5193 15.12036975127518
GONETS-M 20
1 47227U 20091A   26131.62149259  .00000009  00000+0 -88954-5 0  9993
2 47227  82.5043 325.1736 0019971 260.2865  99.5959 12.42892580246536
KINEIS-5E
1 62083U 24219C   26131.61468304  .00000382  00000+0  68064-4 0  9992
2 62083  97.8963 291.6043 0006996  35.5177 324.6495 14.72271160 78386
CHUBUSAT-3
1 41339U 16012C   26105.15897409  .00002876  00000+0  13265-3 0  9999
2 41339  31.0059  22.9146 0008898 144.8680 215.2548 15.18038235558616
SITRO-AIS 6 (CHIRKIN)
1 57192U 23091AC  26131.57950648  .00003467  00000+0  14072-3 0  9992
2 57192  97.5090 194.4604 0010765 228.8497 131.1812 15.25240094158703
YAOGAN-4
1 33446U 08061A   26131.53374524  .00000585  00000+0  78327-4 0  9999
2 33446  97.9299  65.3194 0014037 184.3591 175.7502 14.83130139940239
QB50P1
1 40025U 14033R   26131.49884577  .00005562  00000+0  27960-3 0  9991
2 40025  98.0984 140.0889 0008530   3.8337 356.2959 15.17684156647461
HAIYANG-1C
1 43609U 18068A   26131.61750498  .00000171  00000+0  76510-4 0  9999
2 43609  98.5194 204.4516 0010419 197.0325 163.0511 14.34167853401840
ARVAKER-1
1 63252U 25052AU  26131.25735366  .00001447  00000+0  13950-3 0  9998
2 63252  97.6916  23.2111 0002700  20.5602 339.5726 14.94419687 63098
SKYKRAFT-1C
1 55061U 23001BE  26131.39064788  .00001944  00000+0  81255-4 0  9993
2 55061  97.3220 185.8619 0008808 277.3533  82.6703 15.24765205185876
2025-292A
1 66993U 25292A   26131.43963459  .00002544  00000+0  17828-3 0  9992
2 66993  97.6309 207.5018 0016367 122.4595 237.8217 15.06010876 22911
MISRSAT-2
1 58497U 23187B   26131.56072634  .00000696  00000+0  91849-4 0  9995
2 58497  97.9264 213.7781 0009553 264.6540  95.3584 14.83152605131611
CENTISPACE-1 S9
1 62578U 25007D   26131.54191030 -.00000065  00000+0  72035-4 0  9990
2 62578  54.9830  60.4400 0011678  12.7988 347.3263 13.80591815 69656
COSMOS 2576
1 59773U 24092A   26130.71749888  .00004601  00000+0  21967-3 0  9990
2 59773  97.4335 247.2413 0013984 139.2055 221.0229 15.19463019110691
2015-049G
1 40905U 15049G   26105.15655478  .00024243  00000+0  27985-3 0  9990
2 40905  97.4642 145.6475 0007198  95.0770 265.1310 15.61887161586592
TIANYAN 02
1 44882U 19093D   26131.61774527  .00004604  00000+0  33036-3 0  9991
2 44882  97.7902 226.0752 0014739 144.8148 215.4054 15.04752529347117
ADITYA-L1
1 57754U 23132A   23257.85684028 -.00001335  00000+0  00000+0 0  9990
2 57754  19.2554  17.2188 8437217 354.9359 359.1120  0.99301021    10
OTTER PUP 2
1 64537U 25135K   26131.56812592  .00004778  00000+0  20888-3 0  9996
2 64537  97.4780 247.2933 0000923 273.9071  86.2059 15.22566657 49306
KINEIS-1D
1 60082U 24114D   26131.57745759  .00000373  00000+0  61280-4 0  9993
2 60082  97.9904 152.1112 0001020  32.2244 327.9028 14.76208578101729
HORS 3 (RS81S)
1 61753U 24199U   26131.57050737  .00023432  00000+0  38311-3 0  9996
2 61753  97.3039   6.7450 0008469  67.6952 292.5198 15.52496649131876
D-SAT
1 42794U 17036AF  26104.89261806  .00006115  00000+0  29271-3 0  9992
2 42794  97.5519  84.0306 0083752  22.4214 338.0644 15.16225615481268
2025-155V
1 64895U 25155V   26131.58268339  .00005917  00000+0  21355-3 0  9997
2 64895  97.4554  99.9992 0005507 320.9353  39.1488 15.28877040 75150
LEMUR-2-LLOYD
1 60577U 24149DP  26131.23607218  .00006526  00000+0  42226-3 0  9994
2 60577  97.6741 212.3681 0002487 266.3906  93.7038 15.08515118 94825
ASTROCAST-0201
1 48954U 21059CD  26041.49206587  .00599618  18965-3  66123-3 0  9992
2 48954  97.6299 238.3377 0005790 246.8019 113.2654 16.09655773258701
KINEIS-4C
1 63301U 25056B   26131.56227354  .00000983  00000+0  16290-3 0  9998
2 63301  97.9043 256.6861 0005009  87.0080 273.1701 14.72361183 61743
MOMENTUS-X1
1 44408U 19038Y   26131.09141146  .00029711  00000+0  32026-3 0  9995
2 44408  97.6796 173.1701 0009837 144.3006 215.8911 15.63589090380757
KINEIS-4C
1 63301U 25056B   26131.56227354  .00000983  00000+0  16290-3 0  9998
2 63301  97.9043 256.6861 0005009  87.0080 273.1701 14.72361183 61743
ICEYE-X25
1 56963U 23084AH  26131.65966524  .00028174  00000+0  38545-3 0  9991
2 56963  97.5840 275.4870 0003509  87.9579 272.2078 15.57388866162283
SNUGLITE-II
1 52899U 22065F   26131.33663626  .00000620  00000+0  12668-3 0  9999
2 52899  98.2152 276.2443 0008478 133.6888 226.5019 14.64276715205605
LAPAN-A3
1 41603U 16040E   26131.63725084  .00002330  00000+0  75619-4 0  9992
2 41603  97.1490 128.9925 0011578 138.8397 221.3721 15.32872066549212
SJ-9B
1 38861U 12056B   26131.40845428  .00001146  00000+0  12063-3 0  9994
2 38861  97.5970 116.8663 0014739 343.7733  16.3012 14.91186979734248
RAY 1.0
1 62627U 25009U   26131.49929739  .00002025  00000+0  95681-4 0  9995
2 62627  97.3990 210.4931 0009917  52.1449 308.0682 15.20514330 73105
JILIN-1 04
1 43022U 17074A   26131.55013026  .00008042  00000+0  19384-3 0  9996
2 43022  97.4815 240.2225 0003139 345.4931  14.6225 15.41512951468629
JILIN-1 GAOFEN 03D54
1 54254U 22155D   26131.62624522  .00119358  00000+0  56717-3 0  9992
2 54254  97.6081 280.3965 0002145 165.0794 195.0538 15.82585995194495
TYVAK-0173
1 48892U 21059P   26131.46281427  .00001131  00000+0  14731-3 0  9999
2 48892  96.0084 216.9501 0010243 145.0930 215.0962 14.81763480262801
SITRO-AIS 15
1 61738U 24199D   26131.59105508  .00001526  00000+0  13571-3 0  9999
2 61738  97.3268 333.2406 0006185 173.5978 186.5325 14.97431271126348
ICEYE-X34
1 58294U 23174AQ  26131.21412522  .00048243  00000+0  60122-3 0  9991
2 58294  97.3878 220.7909 0004656 250.7217 109.3536 15.59762337139970
POLAR
1 23802U 96013A   26129.52569769  .00000082  00000+0  00000+0 0  9991
2 23802  79.8145 227.5015 6431913 210.4085  87.5032  1.29845961144357
COSMOS 2572
1 58435U 23182A   26130.36186287  .00011675  19267-5  40841-4 0  9995
2 58435  96.6726 235.0161 0006811 294.1160  65.9403 15.90162755142443
GLOBAL-31
1 63027U 25033B   26131.27859901  .00008577  00000+0  23064-3 0  9999
2 63027  58.9975 105.3409 0012823  45.5106 314.7015 15.38646128 68641
GEOSCAN 1 (RS92S1)
1 64880U 25155E   26131.56732866  .00007101  00000+0  24719-3 0  9994
2 64880  97.4531 100.1219 0005987 319.9299  40.1499 15.29986953 75176
INTUITION-1
1 58565U 23174CW  26079.94417252  .01602121  21960-2  12467-2 0  9999
2 58565  97.3583 177.5703 0007321 275.7269  84.3182 16.15355829132688
ICEYE-X4
1 44390U 19038D   26131.61118911  .00007301  00000+0  26574-3 0  9999
2 44390  97.8795 162.3927 0015065  76.5079 283.7837 15.28452608376216
2024-092C
1 59775U 24092C   26131.56776263  .00006275  00000+0  22741-3 0  9993
2 59775  97.6579 261.4485 0007891 318.0598  42.0036 15.28719639109980
WEILAI 1R
1 44884U 19093F   26131.57665032  .00002123  00000+0  17385-3 0  9991
2 44884  97.7825 221.4249 0015149 150.2724 209.9364 15.00320113346937
GEISAT PRECURSOR
1 56934U 23084C   26131.63335544  .00005531  00000+0  16986-3 0  9996
2 56934  97.6168 271.4102 0007270 112.9552 247.2458 15.34134625161929
BALKAN-1
1 62611U 25009C   26131.52598459  .00004166  00000+0  17204-3 0  9995
2 62611  97.3921 211.2333 0008662 102.9103 257.3102 15.24535980 73172
TRANSPORTER-16 OBJECT BG
1 68470U 26067BG  26131.39466771  .00003980  00000+0  20466-3 0  9992
2 68470  97.4453  90.2921 0006727 180.0494 180.0740 15.17013290  6353
NOAA 9
1 15427U 84123A   26105.07281987  .00000048  00000+0  47198-4 0  9997
2 15427  99.1049 130.2327 0014957 164.9720 219.9743 14.17051007134487
UHETSAT
1 58466U 23185E   26131.65281618  .00004311  00000+0  14734-3 0  9998
2 58466  97.3500 199.4599 0014730  83.4298 276.8620 15.30719969135707
SITRO-AIS 12 (SMIRENNIY)
1 57204U 23091AQ  26131.43378985  .00011907  00000+0  33042-3 0  9995
2 57204  97.5107 201.3388 0006915 185.9629 174.1534 15.37047108159124
SARAL
1 39086U 13009A   26131.58917729  .00000049  00000+0  34020-4 0  9995
2 39086  98.5563 318.6197 0002654  55.2995 304.8439 14.32846846690362
SITRO-AIS 45
1 61788U 24199BF  26131.58855831  .00028912  00000+0  43121-3 0  9996
2 61788  97.2955   6.6216 0009166  72.2101 288.0153 15.54992881128713
KINEIS-2B
1 62934U 25028G   26131.39854308  .00000778  00000+0  12796-3 0  9993
2 62934  97.9691 184.9262 0002005 263.4455  96.6525 14.73287581 67243
RISING 2
1 39769U 14029D   26131.61467598  .00003678  00000+0  31499-3 0  9991
2 39769  97.6551 200.8194 0005291  77.1825 282.9988 14.98167958648079
VELOX-AM
1 57482U 23109B   24010.80486117  .00011208  00000+0  52712-3 0  9994
2 57482   5.0045 110.9764 0011546 327.6281  32.3119 15.15302227 25000
EUCROPIS
1 43807U 18099BB  26131.40537269  .00004299  00000+0  20247-3 0  9999
2 43807  97.4247 187.7421 0007031  76.0127 284.1890 15.20029385406873
NORBI
1 46494U 20068J   26131.62586672  .00015018  00000+0  30009-3 0  9997
2 46494  97.8653 144.4144 0007720  47.0506 313.1389 15.46892054310553
HAWK-11C
1 62381U 24247E   26131.28187647  .00004258  00000+0  15486-3 0  9990
2 62381  45.0022 131.2970 0005238 348.7136  11.3629 15.29829083 77359
GLOBAL-32
1 64231U 25118B   26130.75842855  .00005936  00000+0  16047-3 0  9992
2 64231  58.9940 283.6505 0011659  15.1693 344.9731 15.39047250 52485
ION SCV-004
1 50993U 22002K   26131.15801551  .00003424  00000+0  12011-3 0  9991
2 50993  97.2861 189.5176 0008955 120.4758 239.7368 15.30075215239632
2025-012B
1 62726U 25012B   26131.16183835  .00003194  00000+0  14757-3 0  9994
2 62726  97.4238 204.7590 0010115  53.7447 306.4722 15.20872264 72621
BRO-5
1 51061U 22002CF  26131.62356851  .00009672  00000+0  20377-3 0  9993
2 51061  97.3013 205.0246 0006575 103.5487 256.6495 15.45445527240609
HORS 1
1 57188U 23091Y   26131.59531093  .00005606  00000+0  22023-3 0  9990
2 57188  97.5090 194.9918 0008286 211.5810 148.4932 15.26076546158731
HYPERVIEW 1G (RS66S)
1 61772U 24199AP  26131.57207496  .00066912  00000+0  60756-3 0  9991
2 61772  97.2953   9.6774 0007654  67.5978 292.6093 15.67757789128922
BLACK KITE-1
1 66741U 25276CD  26131.45068582  .00004551  00000+0  21431-3 0  9995
2 66741  97.4252 205.7371 0007221 115.6665 244.5317 15.20009820 22144
TRANSPORTER-11 OBJECT BF
1 60521U 24149BF  26131.52924422  .00094233  00000+0  70769-3 0  9999
2 60521  97.3770 225.0351 0000515 352.9787   7.1469 15.72302814 97308
AAUSAT 3
1 39087U 13009B   26104.45868906  .00000432  00000+0  15098-3 0  9993
2 39087  98.3703 289.7054 0012250  48.3095 311.9140 14.39859833688007
SITRO-AIS 7 (FARTUSHNIY)
1 57194U 23091AE  26131.57538276  .00003270  00000+0  13409-3 0  9998
2 57194  97.5088 194.2996 0010586 230.0787 129.9521 15.24946333158690
COSMOS 2488 (RODNIK-S 7)
1 39483U 13076A   26131.57314495 -.00000014  00000+0 -16962-3 0  9998
2 39483  82.4860 191.5054 0019899 171.8275 188.3132 12.42904449561343
SKYBEE-A02
1 64544U 25135S   26131.59878678  .00001780  00000+0  86087-4 0  9998
2 64544  97.4690 246.7874 0000301 311.1087  49.0121 15.19903952 49276
S-NET D
1 43186U 18014G   26131.24695488  .00002601  00000+0  13759-3 0  9991
2 43186  97.5390  36.2732 0009438 137.3053 222.8914 15.16319487453168
GRUS-1C
1 47933U 21022B   26131.67364612  .00000476  00000+0  43999-4 0  9995
2 47933  97.5406  15.9855 0014370  84.1993 276.0868 14.98900954280434
ION SCV-010
1 56192U 23054Q   26131.43966438  .00003009  00000+0  12011-3 0  9992
2 56192  97.3827  21.4096 0012246 342.7921  17.2901 15.25870158170590
D-STAR ONE (SPARROW)
1 43881U 18111F   26131.34207486  .00074418  00000+0  73723-3 0  9991
2 43881  97.6114  68.9740 0007699 109.5568 250.6523 15.65557050405598
ICEYE-X42
1 62698U 25009CT  26131.18291464  .00001186  00000+0  12301-3 0  9990
2 62698  97.7399 210.1613 0001536 108.3031 251.8356 14.91824528 71778
NINGXIA-1 1
1 44779U 19076A   26131.62622206 -.00000052  00000+0  50423-4 0  9998
2 44779  45.0072 343.2356 0011370 342.0163  18.0268 14.02035092332726
ARIRANG-5 (KOMPSAT-5)
1 39227U 13042A   26131.65288277  .00001116  00000+0  83953-4 0  9991
2 39227  97.6224 318.8659 0001864 259.7262 100.3754 15.04561772698367
COSMOS 2572
1 58435U 23182A   26130.36186287  .00011675  19267-5  40841-4 0  9995
2 58435  96.6726 235.0161 0006811 294.1160  65.9403 15.90162755142443
INTUITION-1
1 58565U 23174CW  26079.94417252  .01602121  21960-2  12467-2 0  9999
2 58565  97.3583 177.5703 0007321 275.7269  84.3182 16.15355829132688
2023-091P
1 57179U 23091P   26131.59329860  .00002267  00000+0  12063-3 0  9990
2 57179  97.5121 187.9467 0013426 249.5295 110.4496 15.16201214158248
CENTISPACE-1 S6
1 54021U 22126B   26131.57355726  .00000383  00000+0  11254-3 0  9997
2 54021  55.0005   1.1656 0014054 358.1675   1.9265 14.62236709191641
2024-092C
1 59775U 24092C   26131.56776263  .00006275  00000+0  22741-3 0  9993
2 59775  97.6579 261.4485 0007891 318.0598  42.0036 15.28719639109980
LEMUR-2-GRAM-E-SUE
1 67370U 26004H   26130.99032939  .00001505  00000+0  16861-3 0  9996
2 67370  97.7980 130.1353 0005295 267.7870  92.2740 14.88304468 17760
CANX-5
1 40056U 14034D   26131.19966159  .00000537  00000+0  76211-4 0  9991
2 40056  98.3174   5.1889 0013811 126.6488 233.5995 14.81211971629861
ASNARO
1 40298U 14070A   26131.61281874  .00008294  00000+0  39295-3 0  9998
2 40298  97.3454 208.7075 0002153 270.5581  89.5408 15.19562701638452
SITRO-AIS 43
1 61755U 24199W   26131.63171920  .00047145  00000+0  50867-3 0  9990
2 61755  97.2970   9.6126 0005981  65.7021 294.4862 15.63508926132071
COSMOS 2582
1 62903U 25026B   26130.73950917  .00000838  00000+0  74668-4 0  9991
2 62903  81.9934 112.7039 0010183 171.3628 188.7769 14.94891843 68618
UNISAT-7
1 47945U 21022P   26131.51080326  .00008549  00000+0  21979-3 0  9990
2 47945  97.3919  36.0763 0008608 192.6375 167.4656 15.39488922284212
INTUITION-1
1 58565U 23174CW  26079.94417252  .01602121  21960-2  12467-2 0  9999
2 58565  97.3583 177.5703 0007321 275.7269  84.3182 16.15355829132688
YAOGAN-12
1 37875U 11066B   26131.61872869  .00006703  00000+0  26204-3 0  9996
2 37875  97.1177 171.9134 0009879   7.3282 352.8100 15.26123125806466
HAIYANG 4-01
1 61936U 24208A   26131.65373635  .00000291  00000+0  52618-4 0  9999
2 61936  98.0041 139.9104 0000621  54.1601 305.9665 14.73301486 80067
ALSAT-3B
1 67646U 26021A   26131.17586235  .00003414  00000+0  14515-3 0  9990
2 67646  97.4594 205.1683 0014769 286.9075  73.0542 15.23634201 15237
2019-093L
1 44889U 19093L   26105.17794748  .00002107  00000+0  20183-3 0  9992
2 44889  97.7572 184.1961 0010293 259.3046 100.7015 14.94199730342398
BLACKJACK ACES-3
1 56950U 23084U   26131.33082739  .00003291  00000+0  16333-3 0  9993
2 56950  97.6155 266.2598 0004334 118.0380 242.1293 15.18417596161573
2024-092C
1 59775U 24092C   26131.56776263  .00006275  00000+0  22741-3 0  9993
2 59775  97.6579 261.4485 0007891 318.0598  42.0036 15.28719639109980
LEMUR-2-SIERRINI
1 60579U 24149DR  26131.18762046  .00006755  00000+0  41781-3 0  9990
2 60579  97.6831 213.6420 0003718 308.3608  51.7287 15.10158513 94876
KINEIS-4D
1 63302U 25056C   26131.63534762 -.00001807  00000+0 -27823-3 0  9993
2 63302  97.9131 256.7746 0003819  89.3903 270.7742 14.72334480 61750
KINEIS-1A
1 60084U 24114F   26131.30492627  .00000151  00000+0  26513-4 0  9993
2 60084  97.9061 155.4031 0002698 243.1282 116.9654 14.80523643101930
ASNARO-2
1 43152U 18007A   26131.57587001  .00005154  00000+0  22612-3 0  9997
2 43152  97.3992 139.0721 0001824  88.4648 271.6798 15.22395671461846
UNISAT-6
1 40012U 14033C   26131.42027005  .00001955  00000+0  21502-3 0  9993
2 40012  97.7835 284.7952 0045113 187.9551 172.0955 14.88027181640699
DONGPO 01
1 53453U 22098K   26131.63084214  .00049923  00000+0  47470-3 0  9993
2 53453  97.5531 260.4676 0000870 149.8074 210.3236 15.66714333209020
ZHANGHENG 1-02 (CSES-2)
1 64393U 25128A   26130.88167125  .00004366  00000+0  19974-3 0  9994
2 64393  97.3541 258.5396 0011468 240.2750 119.7345 15.20991864 50251
MONOLITH
1 49052U 21068A   26131.36340985  .00002025  00000+0  13168-3 0  9998
2 49052  37.0218 124.9016 0004497 267.3907  92.6324 15.08781838261716
MOHAMMED VI-B
1 43717U 18095A   26131.59636057  .00000418  00000+0  66480-4 0  9999
2 43717  97.9559 204.4230 0001329  75.0975 285.0382 14.77069415402784
LEMUR-2-SIERRINI
1 60579U 24149DR  26131.18762046  .00006755  00000+0  41781-3 0  9990
2 60579  97.6831 213.6420 0003718 308.3608  51.7287 15.10158513 94876
FORMOSAT 7-6
1 44353U 19036Q   26131.55027850  .00001736  00000+0  12361-3 0  9995
2 44353  23.9965 216.5952 0001331  46.1913 313.8698 14.96355774376327
GLOBAL-17
1 49949U 21120A   26131.51985774  .00018798  00000+0  32533-3 0  9991
2 49949  41.9953 267.4657 0013237 350.5913   9.4681 15.50440467249208
KINEIS-4D
1 63302U 25056C   26131.63534762 -.00001807  00000+0 -27823-3 0  9993
2 63302  97.9131 256.7746 0003819  89.3903 270.7742 14.72334480 61750
ETRSS-1
1 44880U 19093B   26131.57012538  .00002156  00000+0  19898-3 0  9991
2 44880  97.7802 216.1085 0011696 169.9789 190.1667 14.95653841346586
2024-110D
1 60015U 24110D   24188.53634359  .00006476  00000+0  43663-3 0  9998
2 60015  97.6015 274.8756 0014319 188.7929 171.3049 15.06913094  4550
H2SAT (HEINRICH HERTZ)
1 57213U 23093A   26131.53834906  .00000013  00000+0  00000+0 0  9998
2 57213   0.0122 233.8054 0000937 250.4688 299.5696  1.00272086 10544
ZHANGHENG 1-02 (CSES-2)
1 64393U 25128A   26130.88167125  .00004366  00000+0  19974-3 0  9994
2 64393  97.3541 258.5396 0011468 240.2750 119.7345 15.20991864 50251
THEOS-2 (T2V)
1 58016U 23155A   26131.64619032  .00000461  00000+0  65164-4 0  9996
2 58016  97.8889 203.1741 0001555  93.9738 266.1653 14.81679198140013
ION SCV-016
1 62628U 25009V   26131.39083099  .00012772  00000+0  27812-3 0  9995
2 62628  97.4320 173.5655 0594040 221.9660 133.4556 14.49323531 70213
IRIDE-MS2-HEO-8
1 64587U 25135BM  26131.58579098  .00001150  00000+0  11929-3 0  9991
2 64587  97.7691 246.5876 0003139 104.1169 256.0399 14.91887224 48447
SITRO-AIS 21
1 61739U 24199E   26131.59719753  .00000789  00000+0  76925-4 0  9996
2 61739  97.3277 331.7924 0012446 179.4511 180.6726 14.94967424126286
DEMO8 (TENZING)
1 48951U 21059CA  26131.09292465  .00013721  00000+0  21678-3 0  9994
2 48951  97.7050 321.7291 0008276 118.3663 241.8425 15.53584421271546
239ALFEROV (RS61S)
1 64881U 25155F   26131.58636025  .00009547  00000+0  31189-3 0  9992
2 64881  97.4533 100.5861 0005344 320.6155  39.4697 15.31947801 75200
JILIN-1 09
1 43943U 19005B   26131.58584917  .00002857  00000+0  13514-3 0  9996
2 43943  97.4715 226.8751 0001972 175.7183 184.4070 15.20183584403581
WT 1A
1 44315U 19032F   26105.22999984  .00529332  13083-3  98827-3 0  9997
2 44315  44.9664 220.4943 0015444 343.5976  16.4433 15.99984378379655
AEROCUBE 18B
1 63222U 25052N   26131.42442300  .00003673  00000+0  15491-3 0  9992
2 63222  97.4015  25.3620 0002653 249.6834 110.4118 15.23928992 64290
GLOBAL-4
1 44499U 19054E   26131.25438623  .00031341  00000+0  36842-3 0  9992
2 44499  45.0057  88.9164 0003657  89.3025 270.8290 15.60922316374587
APRIZESAT 6
1 37793U 11044F   26131.51662527  .00000361  00000+0  58585-4 0  9990
2 37793  98.2385  41.2651 0042554 201.6567 341.6151 14.76864558791734
SAUDISAT 2
1 28371U 04025F   26131.41734526  .00000176  00000+0  50243-4 0  9998
2 28371  98.5511 130.4506 0025693  51.6177 308.7322 14.56660863160392
FLORIPASAT-1
1 44885U 19093G   26131.62524301  .00003665  00000+0  27329-3 0  9992
2 44885  97.7876 225.6046 0011722 187.9841 172.1199 15.03467447347152
XW-3 (CAS-9)
1 50466U 21131B   26131.60904977  .00000507  00000+0  17024-3 0  9992
2 50466  98.4952 224.2006 0003724 190.8771 169.2338 14.41322357229844
ELEKTRO-L 2
1 41105U 15074A   26131.17892606 -.00000103  00000+0  00000+0 0  9993
2 41105   6.6016  70.9674 0001606 276.0919 291.8147  1.00273193 38135
MOZHAETS 4 (RS22)
1 27939U 03042A   26131.67810366  .00000539  00000+0  91481-4 0  9992
2 27939  98.3476 315.0079 0011964  30.3532  37.2999 14.73401435210173
IRIDE-MS2-HEO-5
1 64571U 25135AV  26131.57562280  .00001003  00000+0  10297-3 0  9992
2 64571  97.7684 246.2632 0003083  78.5988 281.5577 14.92576494 48424
LILIUM-1
1 58467U 23185F   26131.60513552  .00258769  26947-4  80091-3 0  9999
2 58467  97.3213 214.1009 0007790 242.7161 117.3320 15.91635590136797
PHASE 3B (AO-10)
1 14129U 83058B   26129.52219316  .00000202  00000+0  00000+0 0  9992
2 14129  25.8944 225.9972 6024432 105.0137 325.5502  2.05868845294693
CAS-2T & KS-1Q
1 41847U 16066G   26131.46118653  .00000501  00000+0  80525-4 0  9999
2 41847  98.3825 207.6129 0341017 240.9024 115.7626 14.44589120499496
SITRO-AIS 17
1 61789U 24199BG  26131.55189065  .00001524  00000+0  13439-3 0  9992
2 61789  97.3251 333.4435 0005930 186.5762 173.5384 14.97758096126553
AIST-2 (RS43)
1 39133U 13015D   26105.14370058  .00003361  00000+0  13917-3 0  9997
2 39133  64.8676 103.3656 0021879 247.6775 112.2036 15.25604504714286
ICEYE-X59
1 66752U 25276CQ  26131.48676488  .00001600  00000+0  12518-3 0  9998
2 66752  97.4208 204.3880 0001540  78.7741 281.3658 15.02384207 24761
DONGPO 04
1 53451U 22098H   26117.57590324  .09658889  26632-5  28822-3 0  9993
2 53451  97.5482 255.1474 0012672 271.4877  88.4972 16.44056768207371
HAWK-11A
1 62382U 24247F   26131.47785907  .00004044  00000+0  14761-3 0  9993
2 62382  44.9915 129.6168 0004682 349.0254  11.0527 15.29827980 77387
CUBESAT XI-IV (CO-57)
1 27848U 03031J   26131.47801683  .00000163  00000+0  90730-4 0  9998
2 27848  98.6780 140.2400 0008541 316.3699  43.6804 14.23600673186153
AAC-AIS-SAT2
1 56996U 23084BY  26131.65082281  .00002111  00000+0  24591-3 0  9995
2 56996  98.1430 270.7161 0056488 215.6442 144.0994 14.85273003147951
CONNECTA IOT-10
1 64555U 25135AD  26131.56405366  .00001949  00000+0  93208-4 0  9997
2 64555  97.4638 246.9558 0002487  92.7031 267.4488 15.20182462 49290
COSMOS 2407
1 28380U 04028A   26131.37449712  .00000061  00000+0  46870-4 0  9990
2 28380  82.9580 102.0982 0039221 357.5775 167.2292 13.76331476 94815
SITRO-AIS 47
1 61773U 24199AQ  26131.63405497  .00030696  00000+0  44924-3 0  9999
2 61773  97.2974   6.9132 0008982  71.8006 288.4226 15.55500336128752
CSTP 1.1 (STC 1.1)
1 57202U 23091AN  26131.57969018  .00003022  00000+0  14861-3 0  9998
2 57202  97.5141 190.5985 0008369 229.6894 130.3609 15.18769171158404
UNIFORM 1
1 39767U 14029B   26131.55328255  .00001898  00000+0  17572-3 0  9996
2 39767  97.8033 229.0762 0006544  77.9148 282.2805 14.95692828648747
