FENGYUN 1C              
1 25730U 99025A   26276.48223525  .00000895  00000+0  38401-3 0  9996
2 25730  98.8565 351.4195 0012061 309.4764  50.5349 14.27296183413402
FENGYUN 1C DEB          
1 29733U 99025X   26276.33557748  .00000606  00000+0  10714-2 0  9990
2 29733  99.2045 292.4789 0564362 241.4297 126.6922 12.96930715929383
FENGYUN 1C DEB          
1 29734U 99025Y   26276.45493745  .00002141  00000+0  34508-2 0  9993
2 29734  99.1654 163.3070 0613290  54.9977 115.0554 12.92185064923534
FENGYUN 1C DEB          
1 29735U 99025Z   26276.48349187 -.00000183  00000+0 -24604-3 0  9990
2 29735  99.3791 147.4760 0697291 241.9690 110.9202 12.75900560911731
FENGYUN 1C DEB          
1 29736U 99025AA  26276.27837494  .00001416  00000+0  31703-2 0  9996
2 29736  99.4382  44.7855 0724870 286.4191  94.0411 12.57830400902477
FENGYUN 1C DEB          
1 29737U 99025AB  26276.54904189 -.00000565  00000+0 -10885-2 0  9997
2 29737  99.5748 188.2782 0690666 220.4993 321.0619 12.66261176905992
FENGYUN 1C DEB          
1 29738U 99025AC  26276.60315000  .00000576  00000+0  82598-3 0  9994
2 29738  99.4175  35.3625 0846702  13.2179 348.9674 12.62472868899362
FENGYUN 1C DEB          
1 29740U 99025AE  26276.29223877  .00001557  00000+0  41278-2 0  9991
2 29740  99.0652  49.1463 0971452 330.6816  24.2915 12.08745530864935
FENGYUN 1C DEB          
1 29741U 99025AF  26276.40642288  .00000909  00000+0  23452-2 0  9990
2 29741  99.1871  72.3908 1025418 205.0043 180.4145 12.01770467557223
FENGYUN 1C DEB          
1 29748U 99025AN  26275.33613445 -.00002121  00000+0 -18411-1 0  9999
2 29748 100.1544 138.0854 0552966 193.8423 164.6910 11.92621491822318
FENGYUN 1C DEB          
1 29750U 99025AQ  26275.89450738  .00000235  00000+0  15701-3 0  9990
2 29750  98.7274 301.5280 0035936 186.5476 296.8676 14.09867618 12067
FENGYUN 1C DEB          
1 29751U 99025AR  26274.88168214  .00000148  00000+0  80137-4 0  9993
2 29751  98.5155 298.9202 0088946   6.1080 116.4345 14.23830322 22434
FENGYUN 1C DEB          
1 29754U 99025AU  26276.58732517  .00000956  00000+0  46649-3 0  9994
2 29754  98.8957  25.4138 0036561 116.9222 257.0435 14.20084748 15248
FENGYUN 1C DEB          
1 29758U 99025AY  26276.62594172  .00003797  00000+0  10997-2 0  9998
2 29758  98.8675  49.0852 0021201 154.7805 218.6655 14.44940125 19265
FENGYUN 1C DEB          
1 29760U 99025BA  26275.95430296  .00000075  00000+0  63102-4 0  9996
2 29760  98.7715 274.9358 0131493  63.7600 297.7017 14.08467419 12330
FENGYUN 1C DEB          
1 29762U 99025BC  26276.39143809  .00000191  00000+0  85693-4 0  9996
2 29762  98.6110 257.3201 0202872 198.7336 321.9684 14.22953372 21331
FENGYUN 1C DEB          
1 29763U 99025BD  26275.93315596  .00000265  00000+0  16708-3 0  9992
2 29763  98.7951 252.3451 0128334  71.5652 313.1002 14.08079951 11913
FENGYUN 1C DEB          
1 29765U 99025BF  26276.31646402  .00000066  00000+0  70087-4 0  9990
2 29765  98.8164 290.0509 0058145 352.1761  20.9917 14.02215269  8705
FENGYUN 1C DEB          
1 29766U 99025BG  26276.28756855  .00001201  00000+0  80344-3 0  9999
2 29766  98.7016 215.3610 0142529 189.1355 327.9478 13.97931328999188
FENGYUN 1C DEB          
1 29767U 99025BH  26276.59337207  .00002009  00000+0  78502-3 0  9990
2 29767  98.2207 222.8654 0324074 299.7979 241.8949 14.05646753997397
FENGYUN 1C DEB          
1 29769U 99025BK  26276.12201152  .00001320  00000+0  68174-3 0  9999
2 29769  99.0857 343.6543 0090227  20.8395 339.6418 14.14766070  8387
FENGYUN 1C DEB          
1 29770U 99025BL  26276.46078767  .00001347  00000+0  62058-3 0  9996
2 29770  98.8322 357.1306 0062939 146.1202 275.9622 14.21693543 12698
FENGYUN 1C DEB          
1 29771U 99025BM  26276.50227254  .00115948  00000+0  53160-2 0  9995
2 29771  99.6084 193.0318 0004295 231.8406 128.2435 15.19919223375274
FENGYUN 1C DEB          
1 29772U 99025BN  26275.34870520  .00001328  00000+0  79586-3 0  9994
2 29772  98.3723 106.8213 0135799 178.3510 306.1973 14.04056503  2932
FENGYUN 1C DEB          
1 29773U 99025BP  26275.97859000  .00000446  00000+0  19634-3 0  9992
2 29773  99.0224  83.5961 0047425 159.0178 323.0435 14.28041050 23955
FENGYUN 1C DEB          
1 29774U 99025BQ  26276.38970891  .00000191  00000+0  10461-3 0  9997
2 29774  99.1095 231.1786 0050480   2.1099 150.1266 14.22952011 22664
FENGYUN 1C DEB          
1 29776U 99025BS  26276.32703376 -.00000033  00000+0  54693-5 0  9998
2 29776  98.7461 299.2460 0024234 157.9347 215.6501 14.07915113 12253
FENGYUN 1C DEB          
1 29777U 99025BT  26276.47294554  .00000142  00000+0  14023-3 0  9999
2 29777  99.2435 338.0725 0093703 132.6554 243.0407 13.92196839  1419
FENGYUN 1C DEB          
1 29779U 99025BV  26276.26396083  .00000214  00000+0  13294-3 0  9997
2 29779  98.6734 283.6927 0063892  45.3377 315.2979 14.13680711 15742
FENGYUN 1C DEB          
1 29780U 99025BW  26276.30433136  .00002031  00000+0  91665-3 0  9992
2 29780  99.2827 217.5166 0042952  14.8103 345.4321 14.22871565 12626
FENGYUN 1C DEB          
1 29781U 99025BX  26276.23623012  .00000385  00000+0  25572-3 0  9993
2 29781  98.8287 267.4817 0073005  67.9426 358.7441 14.05765555  7782
FENGYUN 1C DEB          
1 29782U 99025BY  26276.44080574  .00001052  00000+0  58311-3 0  9996
2 29782  99.0795 339.1239 0054629  96.3459 277.5098 14.12749303  8304
FENGYUN 1C DEB          
1 29784U 99025CA  26276.58727084  .00000552  00000+0  22212-3 0  9992
2 29784  98.9537 209.0862 0059305 156.7468  17.9173 14.31218062 25732
FENGYUN 1C DEB          
1 29786U 99025CC  26276.29373225 -.00000015  00000+0  15440-4 0  9997
2 29786  98.7235 289.3982 0077567 188.6485 184.7019 14.09241107 13082
FENGYUN 1C DEB          
1 29788U 99025CE  26276.20670442  .00001552  00000+0  64061-3 0  9999
2 29788  98.7670 353.6845 0040523  55.5058 329.8432 14.27773539 15565
FENGYUN 1C DEB          
1 29789U 99025CF  26276.26364531  .00000817  00000+0  94678-3 0  9995
2 29789  99.4656  91.9486 0295830 254.7477 284.3691 13.54958998969756
FENGYUN 1C DEB          
1 29790U 99025CG  26276.26937180  .00000359  00000+0  14513-3 0  9994
2 29790  99.1510 291.5874 0076775  43.0965 317.6193 14.32708020 27432
FENGYUN 1C DEB          
1 29791U 99025CH  26276.37868481  .00002448  00000+0  49854-3 0  9991
2 29791  99.0280 308.2633 0037468 242.8638 127.3573 14.61651983 31460
FENGYUN 1C DEB          
1 29792U 99025CJ  26276.08453378  .00001198  00000+0  62024-3 0  9990
2 29792  98.7322 326.1513 0047604 272.6745  86.8980 14.16235243 11054
FENGYUN 1C DEB          
1 29793U 99025CK  26263.24568367  .00001080  00000+0  67563-3 0  9993
2 29793  98.3794  63.8275 0138903 263.7166 222.9898 14.01980339    17
FENGYUN 1C DEB          
1 29794U 99025CL  26275.32161088  .00000710  00000+0  38310-3 0  9992
2 29794  98.2357  53.5009 0154530 277.0159 144.1529 14.09654537  9726
FENGYUN 1C DEB          
1 29795U 99025CM  26276.59090167 -.00000023  00000+0  14361-4 0  9991
2 29795  98.9092  39.3391 0111802 187.7197 185.8657 13.93027162  1580
FENGYUN 1C DEB          
1 29796U 99025CN  26276.09737044  .00000623  00000+0  35268-3 0  9992
2 29796  98.8340 329.4200 0052902 153.3957 237.1791 14.12976115 12154
FENGYUN 1C DEB          
1 29798U 99025CQ  26276.15502201  .00001265  00000+0  83766-3 0  9995
2 29798  99.2926 349.7058 0108632 187.1253 203.1249 14.00617723   447
FENGYUN 1C DEB          
1 29800U 99025CS  26275.93330578  .00002118  00000+0  13579-2 0  9992
2 29800  98.2828 274.6940 0132337 117.5463 273.5450 13.99996245996913
FENGYUN 1C DEB          
1 29801U 99025CT  26276.26750939  .00000186  00000+0  75250-4 0  9996
2 29801  98.7766 188.0183 0104402 117.7783  33.6946 14.36146124 31679
FENGYUN 1C DEB          
1 29802U 99025CU  26276.61743087  .00008560  00000+0  14175-2 0  9993
2 29802  98.6349  45.8561 0033198 141.4553 232.4099 14.70177563 27940
FENGYUN 1C DEB          
1 29804U 99025CW  26276.28491944 -.00000254  00000+0 -12706-3 0  9993
2 29804  98.8060 280.5920 0097592 196.1431 286.4607 14.04388587 10236
FENGYUN 1C DEB          
1 29805U 99025CX  26276.37934962  .00000045  00000+0  84966-4 0  9990
2 29805  99.4140 328.2727 0188479 182.2164 177.8167 13.72739216987456
FENGYUN 1C DEB          
1 29806U 99025CY  26276.31139564  .00000463  00000+0  27286-3 0  9995
2 29806  98.7023 288.7069 0029372 133.0863 240.3091 14.12485125 12930
FENGYUN 1C DEB          
1 29807U 99025CZ  26276.24605789  .00000092  00000+0  76139-4 0  9995
2 29807  98.7607 277.5010 0078988 218.9073 140.6396 14.08874409 12374
FENGYUN 1C DEB          
1 29809U 99025DB  26276.23481675  .00000257  00000+0  78656-4 0  9991
2 29809  98.8960 259.0314 0114947 186.7004 186.1439 14.47115432 37268
FENGYUN 1C DEB          
1 29810U 99025DC  26276.41717545  .00000286  00000+0  12827-3 0  9990
2 29810  99.1683 334.0878 0065651 247.8539 124.4907 14.29470532 25845
FENGYUN 1C DEB          
1 29812U 99025DE  26275.96395690  .00000753  00000+0  46791-3 0  9990
2 29812  98.3638  85.6948 0142046 215.4380 298.7381 14.02919826  1765
FENGYUN 1C DEB          
1 29813U 99025DF  26276.33084914  .00000116  00000+0  90664-4 0  9999
2 29813  98.7115 291.8623 0013564 110.0778 264.5610 14.09525184 14109
FENGYUN 1C DEB          
1 29815U 99025DH  26276.25542913  .00001646  00000+0  24845-3 0  9996
2 29815  98.0536 283.8394 0175886 285.6649  72.5210 14.65859235 41639
FENGYUN 1C DEB          
1 29816U 99025DJ  26276.43809922  .00002696  00000+0  54471-3 0  9997
2 29816  98.9556 158.7386 0232137  18.1877 156.4425 14.46702349 24449
FENGYUN 1C DEB          
1 29817U 99025DK  26276.20299074  .00000338  00000+0  19758-3 0  9994
2 29817  98.5845 258.5853 0010866 248.8265 124.3868 14.14591590 15568
FENGYUN 1C DEB          
1 29818U 99025DL  26276.13629862 -.00000062  00000+0 -11497-4 0  9998
2 29818  98.6787 146.3996 0113314 278.6163 234.7855 14.04679149  9377
FENGYUN 1C DEB          
1 29819U 99025DM  26276.19930953  .00000225  00000+0  14930-3 0  9994
2 29819  98.7657 253.4504 0189945 323.7648  47.3064 14.02475158  7485
FENGYUN 1C DEB          
1 29820U 99025DN  26276.24775378  .00000315  00000+0  22500-3 0  9992
2 29820  98.8339 279.5506 0072806 135.6425 237.8229 14.02989537  6856
FENGYUN 1C DEB          
1 29821U 99025DP  26276.43518039  .00000991  00000+0  29562-3 0  9998
2 29821  98.8364 333.3546 0370840   4.6812   7.6224 14.12236797  6696
FENGYUN 1C DEB          
1 29827U 99025DV  26275.96436912  .00000288  00000+0  14943-3 0  9996
2 29827  98.6252 265.2574 0025182 185.1100 232.3116 14.22046922 20346
FENGYUN 1C DEB          
1 29828U 99025DW  26276.38839709  .00000406  00000+0  25529-3 0  9999
2 29828  98.7447 318.3201 0061130  46.2150 327.1682 14.08794748  8781
FENGYUN 1C DEB          
1 29832U 99025EA  26276.29691338  .00000381  00000+0  76422-4 0  9999
2 29832  98.8533  50.4674 0192888 104.7378 257.5281 14.57071680 45440
FENGYUN 1C DEB          
1 29833U 99025EB  26275.61416148  .00004430  00000+0  36485-3 0  9992
2 29833  99.0746 308.8309 0080127  33.6169 327.0095 14.97255430 49615
FENGYUN 1C DEB          
1 29835U 99025ED  26276.35694123  .00000229  00000+0  72022-4 0  9997
2 29835  99.0690  68.1215 0165955 243.2523 145.1878 14.43577871 37435
FENGYUN 1C DEB          
1 29836U 99025EE  26275.53953789  .00000571  00000+0  12354-3 0  9994
2 29836  98.1874  10.4717 0152257  13.9966 356.6356 14.55226395678279
FENGYUN 1C DEB          
1 29841U 99025EK  26276.38698723  .00000340  00000+0  85190-4 0  9991
2 29841  98.8561 241.5448 0198652 168.7843 343.5121 14.47278825 35813
FENGYUN 1C DEB          
1 29842U 99025EL  26276.55867359  .00001913  00000+0  35599-3 0  9998
2 29842  98.5673  19.7275 0102375 332.9897  38.8999 14.63079184 36553
FENGYUN 1C DEB          
1 29843U 99025EM  26276.46189071  .00000260  00000+0  10096-3 0  9996
2 29843  99.0106 130.2798 0191834 156.5375 322.7168 14.28975202 24804
FENGYUN 1C DEB          
1 29844U 99025EN  26276.52450003  .00000878  00000+0  29206-3 0  9998
2 29844  98.9217 191.7708 0167550  26.2394 334.7158 14.32745699 25624
FENGYUN 1C DEB          
1 29845U 99025EP  26276.23750781  .00000410  00000+0  18066-3 0  9997
2 29845  98.5324 274.1140 0076798 350.2199  22.7776 14.27016067 23084
FENGYUN 1C DEB          
1 29846U 99025EQ  26276.34318409  .00000090  00000+0  60813-4 0  9999
2 29846  98.6171 315.7033 0084894 173.6858 249.9778 14.19242541 20366
FENGYUN 1C DEB          
1 29847U 99025ER  26276.23275823 -.00000044  00000+0  25163-6 0  9991
2 29847  98.9196 271.0543 0083713 298.7275  73.8333 14.03177705  8660
FENGYUN 1C DEB          
1 29848U 99025ES  26276.05133853  .00001256  00000+0  54977-3 0  9995
2 29848  98.2228 128.1119 0114562 152.7517   2.0756 14.21864047 12824
FENGYUN 1C DEB          
1 29849U 99025ET  26276.53417721  .00001135  00000+0  70278-3 0  9996
2 29849  99.0016   3.8983 0079151 301.6976  70.0870 14.05777488  5115
FENGYUN 1C DEB          
1 29850U 99025EU  26276.20651213  .00000449  00000+0  31022-3 0  9999
2 29850  98.1120 175.1759 0106057 170.7872 341.8265 14.00731804  1416
FENGYUN 1C DEB          
1 29851U 99025EV  26276.11167014  .00000208  00000+0  21195-3 0  9994
2 29851  99.5452 327.0732 0142188 169.8344 219.3276 13.83791200994381
FENGYUN 1C DEB          
1 29852U 99025EW  26276.04476932  .00001343  00000+0  74444-3 0  9995
2 29852  99.3591 301.8618 0132936  55.6712 333.7308 14.08670087  1213
FENGYUN 1C DEB          
1 29853U 99025EX  26276.25668283  .00000373  00000+0  27659-3 0  9999
2 29853  98.4729  18.5195 0159856 123.7632 237.8876 13.94591686997733
FENGYUN 1C DEB          
1 29854U 99025EY  26276.40733088  .00000207  00000+0  20800-3 0  9990
2 29854  98.9667  68.2943 0145706 337.5281  47.6358 13.83557878994188
FENGYUN 1C DEB          
1 29855U 99025EZ  26276.51969998  .00001557  00000+0  88791-3 0  9996
2 29855  98.1829 193.6491 0178379 288.7906 249.1440 14.03338439998442
FENGYUN 1C DEB          
1 29856U 99025FA  26276.26568589  .00010151  00000+0  15550-2 0  9992
2 29856  98.6913  26.1561 0235336 121.0920 269.8186 14.56894568  6525
FENGYUN 1C DEB          
1 29857U 99025FB  26276.37153525  .00000764  00000+0  64231-3 0  9995
2 29857  98.4367 257.8951 0189479 209.9257 149.0961 13.82765430988463
FENGYUN 1C DEB          
1 29858U 99025FC  26275.78234008  .00000598  00000+0  55088-3 0  9991
2 29858  99.2164  14.0144 0194121   5.5603 121.3987 13.78515405986043
FENGYUN 1C DEB          
1 29859U 99025FD  26276.23769325  .00001553  00000+0  12112-2 0  9990
2 29859  98.3528  79.3984 0292867 136.5668 225.8965 13.75226914980261
FENGYUN 1C DEB          
1 29860U 99025FE  26275.53905561  .00001337  00000+0  11349-2 0  9999
2 29860  98.6000 287.4676 0216776 271.2092 214.7724 13.78874710981867
FENGYUN 1C DEB          
1 29865U 99025FK  26276.38491611  .00003678  00000+0  38430-3 0  9995
2 29865  98.9332 227.1813 0107162 286.2058 232.3869 14.86302388 51303
FENGYUN 1C DEB          
1 29866U 99025FL  26276.21275072  .00001597  00000+0  23304-3 0  9991
2 29866  98.0654 260.9298 0191997   5.6334   7.0470 14.65445939 46387
FENGYUN 1C DEB          
1 29868U 99025FN  26276.40029590  .00003167  00000+0  30004-3 0  9996
2 29868  97.9107 323.8368 0187792 126.6511 235.2132 14.81908355 46559
FENGYUN 1C DEB          
1 29869U 99025FP  26276.36368019  .00000388  00000+0  14015-3 0  9990
2 29869  98.8963 221.2596 0085449 221.5003 293.0659 14.37420792 30476
FENGYUN 1C DEB          
1 29870U 99025FQ  26276.36242622  .00000078  00000+0  44305-4 0  9995
2 29870  98.5001 244.3468 0120872  45.9537 109.9463 14.29076563 27997
FENGYUN 1C DEB          
1 29871U 99025FR  26276.38489932  .00001453  00000+0  42991-3 0  9991
2 29871  99.0031 250.8034 0055949 314.8740 201.8654 14.44211050 29528
FENGYUN 1C DEB          
1 29872U 99025FS  26276.30337837  .00000784  00000+0  19179-3 0  9998
2 29872  98.3338 289.7059 0233610 146.6580 214.9574 14.40052340 28295
FENGYUN 1C DEB          
1 29873U 99025FT  26276.48514098  .00000077  00000+0  82939-4 0  9994
2 29873  99.4064 149.6175 0092590 117.0852   3.7613 13.98422437  4349
FENGYUN 1C DEB          
1 29874U 99025FU  26276.20954850  .00002202  00000+0  79554-3 0  9999
2 29874  98.3631 167.3538 0095923 198.3493 314.6932 14.31951332 10539
FENGYUN 1C DEB          
1 29875U 99025FV  26276.36210808  .00000009  00000+0  20933-4 0  9996
2 29875  98.3633 319.6232 0080958 279.2835  90.3957 14.24935030 25110
FENGYUN 1C DEB          
1 29876U 99025FW  26276.05581497  .00000104  00000+0  66123-4 0  9995
2 29876  98.2940 314.0501 0060212 237.5026 152.8810 14.20457766 20948
FENGYUN 1C DEB          
1 29877U 99025FX  26275.94973456  .00000511  00000+0  23222-3 0  9997
2 29877  98.5414 278.3867 0047376  80.5183 309.9463 14.25345784 21593
FENGYUN 1C DEB          
1 29880U 99025GA  26275.69511987  .00000878  00000+0  54580-3 0  9997
2 29880  98.1780 166.4798 0231082 357.7171  67.5804 13.94840842996591
FENGYUN 1C DEB          
1 29881U 99025GB  26276.33558869  .00001546  00000+0  15836-2 0  9993
2 29881  98.7346 222.2059 0292273  23.6669 127.3640 13.60598096972396
FENGYUN 1C DEB          
1 29884U 99025GE  26276.48070363  .00000857  00000+0  27857-3 0  9991
2 29884  99.5753 350.3448 0042553   3.2724  10.1838 14.41338544 27945
FENGYUN 1C DEB          
1 29885U 99025GF  26276.61508426  .00000145  00000+0  91563-4 0  9999
2 29885  98.3671 197.7605 0118853  36.0548  83.7203 14.13738362 16249
FENGYUN 1C DEB          
1 29887U 99025GH  26276.51483738  .00001668  00000+0  38356-3 0  9999
2 29887  98.7043   5.9422 0282096 207.5798 165.0359 14.35264324 22001
FENGYUN 1C DEB          
1 29888U 99025GJ  26276.29670759  .00000533  00000+0  18969-3 0  9994
2 29888  99.1712 125.7096 0271430 267.2257  89.7827 14.20593585 16835
FENGYUN 1C DEB          
1 29889U 99025GK  26276.37906711  .00000324  00000+0  17696-3 0  9998
2 29889  99.5154  56.9080 0152629 298.5857  86.1457 14.13889309 14785
FENGYUN 1C DEB          
1 29890U 99025GL  26276.20797168  .00000530  00000+0  25127-3 0  9993
2 29890  99.4950  65.5068 0012678 328.8456  31.1968 14.24332248 16329
FENGYUN 1C DEB          
1 29891U 99025GM  26276.27573499  .00000647  00000+0  45938-3 0  9991
2 29891  98.7439 270.2252 0055892 164.7291 208.0757 14.00277935  6081
FENGYUN 1C DEB          
1 29892U 99025GN  26276.32556806  .00004893  00000+0  13904-2 0  9995
2 29892  99.2017  87.9890 0177112 160.3013 320.6502 14.37073843  8752
FENGYUN 1C DEB          
1 29893U 99025GP  26276.44727148  .00000062  00000+0  85351-4 0  9999
2 29893  98.5374 349.0569 0173859  76.0406 347.2427 13.79574107992037
FENGYUN 1C DEB          
1 29894U 99025GQ  26276.44147414  .00000238  00000+0  24037-3 0  9990
2 29894  99.4540 336.6103 0167268 347.2999  22.9470 13.81280775991454
FENGYUN 1C DEB          
1 29895U 99025GR  26276.37258890  .00002436  00000+0  91490-3 0  9993
2 29895  99.9092  59.5409 0294048 258.3991 127.0338 14.11551720996778
FENGYUN 1C DEB          
1 29896U 99025GS  26276.44117517  .00000341  00000+0  38373-3 0  9996
2 29896  99.3900 164.6630 0240223  62.7735 111.9731 13.65635940980647
FENGYUN 1C DEB          
1 29897U 99025GT  26275.04564248  .00000936  00000+0  10050-2 0  9990
2 29897  98.6091 108.8601 0296654  94.0810  35.4697 13.58168710969208
FENGYUN 1C DEB          
1 29898U 99025GU  26276.13524309  .00002026  00000+0  11885-2 0  9995
2 29898  98.2389 232.7217 0420722 113.3026 265.3976 13.72532531971977
FENGYUN 1C DEB          
1 29899U 99025GV  26276.28485614  .00000010  00000+0  56962-4 0  9995
2 29899  98.7052  34.3020 0353371  58.7421 304.7821 13.37579765960228
FENGYUN 1C DEB          
1 29901U 99025GX  26276.15798086  .00000214  00000+0  34397-3 0  9998
2 29901  98.7862  50.0812 0377594 272.0841 269.5334 13.33413575958423
FENGYUN 1C DEB          
1 29904U 99025HA  26276.13487793  .00000778  00000+0  18336-3 0  9999
2 29904  99.0046 337.3936 0206900 162.3641 198.4873 14.45303526 33096
FENGYUN 1C DEB          
1 29906U 99025HC  26276.28698702  .00003558  00000+0  85020-3 0  9994
2 29906  98.7162  35.4727 0032201 334.4671  25.4932 14.53990440 24308
FENGYUN 1C DEB          
1 29907U 99025HD  26276.18571525  .00001008  00000+0  54698-3 0  9992
2 29907  99.0936 352.4051 0083958 142.7383 246.2356 14.12914580  7567
FENGYUN 1C DEB          
1 29909U 99025HF  26276.59686237  .00005119  00000+0  10647-2 0  9998
2 29909  98.6449  36.6472 0037325 188.6090 187.1399 14.60089425 27030
FENGYUN 1C DEB          
1 29911U 99025HH  26276.37126513  .00000574  00000+0  29168-3 0  9992
2 29911  98.6868 319.1832 0025927  26.7561  37.7856 14.19589452 16098
FENGYUN 1C DEB          
1 29912U 99025HJ  26275.89602606  .00002704  00000+0  76332-3 0  9993
2 29912  98.7433  26.6289 0039308  61.7574  60.3762 14.46097123 22853
FENGYUN 1C DEB          
1 29913U 99025HK  26275.96243238  .00000025  00000+0  39264-4 0  9992
2 29913  98.8014 272.0485 0062890 161.9192 227.3075 14.07652457 10949
FENGYUN 1C DEB          
1 29914U 99025HL  26276.34266428  .00000016  00000+0  37449-4 0  9995
2 29914  98.8173 301.1908 0035728  15.0385 358.4870 14.03246621  9173
FENGYUN 1C DEB          
1 29916U 99025HN  26276.25076226  .00000286  00000+0  36242-3 0  9990
2 29916  99.1862 281.4576 0270095 224.9674 269.7987 13.57302172974474
FENGYUN 1C DEB          
1 29917U 99025HP  26276.50595181  .00000640  00000+0  63431-3 0  9999
2 29917  98.8490 120.6269 0224262  65.1829 355.8653 13.71053152981699
FENGYUN 1C DEB          
1 29918U 99025HQ  26276.51740836  .00001809  00000+0  64301-3 0  9995
2 29918  98.8464  11.0540 0014834 169.8799 255.4220 14.35591708 20218
FENGYUN 1C DEB          
1 29919U 99025HR  26276.29784477  .00000116  00000+0  12737-3 0  9996
2 29919  98.5249  48.4003 0136561 257.3560 130.2357 13.85250092996132
FENGYUN 1C DEB          
1 29920U 99025HS  26275.98579495  .00001091  00000+0  66241-3 0  9997
2 29920  98.3692 112.9216 0123430 166.2349 194.2236 14.04454377  4085
FENGYUN 1C DEB          
1 29921U 99025HT  26276.24487448  .00000412  00000+0  27024-3 0  9996
2 29921  98.7903 279.0347 0044811 322.2469  98.4560 14.06954767 10179
FENGYUN 1C DEB          
1 29922U 99025HU  26276.41699966 -.00000118  00000+0 -48587-4 0  9999
2 29922  99.0966 337.1205 0092454 276.9343  82.1311 13.98723217  5514
FENGYUN 1C DEB          
1 29923U 99025HV  26276.26622730  .00000435  00000+0  24933-3 0  9996
2 29923  98.6883 281.4299 0018321  53.4986 317.4824 14.14366320 14367
FENGYUN 1C DEB          
1 29924U 99025HW  26276.30018749  .00000047  00000+0  51492-4 0  9991
2 29924  98.7283 285.0591 0027533 143.4706 229.8761 14.08961405 13579
FENGYUN 1C DEB          
1 29926U 99025HY  26276.20406459  .00000262  00000+0  78990-4 0  9992
2 29926  98.3113 258.4399 0248197 140.9245 286.6685 14.33949996 27996
FENGYUN 1C DEB          
1 29927U 99025HZ  26276.45254535  .00009116  00000+0  10817-2 0  9995
2 29927  99.0627 343.4376 0013063  10.2945   2.0765 14.84707192 30060
FENGYUN 1C DEB          
1 29928U 99025JA  26276.03728693  .00000422  00000+0  35988-3 0  9999
2 29928  99.5572 312.8759 0142351  39.8699 350.8915 13.88477251995756
FENGYUN 1C DEB          
1 29929U 99025JB  26276.50600635  .00001479  00000+0  91449-3 0  9994
2 29929  98.6193 185.0244 0132068  70.4936 104.5768 14.02487112   755
FENGYUN 1C DEB          
1 29930U 99025JC  26276.47070515  .00000200  00000+0  10038-3 0  9996
2 29930  99.0069 170.2137 0162311 290.9181 246.0271 14.21106550 20754
FENGYUN 1C DEB          
1 29931U 99025JD  26276.37372458  .00000282  00000+0  20472-3 0  9990
2 29931  98.8267 308.7318 0031363 351.8981  21.3189 14.04034941  9460
FENGYUN 1C DEB          
1 29932U 99025JE  26275.99511641  .00000264  00000+0  15169-3 0  9994
2 29932  98.6312 283.0496 0036418 305.4899  82.5286 14.17073175 16967
FENGYUN 1C DEB          
1 29933U 99025JF  26276.60050713  .00011100  00000+0  16299-2 0  9997
2 29933  98.7558  46.6877 0006163 149.3596 339.9209 14.75683834 28409
FENGYUN 1C DEB          
1 29934U 99025JG  26276.16487391  .00002013  00000+0  35227-3 0  9991
2 29934  98.8700 351.5605 0098581  65.7796 295.3669 14.65988368 40807
FENGYUN 1C DEB          
1 29935U 99025JH  26276.38396100  .00000037  00000+0  35731-4 0  9998
2 29935  98.4201 327.5048 0151713  88.7364 334.1833 14.14349356 17077
FENGYUN 1C DEB          
1 29936U 99025JJ  26276.62540004  .00000138  00000+0  59609-4 0  9992
2 29936  98.6851  36.4313 0114172  35.5624 325.3102 14.35553440 31621
FENGYUN 1C DEB          
1 29937U 99025JK  26276.29607819 -.00000066  00000+0 -14184-4 0  9995
2 29937  98.7847 292.9819 0030948 275.0248 148.7007 14.04407674 10710
FENGYUN 1C DEB          
1 29938U 99025JL  26276.21099505  .00000007  00000+0  29511-4 0  9998
2 29938  98.8271 264.0993 0032987 199.3737 173.8957 14.07592723 11977
FENGYUN 1C DEB          
1 29939U 99025JM  26276.25017315 -.00000004  00000+0  20940-4 0  9997
2 29939  98.7229 272.6920 0066664  22.6865 348.2051 14.12141428 16150
FENGYUN 1C DEB          
1 29940U 99025JN  26274.97648263  .00000600  00000+0  29777-3 0  9995
2 29940  98.6194 281.7296 0073094 335.0509  88.2680 14.19434099 16245
FENGYUN 1C DEB          
1 29942U 99025JQ  26276.43379917  .00000759  00000+0  29930-3 0  9993
2 29942  98.6078 344.8690 0050283 129.8964 230.6656 14.31261444 20827
FENGYUN 1C DEB          
1 29943U 99025JR  26276.27413406 -.00000084  00000+0 -23703-4 0  9994
2 29943  98.7286 280.0854 0036628 113.6512 313.3337 14.09721020 14521
FENGYUN 1C DEB          
1 29944U 99025JS  26276.21641826  .00008694  00000+0  66902-3 0  9998
2 29944  99.0361 257.0188 0152859  10.8735 349.5723 14.93122188 48412
FENGYUN 1C DEB          
1 29945U 99025JT  26276.29103740  .00000049  00000+0  55880-4 0  9995
2 29945  98.7706 295.7853 0029889 253.0028 117.5765 14.05670689 11171
FENGYUN 1C DEB          
1 29946U 99025JU  26276.21011490  .00000185  00000+0  12969-3 0  9999
2 29946  98.8016 265.9788 0079427 232.2261 140.0785 14.08466648 11808
FENGYUN 1C DEB          
1 29947U 99025JV  26276.30948997  .00000159  00000+0  12836-3 0  9995
2 29947  98.8074 302.8723 0040058  19.6486 353.5916 14.03226954  8809
FENGYUN 1C DEB          
1 29948U 99025JW  26276.25626623  .00000287  00000+0  19336-3 0  9993
2 29948  98.8532 260.5140 0085223 127.1847 248.1299 14.06315616 11164
FENGYUN 1C DEB          
1 29949U 99025JX  26276.28447848 -.00000187  00000+0 -86667-4 0  9990
2 29949  98.7523 287.6277 0023815 192.3462 179.7641 14.06870350 12499
FENGYUN 1C DEB          
1 29950U 99025JY  26276.35768083  .00000111  00000+0  85525-4 0  9994
2 29950  98.7111 303.7447 0034059 126.9217 246.4626 14.10444805 14445
FENGYUN 1C DEB          
1 29953U 99025KB  26275.92226786  .00000179  00000+0  16842-3 0  9997
2 29953  98.9660 257.2828 0105117 183.9350 232.9955 13.91070558999524
FENGYUN 1C DEB          
1 29954U 99025KC  26276.19163638  .00001402  00000+0  49271-3 0  9996
2 29954 100.1290  10.0107 0074450 159.5279 200.8912 14.35406952 24075
FENGYUN 1C DEB          
1 29955U 99025KD  26276.55701500  .00002028  00000+0  65375-3 0  9991
2 29955  99.2723  26.0408 0008167 120.3654 253.9261 14.40445652 23005
FENGYUN 1C DEB          
1 29956U 99025KE  26276.33813826 -.00000065  00000+0 -13208-4 0  9993
2 29956  98.7640 301.2094 0052319 268.4337 102.3040 14.06230874 11860
FENGYUN 1C DEB          
1 29957U 99025KF  26276.39080495  .00007084  00000+0  14774-2 0  9991
2 29957  98.9203  68.6381 0030521   0.9148  28.1225 14.59979540 17517
FENGYUN 1C DEB          
1 29958U 99025KG  26276.29194413  .00000244  00000+0  14665-3 0  9998
2 29958  98.6603 286.9667 0054043 208.9734 150.8437 14.14710616 16095
FENGYUN 1C DEB          
1 29959U 99025KH  26275.89589434  .00000271  00000+0  18959-3 0  9995
2 29959  98.7788 303.0389 0041615 219.6331 263.7086 14.06158823 10743
FENGYUN 1C DEB          
1 29960U 99025KJ  26276.21271352  .00000345  00000+0  18558-3 0  9998
2 29960  98.6438 257.9567 0091500 159.4506 214.2350 14.16834257 16197
FENGYUN 1C DEB          
1 29961U 99025KK  26276.42277045  .00000132  00000+0  71849-4 0  9994
2 29961  98.9148 174.7018 0074518 171.3762 188.8717 14.26424144 25108
FENGYUN 1C DEB          
1 29962U 99025KL  26275.98098417 -.00000053  00000+0 -63379-5 0  9993
2 29962  98.7693 280.4601 0111136 112.5610 277.5109 14.07322633 11365
FENGYUN 1C DEB          
1 29963U 99025KM  26276.40147925  .00000550  00000+0  22739-3 0  9994
2 29963  98.9688 174.7358 0050605 164.1372 256.9983 14.30209610 23513
FENGYUN 1C DEB          
1 29964U 99025KN  26276.32024654  .00000763  00000+0  47469-3 0  9992
2 29964  98.3643 100.3576 0130425 155.0661 205.6884 14.03474151  4485
FENGYUN 1C DEB          
1 29965U 99025KP  26276.26050428  .00000220  00000+0  17711-3 0  9999
2 29965  98.9821 268.3463 0144720 339.1402  33.2134 13.95912927  3751
FENGYUN 1C DEB          
1 29966U 99025KQ  26276.37784198  .00000366  00000+0  17289-3 0  9991
2 29966  99.4561 152.1986 0038285 227.0548 132.7416 14.26182327 22424
FENGYUN 1C DEB          
1 29967U 99025KR  26274.70896042  .00001720  00000+0  72754-3 0  9992
2 29967  98.8532 358.7914 0076287 166.8391 346.2393 14.25268840 13612
FENGYUN 1C DEB          
1 29968U 99025KS  26276.22514100 -.00000012  00000+0  18487-4 0  9992
2 29968  98.8296 263.8781 0088802 245.6105 180.1391 14.07422288 11881
FENGYUN 1C DEB          
1 29969U 99025KT  26276.20205313  .00001862  00000+0  65690-3 0  9994
2 29969  98.7645   9.7640 0041403 259.3599 130.0971 14.35503117 18657
FENGYUN 1C DEB          
1 29970U 99025KU  26276.59620503  .00000977  00000+0  28087-3 0  9995
2 29970  98.8295 220.8574 0090804  27.4729 145.5663 14.44862666 33777
FENGYUN 1C DEB          
1 29971U 99025KV  26276.37483979  .00000836  00000+0  42005-3 0  9996
2 29971  98.6498 314.4080 0023183  42.8532  23.9097 14.18993590 15156
FENGYUN 1C DEB          
1 29972U 99025KW  26276.35913403  .00002360  00000+0  39742-3 0  9993
2 29972  98.9002 319.5183 0061562 178.3776 244.2859 14.69423471 38071
FENGYUN 1C DEB          
1 29973U 99025KX  26276.27688609  .00000682  00000+0  42661-3 0  9991
2 29973  98.8524 275.3864 0059410  43.3153 327.7657 14.07103604  8596
FENGYUN 1C DEB          
1 29974U 99025KY  26276.21469476  .00001445  00000+0  74856-3 0  9994
2 29974  98.8846   4.4332 0044317 323.7097  65.6100 14.15998248 10912
FENGYUN 1C DEB          
1 29975U 99025KZ  26276.43426369  .00000320  00000+0  24435-3 0  9992
2 29975  99.3005 327.0197 0112403 289.8545  81.9639 13.98141062  5513
FENGYUN 1C DEB          
1 29976U 99025LA  26276.23047634  .00000426  00000+0  24084-3 0  9992
2 29976  98.9358 270.9840 0268028 145.0223 281.3418 13.98387662  4521
FENGYUN 1C DEB          
1 29977U 99025LB  26275.56605531  .00000718  00000+0  42910-3 0  9996
2 29977  98.3717 120.8994 0127290 141.3670 278.9973 14.05969300  4799
FENGYUN 1C DEB          
1 29978U 99025LC  26276.06212387  .00000091  00000+0  96633-4 0  9992
2 29978  99.0196 326.0520 0075304 325.5729  58.3574 13.95988344  4214
FENGYUN 1C DEB          
1 29979U 99025LD  26275.98323355  .00000580  00000+0  24279-3 0  9990
2 29979  98.3530 290.9508 0106931  18.7251  10.7900 14.26515488 22682
FENGYUN 1C DEB          
1 29980U 99025LE  26276.38067666  .00000404  00000+0  25925-3 0  9991
2 29980  98.5865  74.9443 0088356 134.1347 256.4378 14.06473354 11313
FENGYUN 1C DEB          
1 29982U 99025LG  26276.44685478  .00001097  00000+0  18019-3 0  9992
2 29982  99.3796 146.0620 0119621 109.2195  16.9224 14.68619557 46074
FENGYUN 1C DEB          
1 29985U 99025LK  26275.99387150 -.00000046  00000+0 -18570-5 0  9999
2 29985  98.7016 286.7133 0029715  96.1916 293.3564 14.10373494 14960
FENGYUN 1C DEB          
1 29986U 99025LL  26276.23169701  .00001870  00000+0  72625-3 0  9991
2 29986  99.3870  12.0128 0024151 225.9440 163.7137 14.31103719 16910
FENGYUN 1C DEB          
1 29987U 99025LM  26276.18646083  .00002020  00000+0  10044-2 0  9993
2 29987  98.8833 172.5485 0078724 112.1480  48.1033 14.16578361  5379
FENGYUN 1C DEB          
1 29988U 99025LN  26276.27971631  .00004590  00000+0  99781-3 0  9994
2 29988  98.7089  36.1533 0113190 201.7269 188.4409 14.54621978 23413
FENGYUN 1C DEB          
1 29989U 99025LP  26276.21125096  .00000174  00000+0  10175-3 0  9999
2 29989  98.7025 252.7190 0124418  72.7022 355.2116 14.16011444 17744
FENGYUN 1C DEB          
1 29992U 99025LS  26276.26511309  .00000093  00000+0  71909-4 0  9997
2 29992  98.7487 268.8178 0089516  52.3815 320.3227 14.11709064 15434
FENGYUN 1C DEB          
1 29993U 99025LT  26276.35660674 -.00000069  00000+0 -15156-4 0  9995
2 29993  98.7582 309.9713 0038876 201.4587 158.4955 14.08227701 13175
FENGYUN 1C DEB          
1 29994U 99025LU  26276.09343422  .00000431  00000+0  28349-3 0  9994
2 29994  98.7972 303.9295 0130511 112.2750 268.5520 14.02798170  8530
FENGYUN 1C DEB          
1 29996U 99025LW  26276.09741795  .00001473  00000+0  78264-3 0  9999
2 29996  99.2898 328.4148 0128357 347.1628  41.8970 14.11052069  2830
FENGYUN 1C DEB          
1 29997U 99025LX  26275.96241875  .00000825  00000+0  56075-3 0  9995
2 29997  98.8833 283.5460 0078268 229.4135 190.4502 14.01363872  5069
FENGYUN 1C DEB          
1 29998U 99025LY  26276.50781410  .00001052  00000+0  43017-3 0  9996
2 29998  99.2852   1.2152 0005697 181.2283 178.8884 14.29623020 20855
FENGYUN 1C DEB          
1 29999U 99025LZ  26276.20143699  .00000528  00000+0  22322-3 0  9998
2 29999  98.6068 257.3344 0187809 354.7051  67.9069 14.20631800 19038
FENGYUN 1C DEB          
1 30001U 99025MA  26276.19755878  .00003490  00000+0  10594-2 0  9998
2 30001  98.9524   9.9872 0034226 300.3200  89.5700 14.42518532 16655
FENGYUN 1C DEB          
1 30003U 99025MC  26276.40971153  .00000199  00000+0  19741-3 0  9997
2 30003  99.6073 263.2080 0143737  59.7649 105.2745 13.85843568995691
FENGYUN 1C DEB          
1 30004U 99025MD  26276.40727003  .00000697  00000+0  36256-3 0  9994
2 30004  99.2208 113.6995 0037074 230.8787 248.5653 14.17787111 14803
FENGYUN 1C DEB          
1 30005U 99025ME  26276.33704944  .00000942  00000+0  10083-2 0  9998
2 30005  99.3282 226.1287 0346405  67.9481 295.8065 13.52892797969291
FENGYUN 1C DEB          
1 30007U 99025MG  26276.57658433  .00001716  00000+0  70692-3 0  9990
2 30007  99.1692 196.9404 0060911 249.3832 286.6435 14.27311630 15591
FENGYUN 1C DEB          
1 30008U 99025MH  26275.96773387  .00005267  00000+0  83062-3 0  9999
2 30008  99.3847 280.9269 0036192  15.6896  44.3464 14.72518795 33836
FENGYUN 1C DEB          
1 30009U 99025MJ  26276.44723543  .00000880  00000+0  55818-3 0  9997
2 30009  98.9910 334.2194 0062532 230.2741 129.2906 14.05612981  6207
FENGYUN 1C DEB          
1 30010U 99025MK  26276.07136988  .00000072  00000+0  49011-4 0  9991
2 30010  99.0519 122.8682 0074061  83.9203  67.1733 14.25128716 24517
FENGYUN 1C DEB          
1 30012U 99025MM  26276.44305642  .00000134  00000+0  14430-3 0  9994
2 30012  99.4237 337.0045 0136978  81.5919 347.0065 13.85924251996303
FENGYUN 1C DEB          
1 30013U 99025MN  26276.04472112  .00000102  00000+0  11811-3 0  9993
2 30013  99.5556 307.7323 0127160 341.2693  47.3451 13.87986291997641
FENGYUN 1C DEB          
1 30015U 99025MQ  26276.32109284  .00000622  00000+0  25031-3 0  9999
2 30015  99.2190 302.3339 0037209 356.2644  16.3404 14.31599668 23819
FENGYUN 1C DEB          
1 30016U 99025MR  26276.39097023  .00005238  00000+0  60778-3 0  9999
2 30016  98.8828 326.0819 0040757 185.0671 186.3627 14.85332380 38208
FENGYUN 1C DEB          
1 30017U 99025MS  26276.13487798  .00000258  00000+0  47292-4 0  9998
2 30017  98.7148 342.3208 0215366 348.3091  11.3151 14.61755008 47441
FENGYUN 1C DEB          
1 30018U 99025MT  26276.57898009  .00001429  00000+0  19859-3 0  9996
2 30018  98.7573  27.8027 0111463 349.6854  22.1912 14.75569199 47828
FENGYUN 1C DEB          
1 30020U 99025MV  26276.25233634  .00000312  00000+0  19145-3 0  9999
2 30020  98.8530 277.9061 0181923 326.3088  45.9548 14.04900635  7910
FENGYUN 1C DEB          
1 30021U 99025MW  26276.41578846  .00000031  00000+0  45198-4 0  9991
2 30021  98.8591 265.6464 0072645 181.1630 337.9799 14.04990103 10701
FENGYUN 1C DEB          
1 30022U 99025MX  26276.39082337  .00000016  00000+0  26850-4 0  9991
2 30022  99.0364 137.9805 0067963 143.8923  30.9115 14.23210115 23817
FENGYUN 1C DEB          
1 30023U 99025MY  26276.37897855  .00000355  00000+0  21677-3 0  9996
2 30023  99.2733 125.4154 0045993 321.2807 215.9877 14.12242353 13547
FENGYUN 1C DEB          
1 30028U 99025ND  26276.41523581  .00001628  00000+0  30717-3 0  9997
2 30028  98.1658 267.2417 0173051  33.9504 124.4527 14.56685199 40106
FENGYUN 1C DEB          
1 30035U 99025NL  26276.60828510  .00000071  00000+0  39343-4 0  9992
2 30035  99.2847 219.2922 0113577 283.2405 252.8454 14.37099563 33594
FENGYUN 1C DEB          
1 30036U 99025NM  26276.04553616  .00000984  00000+0  22733-3 0  9990
2 30036  98.2269 300.3356 0188268  30.1635 357.9062 14.47155358 34294
FENGYUN 1C DEB          
1 30037U 99025NN  26275.87364162  .00000165  00000+0  64676-4 0  9991
2 30037  98.4196 248.5617 0171458 259.2263 166.9879 14.34442220 30049
FENGYUN 1C DEB          
1 30038U 99025NP  26275.93723378  .00000587  00000+0  14015-3 0  9996
2 30038  98.3952 262.5868 0253598 298.3455  88.6833 14.40017006 31257
FENGYUN 1C DEB          
1 30040U 99025NR  26275.97103130  .00002062  00000+0  67116-3 0  9991
2 30040  98.2256 285.1825 0032608 143.4606 288.8813 14.39430525 21440
FENGYUN 1C DEB          
1 30041U 99025NS  26276.64054935  .00000392  00000+0  23241-3 0  9990
2 30041  99.4931  45.4391 0035447 117.5435 255.9252 14.13605716 14504
FENGYUN 1C DEB          
1 30043U 99025NU  26276.22591636  .00000598  00000+0  18644-3 0  9999
2 30043  98.6300  14.2558 0278312 353.5564   6.2064 14.24786813 15308
FENGYUN 1C DEB          
1 30044U 99025NV  26276.51258328  .00004343  00000+0  97930-3 0  9997
2 30044  98.2077 195.8628 0075876 340.6265  19.2051 14.55075013 23198
FENGYUN 1C DEB          
1 30045U 99025NW  26276.08867212  .00001660  00000+0  71732-3 0  9999
2 30045  99.1655 328.7283 0089499 353.1302  36.8846 14.23758311  8758
FENGYUN 1C DEB          
1 30047U 99025NY  26276.26601190  .00000629  00000+0  47528-3 0  9992
2 30047  99.9410 100.4944 0124628 260.3075 277.2626 13.94834065   157
FENGYUN 1C DEB          
1 30048U 99025NZ  26276.06053517  .00000116  00000+0  13039-3 0  9996
2 30048  98.6321 121.9620 0186705 169.5807 342.8064 13.80044070991856
FENGYUN 1C DEB          
1 30050U 99025PB  26276.50108889  .00000425  00000+0  35480-3 0  9998
2 30050  96.8173 161.9945 0167878 268.8848 214.6811 13.85649674992837
FENGYUN 1C DEB          
1 30052U 99025PD  26276.34932241  .00000312  00000+0  28308-3 0  9995
2 30052  99.2757 298.5758 0288914 179.8212 195.4945 13.73267146985983
FENGYUN 1C DEB          
1 30053U 99025PE  26276.38153543  .00003051  00000+0  14503-2 0  9994
2 30053  98.6071  75.0446 0323586 239.1107 148.2362 13.96116178990951
FENGYUN 1C DEB          
1 30054U 99025PF  26276.37205678  .00000219  00000+0  22959-3 0  9999
2 30054  99.3405 305.7613 0275414 318.7132  52.1256 13.70151416983838
FENGYUN 1C DEB          
1 30056U 99025PH  26276.40853990  .00001499  00000+0  11601-2 0  9993
2 30056  98.3508  70.2548 0296949 133.8518 228.7590 13.75228125980245
FENGYUN 1C DEB          
1 30057U 99025PJ  26276.37491066  .00000412  00000+0  47232-3 0  9996
2 30057  98.8609 321.8011 0291299 104.8057 321.2248 13.57688025972331
FENGYUN 1C DEB          
1 30058U 99025PK  26276.24605650  .00000317  00000+0  42358-3 0  9997
2 30058  99.6563 276.0805 0315256 140.8207 287.6151 13.48585399968174
FENGYUN 1C DEB          
1 30059U 99025PL  26276.64448483  .00000076  00000+0  14171-3 0  9995
2 30059  98.8525 242.3122 0325882 274.6641 264.7361 13.45639025967638
FENGYUN 1C DEB          
1 30060U 99025PM  26276.37919763  .00000732  00000+0  92257-3 0  9991
2 30060  99.2908 126.6290 0345692  56.7122 116.8882 13.44447890962012
FENGYUN 1C DEB          
1 30061U 99025PN  26275.41052420  .00000924  00000+0  10667-2 0  9991
2 30061 101.9038  85.3043 0364265 303.1161  82.7012 13.47911590960542
FENGYUN 1C DEB          
1 30062U 99025PP  26276.29709509  .00000394  00000+0  25739-3 0  9994
2 30062  98.7798 282.1166 0047674 299.0028  71.5149 14.07446946 10480
FENGYUN 1C DEB          
1 30063U 99025PQ  26276.19501369  .00000067  00000+0  55038-4 0  9991
2 30063  98.5583 247.7465 0032502  11.2365  55.4800 14.15697502 18323
FENGYUN 1C DEB          
1 30064U 99025PR  26276.28616289  .00000144  00000+0  95589-4 0  9991
2 30064  98.6585 283.4022 0065362 350.6477  21.6434 14.14445059 16690
FENGYUN 1C DEB          
1 30065U 99025PS  26275.61365776  .00000068  00000+0  87214-4 0  9991
2 30065  98.7227 233.2924 0130262 309.9557  49.0217 13.87017932997456
FENGYUN 1C DEB          
1 30066U 99025PT  26276.40357282  .00000115  00000+0  69613-4 0  9999
2 30066  98.6584 264.8063 0118314 131.9048  28.5287 14.19282629 20154
FENGYUN 1C DEB          
1 30067U 99025PU  26276.53303669  .00000409  00000+0  11751-3 0  9999
2 30067  98.7331 176.1335 0148903 214.9364 270.4975 14.44368465 34500
FENGYUN 1C DEB          
1 30068U 99025PV  26276.25264568  .00000129  00000+0  79533-4 0  9995
2 30068  98.7639 262.2356 0188747 231.1880 127.2309 14.12224184 14980
FENGYUN 1C DEB          
1 30069U 99025PW  26276.41071841  .00000382  00000+0  25975-3 0  9995
2 30069  98.8336 255.1923 0048170 307.6865 214.9462 14.05439590  9848
FENGYUN 1C DEB          
1 30070U 99025PX  26276.35819896  .00001465  00000+0  50319-3 0  9993
2 30070  98.2556 318.3597 0324077 189.9157 183.5988 14.11876188   339
FENGYUN 1C DEB          
1 30071U 99025PY  26276.59751259  .00004356  00000+0  97047-3 0  9999
2 30071  98.6657  31.4173 0035201 286.0150 203.1448 14.57061686 25122
FENGYUN 1C DEB          
1 30072U 99025PZ  26276.27259332  .00004179  00000+0  12544-2 0  9991
2 30072  99.0965  87.5802 0054869 125.7676 234.8631 14.42427531 14126
FENGYUN 1C DEB          
1 30073U 99025QA  26275.92458328  .00001388  00000+0  66426-3 0  9997
2 30073  99.4296 272.6849 0052211 169.6913 220.4121 14.20195640 10946
FENGYUN 1C DEB          
1 30074U 99025QB  26276.14918445  .00001202  00000+0  62792-3 0  9991
2 30074  99.1120 353.1177 0093894  43.5267 317.3266 14.14151294  7923
FENGYUN 1C DEB          
1 30075U 99025QC  26276.11696472  .00000051  00000+0  71455-4 0  9990
2 30075  99.3210 333.8397 0091708 102.6260 288.0932 13.92623318  1549
FENGYUN 1C DEB          
1 30076U 99025QD  26275.93141376  .00000128  00000+0  15556-3 0  9992
2 30076  99.2674 259.5517 0175892  38.7192 349.3202 13.76467406989419
FENGYUN 1C DEB          
1 30077U 99025QE  26276.29620438 -.00000191  00000+0 -88874-4 0  9990
2 30077  98.7481 287.5904 0021935 152.2081 274.5288 14.07114491 12540
FENGYUN 1C DEB          
1 30078U 99025QF  26276.50609414  .00002255  00000+0  96897-3 0  9990
2 30078  98.8171 357.5499 0051198 146.8647 226.5213 14.25003070 13092
FENGYUN 1C DEB          
1 30079U 99025QG  26276.38773471  .00000635  00000+0  43917-3 0  9997
2 30079  98.9958 332.8616 0085915 203.6451 216.8567 14.01007957  6631
FENGYUN 1C DEB          
1 30080U 99025QH  26276.19324373  .00000163  00000+0  10605-3 0  9995
2 30080  98.7317 253.0712 0131863 304.8523 119.5604 14.11019940 13904
FENGYUN 1C DEB          
1 30081U 99025QJ  26276.27313340  .00000543  00000+0  40009-3 0  9990
2 30081  98.9400 269.8388 0074572 244.7124 127.6707 13.98526024  4674
FENGYUN 1C DEB          
1 30082U 99025QK  26275.89729738  .00028358  00000+0  79215-3 0  9995
2 30082  98.8389 261.3214 0041547 246.3875 113.2999 15.35804267 57787
FENGYUN 1C DEB          
1 30086U 99025QP  26276.07851816  .00000149  00000+0  11937-3 0  9998
2 30086  98.8796 308.4953 0061627  34.0058 351.7631 14.04101557  8226
FENGYUN 1C DEB          
1 30087U 99025QQ  26276.01921056  .00000338  00000+0  99871-4 0  9991
2 30087  98.3499 304.8667 0227018 321.8845  66.6752 14.36243043 29178
FENGYUN 1C DEB          
1 30088U 99025QR  26276.62135175  .00000568  00000+0  16616-3 0  9998
2 30088  98.3844 257.7394 0201466  85.8571   5.3822 14.36560063 29035
FENGYUN 1C DEB          
1 30089U 99025QS  26276.27963030  .00000300  00000+0  12860-3 0  9990
2 30089  98.8917 193.4158 0074787  72.1939  78.7914 14.30625828 26899
FENGYUN 1C DEB          
1 30090U 99025QT  26276.04315388  .00000257  00000+0  11831-3 0  9992
2 30090  99.4084 117.5653 0057116 350.2165 161.1120 14.29557073 24739
FENGYUN 1C DEB          
1 30092U 99025QV  26276.32593311  .00000591  00000+0  19543-3 0  9998
2 30092  98.9223 112.7970 0083208  99.5393  74.8369 14.39908908 29790
FENGYUN 1C DEB          
1 30093U 99025QW  26276.19023344  .00001052  00000+0  30695-3 0  9992
2 30093  98.8354 167.8843 0067592 176.8168 335.3607 14.45003203 30559
FENGYUN 1C DEB          
1 30095U 99025QY  26276.19535739  .00006201  00000+0  52466-3 0  9991
2 30095  99.2422 249.8460 0143902 121.0843 240.4585 14.90753683 37103
FENGYUN 1C DEB          
1 30096U 99025QZ  26276.54451850  .00000330  00000+0  13578-3 0  9990
2 30096  99.1393  16.3695 0080114  98.1456 262.8823 14.32100952 27615
FENGYUN 1C DEB          
1 30099U 99025RC  26276.16028826  .00000256  00000+0  12148-3 0  9993
2 30099  98.5100 345.5610 0062753 103.9660 285.9448 14.26272993 23817
FENGYUN 1C DEB          
1 30102U 99025RF  26276.28167279  .00000299  00000+0  13829-3 0  9991
2 30102  98.3846 274.7078 0140366 219.3444 154.4048 14.22441307 21443
FENGYUN 1C DEB          
1 30103U 99025RG  26275.96436978  .00000492  00000+0  22468-3 0  9995
2 30103  99.2656 278.5425 0063022   0.5806  29.7008 14.25404284 21105
FENGYUN 1C DEB          
1 30104U 99025RH  26275.97555569  .00000604  00000+0  26137-3 0  9997
2 30104  98.3533 104.6038 0072299 324.4007 193.1658 14.26417524 20845
FENGYUN 1C DEB          
1 30105U 99025RJ  26275.91963626  .00000388  00000+0  16244-3 0  9996
2 30105  98.6224 260.0006 0196695 301.1129  57.0882 14.21885619 19419
FENGYUN 1C DEB          
1 30106U 99025RK  26276.34771692  .00104585  00000+0  40058-2 0  9998
2 30106  98.9112 233.0170 0015334 328.4135 189.5648 15.25988585 29581
FENGYUN 1C DEB          
1 30107U 99025RL  26275.87726106  .00000005  00000+0  23228-4 0  9990
2 30107  98.8063 334.4151 0127689 158.2650 202.4011 14.14537207 17189
FENGYUN 1C DEB          
1 30108U 99025RM  26275.94536287  .00000241  00000+0  11730-3 0  9994
2 30108  98.6890 260.0019 0195473 256.5141 172.8474 14.17534113 17657
FENGYUN 1C DEB          
1 30109U 99025RN  26275.90140814  .00000324  00000+0  15504-3 0  9993
2 30109  98.5304 262.6140 0168445 102.8450 288.5392 14.17983834 17219
FENGYUN 1C DEB          
1 30110U 99025RP  26276.16850141  .00000118  00000+0  17881-3 0  9996
2 30110  98.9104   2.2560 0266827 314.5202  43.4412 13.56354629975060
FENGYUN 1C DEB          
1 30112U 99025RR  26276.24436248  .00000848  00000+0  32627-3 0  9990
2 30112  99.3074 271.5549 0199138 350.3196   9.4167 14.23073676 17691
FENGYUN 1C DEB          
1 30113U 99025RS  26275.93399683  .00002723  00000+0  73404-3 0  9999
2 30113  99.0206 152.7168 0035681 204.1636 169.4089 14.48454549 21627
FENGYUN 1C DEB          
1 30114U 99025RT  26276.25602586  .00000107  00000+0  82820-4 0  9992
2 30114  98.7558 275.5093 0081315   7.4987   4.9931 14.09842729 13047
FENGYUN 1C DEB          
1 30115U 99025RU  26275.32544250  .00000920  00000+0  43661-3 0  9995
2 30115  98.5997 299.8894 0065205 291.4075 133.8089 14.20788273 14968
FENGYUN 1C DEB          
1 30116U 99025RV  26276.21762383  .00001890  00000+0  73352-3 0  9991
2 30116  99.3887  15.4079 0021341 212.6906 177.2971 14.31156907 17133
FENGYUN 1C DEB          
1 30117U 99025RW  26276.39560351 -.00000058  00000+0 -83709-5 0  9998
2 30117  98.8304 262.8205 0164934 100.2877  60.3061 14.07357439 11330
FENGYUN 1C DEB          
1 30118U 99025RX  26275.88187596  .00000253  00000+0  17767-3 0  9992
2 30118  98.8105 276.1484 0083643 315.3100 161.2082 14.05223817 10605
FENGYUN 1C DEB          
1 30119U 99025RY  26276.40451662  .00001417  00000+0  58228-3 0  9990
2 30119  97.9415 246.4452 0129004 139.6046  12.0727 14.23874039 13524
FENGYUN 1C DEB          
1 30120U 99025RZ  26276.21528618  .00001750  00000+0  68699-3 0  9990
2 30120  98.8428   7.2294 0061190  76.4952 315.1273 14.29618527 15734
FENGYUN 1C DEB          
1 30121U 99025SA  26276.38616556  .00004204  00000+0  12439-2 0  9995
2 30121 102.1618  66.4999 0028851 110.9248 277.7315 14.44061050 17780
FENGYUN 1C DEB          
1 30123U 99025SC  26276.14124651  .00001253  00000+0  40037-3 0  9998
2 30123  96.9172 160.9162 0223277 266.0351  91.5286 14.27726152 14447
FENGYUN 1C DEB          
1 30124U 99025SD  26276.44380375  .00000748  00000+0  37239-3 0  9997
2 30124  99.1051 341.6403 0140140 354.0770  18.8197 14.15158786 10803
FENGYUN 1C DEB          
1 30125U 99025SE  26276.22729363  .00002673  00000+0  65070-3 0  9991
2 30125  98.7290  18.3725 0335825 208.6697 181.2334 14.24648455 11117
FENGYUN 1C DEB          
1 30127U 99025SG  26275.02488644  .00003420  00000+0  10208-2 0  9997
2 30127  98.1897 124.3832 0080356 276.3336  82.8707 14.41762904 14568
FENGYUN 1C DEB          
1 30128U 99025SH  26276.15435634  .00005210  00000+0  12050-2 0  9990
2 30128  96.9894 229.8057 0095606 274.9899 214.9485 14.52699287 15640
FENGYUN 1C DEB          
1 30129U 99025SJ  26276.24017426  .00000309  00000+0  19632-3 0  9994
2 30129  98.0342 188.5160 0183844 332.6084 180.3782 14.01978067  6037
FENGYUN 1C DEB          
1 30131U 99025SL  26276.25596383  .00002356  00000+0  10193-2 0  9998
2 30131  99.0762  21.8036 0077659  36.4320 353.2331 14.23739306  8764
FENGYUN 1C DEB          
1 30132U 99025SM  26276.19501045  .00000346  00000+0  27983-3 0  9996
2 30132  99.6127 246.5089 0104705 338.4515  34.0085 13.95136843  1964
FENGYUN 1C DEB          
1 30133U 99025SN  26276.34900683  .00001305  00000+0  76750-3 0  9997
2 30133  98.3515  65.4197 0084485 140.3199 249.7256 14.07818402  5220
FENGYUN 1C DEB          
1 30134U 99025SP  26276.32865838  .00000435  00000+0  25216-3 0  9992
2 30134  98.6789 291.8901 0019844  67.2969 304.5143 14.13789018 14057
FENGYUN 1C DEB          
1 30136U 99025SR  26276.16005632  .00000178  00000+0  15009-3 0  9997
2 30136  98.5200 152.6203 0128226 331.5557 180.2307 13.95611298  1511
FENGYUN 1C DEB          
1 30138U 99025ST  26276.42555356  .00000875  00000+0  42391-3 0  9999
2 30138  98.7315 331.4324 0019632  13.4194 358.1841 14.20893578 15859
FENGYUN 1C DEB          
1 30139U 99025SU  26275.99305059  .00001072  00000+0  64501-3 0  9991
2 30139  98.3563 101.3748 0129371 175.3932 338.4517 14.04606444  3275
FENGYUN 1C DEB          
1 30140U 99025SV  26276.45116193  .00001288  00000+0  59559-3 0  9990
2 30140  98.8056 343.9301 0041940 183.6110 189.8334 14.22194966 13203
FENGYUN 1C DEB          
1 30141U 99025SW  26276.56386665  .00004373  00000+0  98929-3 0  9998
2 30141  99.0198 226.1799 0013557 228.8183 131.1844 14.56697026 25258
FENGYUN 1C DEB          
1 30142U 99025SX  26276.47036687  .00001638  00000+0  87551-3 0  9995
2 30142  99.1173   1.9630 0102047 201.5860 158.0993 14.12025941  4577
FENGYUN 1C DEB          
1 30143U 99025SY  26276.32073299  .00000855  00000+0  54766-3 0  9992
2 30143  98.7467  93.0726 0101533 185.6088 297.0802 14.03451911  3381
FENGYUN 1C DEB          
1 30144U 99025SZ  26275.90527220  .00000395  00000+0  32162-3 0  9999
2 30144  99.0310 265.8006 0125176 208.5442 180.4128 13.92150145999338
FENGYUN 1C DEB          
1 30145U 99025TA  26276.30178191  .00002448  00000+0  12042-2 0  9999
2 30145  99.2760  42.6008 0085481  40.5418 349.7656 14.16730872  3626
FENGYUN 1C DEB          
1 30146U 99025TB  26276.27809770  .00000322  00000+0  26949-3 0  9991
2 30146  98.0566  39.8581 0177338  24.6450   4.3793 13.86997949995008
FENGYUN 1C DEB          
1 30148U 99025TD  26276.24716787  .00000494  00000+0  41526-3 0  9993
2 30148  99.5812  78.0954 0134512 132.1162  43.2226 13.88949052996043
FENGYUN 1C DEB          
1 30150U 99025TF  26276.31686771  .00000428  00000+0  37103-3 0  9996
2 30150  99.0301  46.6706 0145929 259.6549 128.4645 13.86961961995410
FENGYUN 1C DEB          
1 30151U 99025TG  26276.30134358  .00000339  00000+0  30563-3 0  9999
2 30151  99.0655 279.2969 0161719 206.1877 224.2148 13.84928379993228
FENGYUN 1C DEB          
1 30152U 99025TH  26276.06983127  .00001840  00000+0  11768-2 0  9992
2 30152  99.0783 135.6005 0165425 357.9370   2.1093 13.98207835994896
FENGYUN 1C DEB          
1 30153U 99025TJ  26276.01001722  .00000393  00000+0  37654-3 0  9995
2 30153 100.4663 302.1284 0197900 338.0762  50.1214 13.79324656988317
FENGYUN 1C DEB          
1 30154U 99025TK  26275.99248537  .00001019  00000+0  79432-3 0  9995
2 30154  98.4293 294.1454 0181065 110.2362 281.4996 13.86869133990628
FENGYUN 1C DEB          
1 30155U 99025TL  26276.49824460  .00001748  00000+0  15367-2 0  9992
2 30155  99.7483   1.4242 0233259 302.3856  55.4912 13.75276726979142
FENGYUN 1C DEB          
1 30156U 99025TM  26276.36877808  .00000871  00000+0  73732-3 0  9990
2 30156  98.9357 232.6117 0195894 191.0615 322.7378 13.81729020987581
FENGYUN 1C DEB          
1 30157U 99025TN  26276.24823538  .00003175  00000+0  85141-3 0  9996
2 30157  98.7201  26.9161 0033051  29.9160   0.1251 14.48572517 23276
FENGYUN 1C DEB          
1 30160U 99025TR  26276.55553924  .00000586  00000+0  76358-3 0  9996
2 30160  98.8974 196.1809 0342567 104.2433  67.7772 13.43280048963710
FENGYUN 1C DEB          
1 30161U 99025TS  26275.96495214  .00000670  00000+0  80996-3 0  9995
2 30161 100.5178 285.1013 0325347 266.6588 120.6664 13.50505815965301
FENGYUN 1C DEB          
1 30162U 99025TT  26276.42455051  .00001210  00000+0  13463-2 0  9998
2 30162  99.4678 325.6570 0312337 326.3729  43.4410 13.54459823966490
FENGYUN 1C DEB          
1 30163U 99025TU  26276.18272343  .00000834  00000+0  10799-2 0  9993
2 30163  98.7031 355.1301 0370907 210.2016 177.6699 13.39447706958864
FENGYUN 1C DEB          
1 30167U 99025TY  26276.25631569  .00000503  00000+0  12924-3 0  9990
2 30167  98.9692  24.7051 0141346 352.0705  37.2180 14.49415924 36230
FENGYUN 1C DEB          
1 30168U 99025TZ  26276.09491806  .00002904  00000+0  62794-3 0  9998
2 30168  97.3637 319.0229 0092492 304.3657  54.8820 14.56293615 25832
FENGYUN 1C DEB          
1 30169U 99025UA  26276.47479550  .00004243  00000+0  61180-3 0  9999
2 30169  98.3117 353.1985 0192822  28.2292 344.9306 14.64896551 20249
FENGYUN 1C DEB          
1 30170U 99025UB  26276.20229231  .00000186  00000+0  14985-3 0  9994
2 30170  98.8803 259.2441 0078643 177.3538 247.5201 14.00639107  5331
FENGYUN 1C DEB          
1 30171U 99025UC  26275.81336674 -.00000068  00000+0 -18828-4 0  9993
2 30171  98.3715 112.9429 0185250 163.4300 197.3030 13.97032686  3688
FENGYUN 1C DEB          
1 30172U 99025UD  26275.95456326  .00001249  00000+0  66760-3 0  9993
2 30172  99.2555 269.7591 0069622  96.6549 292.6932 14.13907439  6733
FENGYUN 1C DEB          
1 30173U 99025UE  26276.48062979  .00001268  00000+0  68568-3 0  9999
2 30173  98.9596 352.3018 0081714 177.6703 196.6264 14.12728074  7047
FENGYUN 1C DEB          
1 30174U 99025UF  26276.03438568  .00035227  00000+0  22581-2 0  9998
2 30174  98.7755 104.7330 0010442 182.9779 336.6096 15.08387800 27653
FENGYUN 1C DEB          
1 30175U 99025UG  26276.09639196  .00000223  00000+0  22028-3 0  9990
2 30175  99.3440 336.0597 0146261 149.4602 240.6780 13.84101464994120
FENGYUN 1C DEB          
1 30177U 99025UJ  26275.27713315  .00000944  00000+0  62706-3 0  9994
2 30177  98.6358 191.9235 0447471  84.6626  62.8818 13.63558961974626
FENGYUN 1C DEB          
1 30178U 99025UK  26276.61035977  .00000890  00000+0  99859-3 0  9994
2 30178 102.2570 228.2514 0277879 174.7084   1.4554 13.59537945971774
FENGYUN 1C DEB          
1 30181U 99025UN  26276.21554615  .00002016  00000+0  77418-3 0  9998
2 30181  98.8357   9.0267 0041289 216.1022 173.7937 14.31147638 17033
FENGYUN 1C DEB          
1 30182U 99025UP  26275.42546394  .00000054  00000+0  69594-4 0  9993
2 30182  99.0250 326.3820 0073753 296.5317 132.2441 13.96565859  3965
FENGYUN 1C DEB          
1 30183U 99025UQ  26276.37440112  .00000447  00000+0  26115-3 0  9997
2 30183  98.7573 317.6537 0027444 136.1814 289.3552 14.13142692 12980
FENGYUN 1C DEB          
1 30191U 99025UY  26276.24964522  .00002877  00000+0  34705-3 0  9991
2 30191  98.7636  19.3020 0090779  50.6843 339.6587 14.81831041 46325
FENGYUN 1C DEB          
1 30193U 99025VA  26276.29375098  .00001715  00000+0  41862-3 0  9994
2 30193  98.7511 200.9949 0104561 324.6104 187.2662 14.50803814 34361
FENGYUN 1C DEB          
1 30196U 99025VD  26276.53819706  .00000032  00000+0  31085-4 0  9991
2 30196  98.6356   9.7226 0084746 283.5384  88.4444 14.25927281 25635
FENGYUN 1C DEB          
1 30197U 99025VE  26276.29434951  .00001201  00000+0  40149-3 0  9999
2 30197  98.9545 218.6622 0058373  67.2283  94.6365 14.38385981 27207
FENGYUN 1C DEB          
1 30198U 99025VF  26276.62430720  .00001939  00000+0  44681-3 0  9990
2 30198  98.4808  55.0303 0101553  17.4022 355.4578 14.53405608 27740
FENGYUN 1C DEB          
1 30199U 99025VG  26276.32727370  .00001192  00000+0  37918-3 0  9994
2 30199  98.3646 298.2746 0078078 143.2236 229.9452 14.39916769 26487
FENGYUN 1C DEB          
1 30200U 99025VH  26276.31589341  .00000123  00000+0  69098-4 0  9998
2 30200  99.0911 125.8486 0146187 337.5109  21.9702 14.22468874 21667
FENGYUN 1C DEB          
1 30201U 99025VJ  26275.38158456  .00000446  00000+0  21760-3 0  9995
2 30201  99.4385  74.9940 0029089 198.8521 161.1580 14.23450870 19939
FENGYUN 1C DEB          
1 30202U 99025VK  26276.24926029  .00004812  00000+0  10675-2 0  9994
2 30202  98.6449  28.4548 0036248 234.9856 124.7937 14.57181898 25697
FENGYUN 1C DEB          
1 30205U 99025VN  26276.53851917  .00000131  00000+0  13615-3 0  9990
2 30205  99.0146  22.5986 0121634 101.7917 323.2914 13.88226293997289
FENGYUN 1C DEB          
1 30206U 99025VP  26275.97797190  .00000537  00000+0  13332-3 0  9996
2 30206  98.2436 273.6573 0142348 213.4501 145.7642 14.50041399 36639
FENGYUN 1C DEB          
1 30207U 99025VQ  26276.21418442  .00000075  00000+0  83954-4 0  9990
2 30207  98.5799   4.5222 0260638  72.0432 318.9698 13.79271621991225
FENGYUN 1C DEB          
1 30208U 99025VR  26276.23134524  .00000477  00000+0  22459-3 0  9997
2 30208  98.5721 274.6485 0034526 131.1402 289.8082 14.24068752 20193
FENGYUN 1C DEB          
1 30209U 99025VS  26275.92009883  .00000142  00000+0  97812-4 0  9997
2 30209  98.7294 270.2352 0040260 120.2324 269.6104 14.13194285 13620
FENGYUN 1C DEB          
1 30210U 99025VT  26276.42962330  .00000291  00000+0  19237-3 0  9999
2 30210  99.1586 336.1629 0055851  35.9571 336.3327 14.08772130  9065
FENGYUN 1C DEB          
1 30212U 99025VV  26276.12042991 -.00000014  00000+0  22151-4 0  9994
2 30212  99.4193 154.4418 0096894 158.1765 202.3567 13.97320280  3363
FENGYUN 1C DEB          
1 30213U 99025VW  26276.21505205  .00001248  00000+0  67834-3 0  9992
2 30213  99.1119   2.6447 0070711 137.9651 251.2656 14.12943928  6727
FENGYUN 1C DEB          
1 30214U 99025VX  26276.46567392  .00001833  00000+0  68647-3 0  9998
2 30214  98.7082 355.9006 0020734 250.2242 122.0125 14.32845409 17198
FENGYUN 1C DEB          
1 30217U 99025WA  26276.19557104  .00000357  00000+0  15447-3 0  9991
2 30217  98.4633 254.1103 0138273 318.2362  40.8329 14.25212832 22654
FENGYUN 1C DEB          
1 30218U 99025WB  26275.24319231  .00002596  00000+0  96444-3 0  9997
2 30218  98.9860  19.2114 0068659 123.0732 267.7980 14.31740716 13036
FENGYUN 1C DEB          
1 30221U 99025WE  26276.23752148  .00000491  00000+0  13472-3 0  9991
2 30221  98.9598  25.3635 0142908 241.6325 117.0394 14.46359214 36585
FENGYUN 1C DEB          
1 30222U 99025WF  26276.35759560  .00000011  00000+0  33936-4 0  9996
2 30222  98.8095 306.2920 0036337 292.4508  80.7965 14.04158520  9749
FENGYUN 1C DEB          
1 30224U 99025WH  26276.36924977  .00000229  00000+0  21328-3 0  9997
2 30224  99.4484 325.2039 0110477 273.8678 147.8149 13.90078936998349
FENGYUN 1C DEB          
1 30225U 99025WJ  26275.83757292  .00000110  00000+0  75004-4 0  9993
2 30225  98.6351 298.7216 0098543 323.9302 212.7684 14.15357833 16919
FENGYUN 1C DEB          
1 30229U 99025WN  26276.49338764  .00004208  00000+0  79317-3 0  9991
2 30229  99.0437   9.4447 0035656 217.0103 155.1193 14.64743963 32262
FENGYUN 1C DEB          
1 30231U 99025WQ  26276.11676337  .00000541  00000+0  29504-3 0  9993
2 30231  98.7693 320.0192 0126381 273.3204 109.6971 14.12248616 11732
FENGYUN 1C DEB          
1 30232U 99025WR  26276.06090600  .00001159  00000+0  19775-3 0  9996
2 30232  98.6650 137.5322 0131568 156.0672   2.7258 14.65616295 40575
FENGYUN 1C DEB          
1 30234U 99025WT  26276.01384190  .00000294  00000+0  16398-3 0  9990
2 30234  98.6309 283.2202 0064953 309.9381  74.5063 14.17207430 16223
FENGYUN 1C DEB          
1 30235U 99025WU  26276.29574256  .00000251  00000+0  15064-3 0  9997
2 30235  98.7356 290.7798 0154667 125.6010 300.8718 14.09135502 10401
FENGYUN 1C DEB          
1 30237U 99025WW  26276.28912123  .00003139  00000+0  92160-3 0  9997
2 30237  98.8350  34.5351 0015268 153.0890 236.8445 14.44475716 19431
FENGYUN 1C DEB          
1 30239U 99025WY  26274.60441810  .00013077  00000+0  27225-1 0  9993
2 30239  99.5295 331.7125 1415224 235.4412 110.5009 11.43155063578768
FENGYUN 1C DEB          
1 30241U 99025XA  26276.37400138  .00000167  00000+0  11073-3 0  9992
2 30241  99.1898  59.7453 0145174 338.1623  48.3915 14.09826009 10647
FENGYUN 1C DEB          
1 30242U 99025XB  26276.36595978  .00000539  00000+0  28321-3 0  9996
2 30242  98.6544 308.5369 0009613 284.3061  88.8518 14.18209050 15998
FENGYUN 1C DEB          
1 30243U 99025XC  26276.28460714  .00000315  00000+0  19044-3 0  9991
2 30243  98.6890 284.2207 0012186   6.1206  59.7725 14.13374654 14325
FENGYUN 1C DEB          
1 30244U 99025XD  26276.48720527  .00000311  00000+0  18352-3 0  9992
2 30244  99.1144 178.0259 0008823 193.5654 340.7746 14.15365992 15124
FENGYUN 1C DEB          
1 30245U 99025XE  26276.37743489  .00000632  00000+0  56782-3 0  9998
2 30245  98.9135 251.5387 0190915 181.1564 178.9173 13.79722476987562
FENGYUN 1C DEB          
1 30246U 99025XF  26276.12733889  .00000024  00000+0  72655-4 0  9998
2 30246  98.7078  22.4272 0370562  80.4354  39.0488 13.37164229960748
FENGYUN 1C DEB          
1 30247U 99025XG  26276.24323039  .00004836  00000+0  69410-3 0  9993
2 30247  98.2629 189.7847 0169686 147.6229   9.9372 14.67534714 15913
FENGYUN 1C DEB          
1 30248U 99025XH  26276.05373672  .00007553  00000+0  12961-2 0  9998
2 30248  99.0843 135.9783 0027204 334.9890  24.9992 14.68801370 16953
FENGYUN 1C DEB          
1 30249U 99025XJ  26276.36080185  .00006717  00000+0  12276-2 0  9997
2 30249  98.9622 110.8155 0021450 224.0902 258.9769 14.66135997 18598
FENGYUN 1C DEB          
1 30250U 99025XK  26276.19714416  .00000598  00000+0  41186-3 0  9995
2 30250  98.7727 261.6185 0066752 122.5338 299.6200 14.01898060  6170
FENGYUN 1C DEB          
1 30251U 99025XL  26276.40730589  .00000492  00000+0  20655-3 0  9990
2 30251  99.0229 130.8157 0050609 194.7811 289.9188 14.29885863 23521
FENGYUN 1C DEB          
1 30252U 99025XM  26276.28209556  .00000338  00000+0  21077-3 0  9990
2 30252  98.7340 287.8576 0067311 127.4698 297.1608 14.10110305 11149
FENGYUN 1C DEB          
1 30253U 99025XN  26276.14839865  .00001202  00000+0  11120-2 0  9996
2 30253  98.7339 344.2776 0219339 335.3236  52.1095 13.74011551980567
FENGYUN 1C DEB          
1 30257U 99025XS  26276.22977317  .00000083  00000+0  70378-4 0  9992
2 30257  98.7640 271.8673 0058406 347.3851  25.2462 14.09860098 13641
FENGYUN 1C DEB          
1 30259U 99025XU  26276.09032270  .00000682  00000+0  12440-3 0  9999
2 30259  98.7242 145.2975 0241289  94.7416  59.7063 14.52430563 37455
FENGYUN 1C DEB          
1 30263U 99025XY  26274.78605584  .00001514  00000+0  92557-3 0  9994
2 30263  98.9499  29.4098 0143917 265.5875 250.4059 14.02466391  1203
FENGYUN 1C DEB          
1 30264U 99025XZ  26275.43251120  .00000795  00000+0  46327-3 0  9995
2 30264  98.9479 333.4556 0106709 184.4192 189.4856 14.08582473  6913
FENGYUN 1C DEB          
1 30265U 99025YA  26276.31962863  .00005533  00000+0  10467-2 0  9997
2 30265  98.6784  44.7769 0026859 182.3364 206.2095 14.64565866 27075
FENGYUN 1C DEB          
1 30266U 99025YB  26276.46044163  .00001240  00000+0  62703-3 0  9990
2 30266  99.0242 349.6702 0080853 309.7805 115.7563 14.16422736  9612
FENGYUN 1C DEB          
1 30267U 99025YC  26276.49642942  .00001475  00000+0  63522-3 0  9993
2 30267  98.8345 354.5490 0058817 113.6973 247.0393 14.25193700 14900
FENGYUN 1C DEB          
1 30270U 99025YF  26276.28766530  .00000036  00000+0  43303-4 0  9992
2 30270  98.6951 285.8786 0007974  55.2840  10.1043 14.11384962 15157
FENGYUN 1C DEB          
1 30272U 99025YH  26276.45109943  .00001176  00000+0  61392-3 0  9995
2 30272  98.8829 348.2320 0047939 346.5244  13.4646 14.15862760 10243
FENGYUN 1C DEB          
1 30273U 99025YJ  26276.29160817  .00000149  00000+0  12112-3 0  9990
2 30273  98.8317 287.1875 0061565 146.9402 226.6060 14.03102834  6600
FENGYUN 1C DEB          
1 30274U 99025YK  26276.26729344  .00004077  00000+0  92619-3 0  9998
2 30274  99.3195  82.9728 0002082  45.1342  80.3300 14.56629148 24917
FENGYUN 1C DEB          
1 30275U 99025YL  26276.21180179  .00002840  00000+0  75753-3 0  9997
2 30275  98.6209  11.0139 0035459  18.9183  11.1936 14.48859818 23310
FENGYUN 1C DEB          
1 30276U 99025YM  26275.95248505  .00001305  00000+0  53670-3 0  9995
2 30276  98.8434 356.3444 0023201 311.7152  48.2044 14.28581650 17070
FENGYUN 1C DEB          
1 30277U 99025YN  26276.47773569  .00000941  00000+0  47687-3 0  9993
2 30277  98.9522 353.0557 0121567  63.6241  57.1695 14.14697650  9520
FENGYUN 1C DEB          
1 30279U 99025YQ  26276.38304499  .00000897  00000+0  32517-3 0  9993
2 30279  99.1767 228.5755 0216116 309.9911 204.1588 14.24090936 18033
FENGYUN 1C DEB          
1 30280U 99025YR  26275.92596876 -.00000014  00000+0  19157-4 0  9994
2 30280  98.8011 258.0715 0079727 232.9261 155.9606 13.98555667  4862
FENGYUN 1C DEB          
1 30281U 99025YS  26275.90521014  .00000228  00000+0  15102-3 0  9996
2 30281  98.7816 263.5745 0029549 123.3853 266.5856 14.10674414 13690
FENGYUN 1C DEB          
1 30282U 99025YT  26275.91639581  .00000184  00000+0  99054-4 0  9997
2 30282  98.5135 269.9088 0208453 237.9641 149.8369 14.13287404 15059
FENGYUN 1C DEB          
1 30283U 99025YU  26276.26685284  .00000191  00000+0  13324-3 0  9991
2 30283  98.8877 267.3920 0182213 303.0217 124.7044 14.02109326  8195
FENGYUN 1C DEB          
1 30284U 99025YV  26276.17840207  .00001754  00000+0  68544-3 0  9990
2 30284  98.7026 349.6652 0034589 326.6748  61.5697 14.30536739 16777
FENGYUN 1C DEB          
1 30286U 99025YX  26276.30151194  .00000069  00000+0  58976-4 0  9994
2 30286  98.6965 277.0693 0064194  15.2952 355.5210 14.12819109 16167
FENGYUN 1C DEB          
1 30287U 99025YY  26275.00302997  .00000793  00000+0  53052-3 0  9993
2 30287  98.6173 284.3325 0410420 311.9943  98.7220 13.69362510978710
FENGYUN 1C DEB          
1 30288U 99025YZ  26276.58375528  .00002474  00000+0  88315-3 0  9996
2 30288  99.3953  28.3926 0022428 195.2767 177.5433 14.35045245 17917
FENGYUN 1C DEB          
1 30289U 99025ZA  26276.56929929  .00002536  00000+0  10254-2 0  9990
2 30289  98.9292  24.1521 0037807 195.7241 285.7842 14.28358907 12794
FENGYUN 1C DEB          
1 30290U 99025ZB  26276.24454814  .00031711  00000+0  25554-2 0  9999
2 30290 102.6091 195.1551 0009839 339.3521 176.2907 14.99836690 22569
FENGYUN 1C DEB          
1 30291U 99025ZC  26276.11468270  .00004751  00000+0  91120-3 0  9994
2 30291  97.2116 131.6881 0099101 158.5380 359.1494 14.60992275 19854
FENGYUN 1C DEB          
1 30293U 99025ZE  26276.13164376  .00001125  00000+0  29261-3 0  9997
2 30293  99.2315 140.4652 0074228 320.1941 191.6333 14.50347165 32415
FENGYUN 1C DEB          
1 30294U 99025ZF  26275.20523329  .00000252  00000+0  83554-4 0  9998
2 30294  98.3817 259.8305 0197154 153.0363 272.8283 14.35486243 27456
FENGYUN 1C DEB          
1 30295U 99025ZG  26275.04524087  .00000141  00000+0  74889-4 0  9991
2 30295  98.4890 293.3329 0092159 305.1905 111.0687 14.25254228 23474
FENGYUN 1C DEB          
1 30297U 99025ZJ  26276.63801716  .00010228  00000+0  20937-2 0  9996
2 30297  98.8361 235.5907 0359475 339.9826 197.2379 14.27413650993521
FENGYUN 1C DEB          
1 30298U 99025ZK  26276.51861204  .00001775  00000+0  81693-3 0  9996
2 30298  99.0009  17.9162 0044520   3.8518  57.5330 14.21943803 10141
FENGYUN 1C DEB          
1 30299U 99025ZL  26276.46589906  .00001319  00000+0  75025-3 0  9993
2 30299  99.0793 355.8398 0102748 262.9131 110.3687 14.09064418  4219
FENGYUN 1C DEB          
1 30300U 99025ZM  26276.18514904  .00002764  00000+0  10674-2 0  9994
2 30300  99.0307   0.8143 0073571 164.8993 225.7069 14.29544402 11586
FENGYUN 1C DEB          
1 30301U 99025ZN  26276.15970014  .00008242  00000+0  15856-2 0  9994
2 30301  98.6460  83.8710 0057458 104.8104 314.5145 14.62811297 15095
FENGYUN 1C DEB          
1 30302U 99025ZP  26276.18178346  .00002218  00000+0  11013-2 0  9994
2 30302  98.5426 176.3518 0107162 355.2044   4.8095 14.15162254  1991
FENGYUN 1C DEB          
1 30303U 99025ZQ  26275.21025838  .00002701  00000+0  10599-2 0  9990
2 30303  99.0105   6.5950 0075976 156.0741 204.4000 14.28649413 11439
FENGYUN 1C DEB          
1 30304U 99025ZR  26276.16835146  .00001232  00000+0  62362-3 0  9991
2 30304  99.0178 357.4818 0071702 291.5704  67.7840 14.16746399  9806
FENGYUN 1C DEB          
1 30305U 99025ZS  26276.51304860  .00000160  00000+0  20560-3 0  9998
2 30305  98.5930 186.1713 0265698  49.5305 123.9247 13.60356042977816
FENGYUN 1C DEB          
1 30306U 99025ZT  26276.38253111  .00001291  00000+0  48870-3 0  9996
2 30306  98.5635 317.6228 0111400 211.6816 147.7630 14.29497151 18775
FENGYUN 1C DEB          
1 30309U 99025ZW  26276.39564891  .00000300  00000+0  25184-3 0  9993
2 30309  99.1887 337.2530 0094030 111.8501 249.2692 13.93708530  1368
FENGYUN 1C DEB          
1 30310U 99025ZX  26273.88488828  .00000535  00000+0  25779-3 0  9991
2 30310  98.6511 287.2747 0238113 248.7213 108.8383 14.09066853  8440
FENGYUN 1C DEB          
1 30311U 99025ZY  26276.22438699  .00000166  00000+0  18652-3 0  9996
2 30311  99.1354   5.9556 0165643 135.9982 225.4494 13.78096778990164
FENGYUN 1C DEB          
1 30312U 99025ZZ  26276.23737375  .00003840  00000+0  10023-2 0  9996
2 30312  98.8587  14.6929 0009552  56.2782 333.3281 14.50037914 21828
FENGYUN 1C DEB          
1 30313U 99025AAA 26276.52581427  .00002089  00000+0  85130-3 0  9990
2 30313  98.8698  11.6393 0057499 200.7637 172.1393 14.27640236 12893
FENGYUN 1C DEB          
1 30314U 99025AAB 26276.19496023  .00001244  00000+0  76828-3 0  9997
2 30314  98.4010  88.7795 0142415 245.7597 112.8635 14.02157503  2102
FENGYUN 1C DEB          
1 30315U 99025AAC 26275.99475618  .00000294  00000+0  15944-3 0  9998
2 30315  98.6005 281.9306 0034220 227.9757 159.3892 14.19407888 18816
FENGYUN 1C DEB          
1 30316U 99025AAD 26275.29115322  .00004956  00000+0  10046-2 0  9991
2 30316  98.6582  34.8872 0034170 214.2771 145.6223 14.61353037 26176
FENGYUN 1C DEB          
1 30317U 99025AAE 26276.27349091  .00000225  00000+0  15946-3 0  9993
2 30317  98.7982 273.6326 0025362 165.4013 194.7894 14.07073238 11522
FENGYUN 1C DEB          
1 30320U 99025AAH 26276.44769809 -.00000035  00000+0  65782-5 0  9994
2 30320  99.1497 340.6828 0085947 205.7922 166.7792 13.98696004  5166
FENGYUN 1C DEB          
1 30321U 99025AAJ 26276.26205208  .00000287  00000+0  16083-3 0  9999
2 30321  98.6693 272.6192 0061645 111.4191 262.4338 14.16958325 17157
FENGYUN 1C DEB          
1 30322U 99025AAK 26275.47434547  .00000965  00000+0  55895-3 0  9999
2 30322  98.3735 116.9670 0125314 136.4043 224.7112 14.07042260  3260
FENGYUN 1C DEB          
1 30325U 99025AAL 26276.29102021 -.00000062  00000+0 -11315-4 0  9992
2 30325  98.7178 291.3472 0016955 138.3814 221.8650 14.09190008 11533
FENGYUN 1C DEB          
1 30326U 99025AAM 26276.12423614  .00000052  00000+0  75051-4 0  9993
2 30326  98.6118 145.4915 0140927 307.8673  50.9805 13.85579403995325
FENGYUN 1C DEB          
1 30327U 99025AAN 26275.95350681  .00002286  00000+0  10203-2 0  9994
2 30327  98.4250 161.3128 0117938  10.5693   2.6345 14.20003510  6169
FENGYUN 1C DEB          
1 30328U 99025AAP 26276.30433914  .00000109  00000+0  82014-4 0  9999
2 30328  98.6845 282.4378 0006246  51.6676 321.7430 14.12603097 14177
FENGYUN 1C DEB          
1 30329U 99025AAQ 26276.28285314  .00000237  00000+0  22326-3 0  9997
2 30329  99.2632 197.9488 0141246 326.1061 185.7595 13.86986183994930
FENGYUN 1C DEB          
1 30330U 99025AAR 26275.94099130  .00000855  00000+0  71649-3 0  9998
2 30330  98.9069 257.1741 0187267 111.7297 275.7928 13.82928308987231
FENGYUN 1C DEB          
1 30331U 99025AAS 26276.08402854  .00000374  00000+0  28282-3 0  9997
2 30331  98.9253 308.0445 0095062 275.2314 108.3427 13.98108980  2271
FENGYUN 1C DEB          
1 30332U 99025AAT 26276.40293297  .00000231  00000+0  24976-3 0  9991
2 30332  99.7498 259.8075 0177808  57.8718  98.6261 13.76970362987709
FENGYUN 1C DEB          
1 30334U 99025AAV 26276.21065773  .00001459  00000+0  10552-2 0  9995
2 30334  99.0228  13.4096 0142535 257.1729 131.1932 13.93464301993219
FENGYUN 1C DEB          
1 30335U 99025AAW 26275.96943019  .00000255  00000+0  18193-3 0  9998
2 30335  98.9307 265.5402 0136496  34.6841 349.4514 14.01525396  7093
FENGYUN 1C DEB          
1 30336U 99025AAX 26275.99380241  .00000304  00000+0  16243-3 0  9993
2 30336  98.5832 293.1683 0042366 236.3889 153.2193 14.19672148 17740
FENGYUN 1C DEB          
1 30338U 99025AAZ 26276.46972405  .00001666  00000+0  28356-3 0  9997
2 30338  98.4316 351.7645 0262400  16.0079 356.6904 14.50340354 24141
FENGYUN 1C DEB          
1 30339U 99025ABA 26275.63842957  .00003042  00000+0  94059-3 0  9997
2 30339  98.9780  41.2392 0019786 284.4516  89.4739 14.41950027 16553
FENGYUN 1C DEB          
1 30340U 99025ABB 26276.44051707  .00000073  00000+0  66287-4 0  9998
2 30340  98.9612 335.0870 0145687  34.0397 339.6934 14.04712554  9188
FENGYUN 1C DEB          
1 30341U 99025ABC 26276.21329777  .00003242  00000+0  10781-2 0  9996
2 30341  99.2092 189.6086 0046553 286.9848 233.3383 14.37843274 13080
FENGYUN 1C DEB          
1 30342U 99025ABD 26276.08733619  .00000353  00000+0  34628-3 0  9993
2 30342 100.1862 123.4163 0168592  85.8849  64.1806 13.80395605989499
FENGYUN 1C DEB          
1 30344U 99025ABF 26276.27946169  .00004245  00000+0  95965-3 0  9997
2 30344  98.8155  19.1367 0005295 291.1469  93.5625 14.56773624 23596
FENGYUN 1C DEB          
1 30345U 99025ABG 26276.18323970  .00002791  00000+0  81538-3 0  9992
2 30345  98.9053 354.1362 0016835  96.4682 263.8425 14.44807848 20227
FENGYUN 1C DEB          
1 30346U 99025ABH 26276.26636266  .00003085  00000+0  10439-2 0  9995
2 30346  98.8116  24.1253 0054424 233.2624 155.6074 14.36739694 16387
FENGYUN 1C DEB          
1 30347U 99025ABJ 26276.25537331  .00000171  00000+0  14851-3 0  9994
2 30347  98.4016  77.6859 0148834 294.6252 189.8315 13.92901212   619
FENGYUN 1C DEB          
1 30348U 99025ABK 26276.26844403  .00002515  00000+0  84971-3 0  9991
2 30348  98.8660  24.5410 0019732 221.2268 168.1360 14.37728617 17591
FENGYUN 1C DEB          
1 30349U 99025ABL 26276.37599802  .00001408  00000+0  75412-3 0  9994
2 30349  98.6037 231.7214 0084471 252.0982 260.7270 14.12864543  3832
FENGYUN 1C DEB          
1 30350U 99025ABM 26276.38966377  .00000650  00000+0  51946-3 0  9996
2 30350  98.1261  59.4187 0218415 215.7695 171.7449 13.83336591990553
FENGYUN 1C DEB          
1 30352U 99025ABP 26276.30993013  .00000003  00000+0  26634-4 0  9996
2 30352  98.7468 293.3787 0028012 205.3194 168.0752 14.07762076 10474
FENGYUN 1C DEB          
1 30355U 99025ABS 26275.96789619  .00000648  00000+0  32294-3 0  9998
2 30355  98.5946 276.4195 0053142 178.1265 211.5397 14.19518087 15129
FENGYUN 1C DEB          
1 30356U 99025ABT 26275.94040943  .00000569  00000+0  31963-3 0  9991
2 30356  98.6992 267.7984 0052575 168.6268 222.2794 14.13697257 11607
FENGYUN 1C DEB          
1 30357U 99025ABU 26276.30916708 -.00000067  00000+0 -15061-4 0  9991
2 30357  98.7804 299.6629 0048627 221.8944 151.0444 14.05378938  9394
FENGYUN 1C DEB          
1 30358U 99025ABV 26276.33630010  .00001486  00000+0  66441-3 0  9995
2 30358  98.5564 101.5385 0082411  64.1447  59.1971 14.22275499 11002
FENGYUN 1C DEB          
1 30359U 99025ABW 26276.45887993  .00002330  00000+0  16101-2 0  9999
2 30359 101.6148 182.9430 0144963 330.5078  28.7954 13.95657308991789
FENGYUN 1C DEB          
1 30360U 99025ABX 26276.15295610  .00001522  00000+0  62723-3 0  9991
2 30360  98.7468 351.1578 0027697  10.8583  19.0277 14.28142339 15999
FENGYUN 1C DEB          
1 30361U 99025ABY 26275.03293015  .00001059  00000+0  44878-3 0  9991
2 30361  98.5449 309.0706 0063583 252.8338 106.5875 14.26421084 17973
FENGYUN 1C DEB          
1 30362U 99025ABZ 26276.24188555  .00002401  00000+0  12449-2 0  9998
2 30362  99.0509 207.2887 0088712 234.5275 124.7595 14.13808906  3259
FENGYUN 1C DEB          
1 30363U 99025ACA 26272.44939091  .00001363  00000+0  66444-3 0  9997
2 30363  99.0161 353.1009 0076227 291.0673  68.2363 14.18346401  9263
FENGYUN 1C DEB          
1 30364U 99025ACB 26276.18518882  .00001700  00000+0  48576-3 0  9995
2 30364  98.1218 174.0267 0318930 177.1727 337.8768 14.20532445998176
FENGYUN 1C DEB          
1 30365U 99025ACC 26275.92741185  .00000295  00000+0  14025-3 0  9991
2 30365  98.6383 267.8748 0166313 342.7900  46.7732 14.19536766 17671
FENGYUN 1C DEB          
1 30366U 99025ACD 26276.31115449  .00000692  00000+0  25747-3 0  9998
2 30366  98.9302 208.1808 0063519  76.8475  83.7852 14.34204367 25452
FENGYUN 1C DEB          
1 30368U 99025ACF 26276.22295338  .00000251  00000+0  27007-3 0  9998
2 30368  99.1988  16.7496 0185145 251.0841 136.9583 13.75544695987103
FENGYUN 1C DEB          
1 30369U 99025ACG 26276.24981928  .00000155  00000+0  10207-3 0  9995
2 30369  98.7370 270.9411 0100379  78.8101 295.1595 14.12266308 14044
FENGYUN 1C DEB          
1 30370U 99025ACH 26276.15890372  .00001153  00000+0  53265-3 0  9999
2 30370  99.0332 343.4661 0100696 197.0479 191.5012 14.20319397 12727
FENGYUN 1C DEB          
1 30371U 99025ACJ 26276.11481022  .00001222  00000+0  47689-3 0  9994
2 30371  98.5500 319.7249 0008319 175.3243 209.6249 14.31431443 21119
FENGYUN 1C DEB          
1 30374U 99025ACM 26276.45897120  .00003974  00000+0  74229-3 0  9990
2 30374  99.2483 181.0902 0039344 354.7392  60.7135 14.65119284 32324
FENGYUN 1C DEB          
1 30377U 99025ACQ 26276.33998279  .00000684  00000+0  46927-3 0  9996
2 30377  98.8797 292.1482 0118107 169.9600 205.7209 13.99455387  3289
FENGYUN 1C DEB          
1 30379U 99025ACS 26276.31427909  .00000335  00000+0  21958-3 0  9993
2 30379  98.7495 287.2347 0036592 166.0867 207.3079 14.08293481  9566
FENGYUN 1C DEB          
1 30380U 99025ACT 26276.43729855  .00000465  00000+0  10766-3 0  9992
2 30380  98.8753 345.9470 0176594  49.3924 312.2482 14.51308896 38380
FENGYUN 1C DEB          
1 30381U 99025ACU 26276.05231510  .00000898  00000+0  49006-3 0  9996
2 30381  98.7898 311.2986 0053046 318.6812  41.0353 14.13928863963248
FENGYUN 1C DEB          
1 30382U 99025ACV 26276.09198580  .00000936  00000+0  36059-3 0  9997
2 30382  98.4720 310.2748 0152751 214.0429 169.6807 14.26402164 17270
FENGYUN 1C DEB          
1 30385U 99025ACY 26276.40708748  .00000333  00000+0  11336-3 0  9990
2 30385  99.0525 318.9231 0125571 142.4921 231.0031 14.39228421 30056
FENGYUN 1C DEB          
1 30386U 99025ACZ 26276.13808541  .00000943  00000+0  10309-2 0  9998
2 30386  98.6686 141.9470 0303611 111.9025  37.8878 13.56385465968194
FENGYUN 1C DEB          
1 30387U 99025ADA 26276.31149980  .00000262  00000+0  15630-3 0  9991
2 30387  98.6473 287.5477 0001185  77.3072 295.9945 14.15333636 14914
FENGYUN 1C DEB          
1 30388U 99025ADB 26275.02749904  .00000510  00000+0  20495-3 0  9992
2 30388  98.5820 292.4699 0218456 293.8662  90.9865 14.20418095 15916
FENGYUN 1C DEB          
1 30389U 99025ADC 26276.21825234  .00003149  00000+0  86169-3 0  9997
2 30389  98.8318  14.7183 0011953  70.1188 320.0091 14.47896338 20415
FENGYUN 1C DEB          
1 30390U 99025ADD 26275.22371324  .00001570  00000+0  59076-3 0  9998
2 30390  98.8145   7.6199 0064691  27.6406  35.1128 14.31805624 15814
FENGYUN 1C DEB          
1 30391U 99025ADE 26276.38103005  .00001002  00000+0  50434-3 0  9995
2 30391  98.7564 323.1658 0072287 139.3929 231.9901 14.17282211 10394
FENGYUN 1C DEB          
1 30392U 99025ADF 26276.28710606  .00000386  00000+0  21869-3 0  9990
2 30392  98.7708 291.8331 0178799 246.0112 126.3536 14.08024379  8071
FENGYUN 1C DEB          
1 30393U 99025ADG 26276.40064993  .00000472  00000+0  34940-3 0  9996
2 30393  99.1246 338.5121 0071108 169.5870 250.3745 13.99080476  4453
FENGYUN 1C DEB          
1 30394U 99025ADH 26276.35253942  .00000218  00000+0  18659-3 0  9992
2 30394  99.4028 316.1630 0089257  24.0205  38.4360 13.95972988  2149
FENGYUN 1C DEB          
1 30395U 99025ADJ 26275.83891469  .00000452  00000+0  31950-3 0  9996
2 30395  98.9204 287.8818 0158410 295.4014 189.8542 13.97048335  1247
FENGYUN 1C DEB          
1 30396U 99025ADK 26276.39661633  .00000070  00000+0  84214-4 0  9995
2 30396  98.2459 251.3322 0134864  35.3247 117.6849 13.87251185996649
FENGYUN 1C DEB          
1 30397U 99025ADL 26276.60805765  .00000688  00000+0  45409-3 0  9993
2 30397  98.4365  46.2041 0147812 344.8093  77.3918 13.99533786998881
FENGYUN 1C DEB          
1 30398U 99025ADM 26275.98521352  .00000195  00000+0  21370-3 0  9995
2 30398  99.6939 184.5180 0171928 248.5414 125.1847 13.78947610988125
FENGYUN 1C DEB          
1 30400U 99025ADP 26276.29833022  .00001827  00000+0  80944-3 0  9999
2 30400  99.1616 215.1921 0215689 229.3453 287.2736 14.12809412996709
FENGYUN 1C DEB          
1 30401U 99025ADQ 26276.45002601  .00000170  00000+0  81791-4 0  9991
2 30401  98.9064 164.9930 0107023 353.5176   6.4613 14.28198883 25112
FENGYUN 1C DEB          
1 30403U 99025ADS 26276.46001529  .00002277  00000+0  98947-3 0  9992
2 30403  99.0520   8.0415 0074098 256.7362 102.5544 14.23709101  9978
FENGYUN 1C DEB          
1 30404U 99025ADT 26275.97938909  .00000500  00000+0  71062-3 0  9995
2 30404  99.8258   1.7953 0382444 146.6891 215.8942 13.34755388619610
FENGYUN 1C DEB          
1 30405U 99025ADU 26276.54683091  .00001615  00000+0  62523-3 0  9999
2 30405  98.7953  18.4799 0047493  12.9673   0.1246 14.30860113 16038
FENGYUN 1C DEB          
1 30406U 99025ADV 26276.38810029  .00000700  00000+0  76591-3 0  9999
2 30406  98.6029 137.0557 0279259 310.0771 227.9770 13.59976666971706
FENGYUN 1C DEB          
1 30408U 99025ADX 26275.71952684  .00004265  00000+0  13918-2 0  9994
2 30408  99.0218 253.1900 0044119 166.6279   6.6067 14.38616195657582
FENGYUN 1C DEB          
1 30409U 99025ADY 26276.38096141  .00000751  00000+0  44113-3 0  9994
2 30409  98.5021 249.6118 0165104 252.8538 265.4301 14.04340258  5629
FENGYUN 1C DEB          
1 30411U 99025AEA 26276.20861868  .00001611  00000+0  88371-3 0  9994
2 30411  98.5684 177.5810 0124042 352.3552   7.5725 14.09301437  1287
FENGYUN 1C DEB          
1 30413U 99025AEC 26275.95450663  .00002829  00000+0  99779-3 0  9990
2 30413 102.0670 268.7812 0043682 166.7350 221.1389 14.35527736 13513
FENGYUN 1C DEB          
1 30414U 99025AED 26275.95284385  .00002352  00000+0  79310-3 0  9997
2 30414  99.1018  94.1426 0056096  47.6924 312.8995 14.37130182 13018
FENGYUN 1C DEB          
1 30415U 99025AEE 26276.51691304  .00000864  00000+0  86239-3 0  9998
2 30415  99.6323 342.0703 0232756 231.8518 256.1486 13.69625642979123
FENGYUN 1C DEB          
1 30416U 99025AEF 26276.30892350 -.00000105  00000+0 -39918-4 0  9993
2 30416  98.8137 296.6048 0056568  88.3896 272.3749 14.02822411  7544
FENGYUN 1C DEB          
1 30417U 99025AEG 26276.22958737  .00000268  00000+0  15784-3 0  9999
2 30417  98.7175 263.9973 0063777   0.2512  12.5154 14.14946245 15478
FENGYUN 1C DEB          
1 30418U 99025AEH 26276.06185076  .00003538  00000+0  35823-3 0  9999
2 30418  98.8497 114.0008 0102304 256.1214 257.2390 14.87921626 49645
FENGYUN 1C DEB          
1 30419U 99025AEJ 26276.37302751  .00000581  00000+0  29994-3 0  9992
2 30419  99.2668 240.7255 0050427 273.3783 241.5969 14.18691743 15269
FENGYUN 1C DEB          
1 30432U 99025AET 26276.47993447  .00000689  00000+0  21798-3 0  9999
2 30432  98.8185 190.0047 0080939 181.4115 178.6857 14.41629223 29809
FENGYUN 1C DEB          
1 30434U 99025AEV 26275.91807208  .00000132  00000+0  13124-3 0  9995
2 30434  99.0271 259.0356 0121459 150.5361 239.6000 13.90882899997964
FENGYUN 1C DEB          
1 30435U 99025AEW 26276.60754858  .00002290  00000+0  18701-2 0  9997
2 30435  99.0321 254.7670 0209004  44.1444  21.9407 13.81016801982289
FENGYUN 1C DEB          
1 30436U 99025AEX 26276.49021041  .00003098  00000+0  12783-2 0  9997
2 30436  98.4077 163.0237 0098445 353.5118 131.1107 14.24878232  6327
FENGYUN 1C DEB          
1 30437U 99025AEY 26276.43712829  .00011918  00000+0  92539-3 0  9991
2 30437  98.8887 340.9579 0022770 229.4877 142.8406 15.01328237 35893
FENGYUN 1C DEB          
1 30438U 99025AEZ 26275.96330142  .00001037  00000+0  76900-3 0  9998
2 30438  98.7433 281.7170 0134874  97.6569 263.9933 13.92994480994016
FENGYUN 1C DEB          
1 30439U 99025AFA 26274.97168314  .00000261  00000+0  17385-3 0  9999
2 30439  98.7457 283.1188 0037520 224.5255 165.3909 14.09165964  9090
FENGYUN 1C DEB          
1 30441U 99025AFC 26274.18690353  .00000326  00000+0  32397-3 0  9990
2 30441  99.1226 357.3712 0184056 201.7393 157.5874 13.77966644988971
FENGYUN 1C DEB          
1 30442U 99025AFD 26276.23124771  .00002482  00000+0  94105-3 0  9995
2 30442  98.8672  20.2441 0055261 150.8729 209.5555 14.31193374 13707
FENGYUN 1C DEB          
1 30443U 99025AFE 26276.32444993  .00002702  00000+0  87006-3 0  9994
2 30443  98.8628 237.7488 0023356 182.0363 178.0733 14.39994148 16691
FENGYUN 1C DEB          
1 30445U 99025AFG 26276.34924049  .00000718  00000+0  18702-3 0  9995
2 30445  98.8711 247.3258 0102468 210.4408 149.0811 14.49921198 34507
FENGYUN 1C DEB          
1 30446U 99025AFH 26276.18677917  .00002357  00000+0  64934-3 0  9996
2 30446  98.6042   8.2100 0031678 286.9037  72.8682 14.47550986 24344
FENGYUN 1C DEB          
1 30447U 99025AFJ 26276.19048782  .00003781  00000+0  75471-3 0  9990
2 30447  98.9535 166.3719 0050985 213.9194 298.1922 14.61790912 23826
FENGYUN 1C DEB          
1 30448U 99025AFK 26276.25673583  .00002425  00000+0  81897-3 0  9994
2 30448  98.8315  20.2656 0018119 217.7223 171.2571 14.37792954 15685
FENGYUN 1C DEB          
1 30450U 99025AFM 26275.83653480  .00002194  00000+0  33690-3 0  9995
2 30450  98.0704 288.7831 0184122   3.7986 171.7608 14.63829467 38360
FENGYUN 1C DEB          
1 30452U 99025AFP 26276.01412038  .00008508  00000+0  12520-2 0  9993
2 30452  99.3361 101.9507 0040331  67.9517  83.0594 14.75163347 24170
FENGYUN 1C DEB          
1 30453U 99025AFQ 26276.44299075  .00001420  00000+0  56911-3 0  9994
2 30453  98.7948 354.3842 0113746  92.6357  36.1038 14.26341707 14343
FENGYUN 1C DEB          
1 30454U 99025AFR 26276.14767929  .00004106  00000+0  17390-2 0  9991
2 30454  98.1368 226.6534 0170208  56.1861 318.5150 14.18411203  1263
FENGYUN 1C DEB          
1 30462U 99025AFZ 26276.41644703  .00000327  00000+0  20458-3 0  9995
2 30462  98.8434 262.5791 0140026 142.4910  13.6870 14.06454769  9313
FENGYUN 1C DEB          
1 30464U 99025AGB 26276.41096994  .00000015  00000+0  30821-4 0  9990
2 30464  98.7954 325.9646 0109863 145.2899 228.6704 14.10330403 12136
FENGYUN 1C DEB          
1 30465U 99025AGC 26276.25822589  .00002490  00000+0  86590-3 0  9992
2 30465  98.8264  16.1005 0017347 235.7299 144.5307 14.36319779 15818
FENGYUN 1C DEB          
1 30466U 99025AGD 26275.40237534  .00001108  00000+0  47139-3 0  9990
2 30466  98.6311 315.1425 0115171 251.5573 120.8422 14.23679070 15288
FENGYUN 1C DEB          
1 30467U 99025AGE 26276.06984431  .00000825  00000+0  41451-3 0  9995
2 30467  98.6545 301.4807 0063264   2.6037  20.0051 14.18153387 13363
FENGYUN 1C DEB          
1 30468U 99025AGF 26276.18677749  .00001552  00000+0  69992-3 0  9998
2 30468  98.9124   5.6754 0070930 272.9292 115.9065 14.22364222  9739
FENGYUN 1C DEB          
1 30469U 99025AGG 26275.98755615  .00000878  00000+0  58717-3 0  9998
2 30469  98.4604 108.7472 0159268  67.6945  88.4507 13.97251888998147
FENGYUN 1C DEB          
1 30471U 99025AGJ 26275.77831483  .00001357  00000+0  70002-3 0  9990
2 30471  99.0510  12.2960 0082026 144.4698 345.5258 14.15105874  5895
FENGYUN 1C DEB          
1 30472U 99025AGK 26276.56115832  .00005212  00000+0  11126-2 0  9997
2 30472  98.6615  33.8831 0034796 253.7020 167.4784 14.58947215 23285
FENGYUN 1C DEB          
1 30474U 99025AGM 26276.25336088  .00002723  00000+0  85909-3 0  9998
2 30474  98.9219  12.2122 0025366 210.8217 175.8495 14.40970098 16289
FENGYUN 1C DEB          
1 30475U 99025AGN 26276.35289928  .00000766  00000+0  40342-3 0  9997
2 30475  98.7689 318.6145 0043947 168.9923 325.0024 14.16441682 11196
FENGYUN 1C DEB          
1 30476U 99025AGP 26276.12593312  .00001314  00000+0  60548-3 0  9998
2 30476  99.1034 327.8869 0046145 178.8646 208.1076 14.22348317 10258
FENGYUN 1C DEB          
1 30477U 99025AGQ 26276.40963383  .00001188  00000+0  17528-2 0  9997
2 30477  99.4190 337.1531 0428464 289.0427  80.2951 13.24430837946197
FENGYUN 1C DEB          
1 30480U 99025AGS 26276.28793123  .00000411  00000+0  14078-3 0  9996
2 30480  98.2187 281.6698 0164511 345.8146  78.8076 14.34017243 28893
FENGYUN 1C DEB          
1 30481U 99025AGT 26275.98544550  .00000804  00000+0  20224-3 0  9997
2 30481  98.3238 290.3745 0222711  94.3243 298.1006 14.40000861 27099
FENGYUN 1C DEB          
1 30489U 99025AHB 26276.26000181  .00000224  00000+0  12122-3 0  9998
2 30489  98.4634 281.6653 0140344 135.4964 289.5712 14.16109153 15549
FENGYUN 1C DEB          
1 30492U 99025AHE 26275.93603387  .00006795  00000+0  13443-2 0  9997
2 30492 102.3231  77.1298 0087534   0.0923   0.0264 14.60493041 11733
FENGYUN 1C DEB          
1 30493U 99025AHF 26276.00446405  .00001039  00000+0  70647-3 0  9999
2 30493  98.5840  90.3767 0181408 121.5292  35.2461 13.94316370991941
FENGYUN 1C DEB          
1 30494U 99025AHG 26276.06046073  .00000722  00000+0  64434-3 0  9998
2 30494  99.2582 310.4784 0187088 162.1939 198.5887 13.80112554985454
FENGYUN 1C DEB          
1 30495U 99025AHH 26276.61954334  .00000084  00000+0  21989-3 0  9997
2 30495 102.2735  46.2400 0590545  22.4304 340.1511 12.95388473924901
FENGYUN 1C DEB          
1 30496U 99025AHJ 26276.56831492  .00002308  00000+0  17260-3 0  9999
2 30496  98.7915 223.5495 0118282 219.1828 140.0785 14.98625490 55548
FENGYUN 1C DEB          
1 30498U 99025AHL 26276.16584910  .00001003  00000+0  59545-3 0  9990
2 30498  99.2259 338.3409 0098585  59.6957 325.1033 14.07485420999096
FENGYUN 1C DEB          
1 30500U 99025AHN 26276.02070716  .00002594  00000+0  10453-2 0  9993
2 30500  99.0737  23.1789 0060002 346.4604  68.7584 14.27950351  8744
FENGYUN 1C DEB          
1 30501U 99025AHP 26275.97586650  .00001713  00000+0  71580-3 0  9997
2 30501  99.0939 282.8976 0041838  75.8551 314.4562 14.27064767 11132
FENGYUN 1C DEB          
1 30503U 99025AHR 26276.26521442  .00000181  00000+0  11458-3 0  9996
2 30503  99.1740 134.2476 0008990 148.1699 276.6526 14.16387471 15163
FENGYUN 1C DEB          
1 30504U 99025AHS 26276.11211116  .00000115  00000+0  69130-4 0  9993
2 30504  98.9903 332.9508 0111515  95.8943 265.4957 14.21062150 15730
FENGYUN 1C DEB          
1 30505U 99025AHT 26276.18924417  .00001707  00000+0  75234-3 0  9995
2 30505  98.9150   4.5797 0063805 117.7739 272.8867 14.23637286 11033
FENGYUN 1C DEB          
1 30506U 99025AHU 26276.23729491  .00000327  00000+0  20952-3 0  9991
2 30506  98.7621 278.0015 0069217 234.9962 185.9848 14.08918251  9698
FENGYUN 1C DEB          
1 30507U 99025AHV 26276.46949243  .00001123  00000+0  56670-3 0  9997
2 30507  98.9921 347.9704 0126747  63.7923  56.3701 14.14229551  6514
FENGYUN 1C DEB          
1 30509U 99025AHX 26276.40413984  .00001364  00000+0  77280-3 0  9998
2 30509  98.4513 135.1582 0100228 306.9504 230.3273 14.09145328998704
FENGYUN 1C DEB          
1 30510U 99025AHY 26276.30883194  .00001191  00000+0  63178-3 0  9992
2 30510  99.2308 302.9617 0077907  61.0388   0.5684 14.14092302  7338
FENGYUN 1C DEB          
1 30514U 99025AJC 26276.29408598  .00000689  00000+0  21885-3 0  9995
2 30514  98.3920 297.0430 0170188 296.5303  61.8522 14.35255495 24478
FENGYUN 1C DEB          
1 30515U 99025AJD 26276.31571630  .00000560  00000+0  32191-3 0  9997
2 30515  98.4767 121.8043 0494637  13.2036  34.0472 13.64617882973470
FENGYUN 1C DEB          
1 30516U 99025AJE 26276.27743400  .00003036  00000+0  88216-3 0  9999
2 30516  98.8657  37.1067 0010005 143.3234 246.6625 14.45039816 19642
FENGYUN 1C DEB          
1 30520U 99025AJJ 26276.32996691  .00011795  00000+0  43583-3 0  9991
2 30520  98.6998 140.0916 0052750 182.8077 177.2870 15.26606815 55196
FENGYUN 1C DEB          
1 30521U 99025AJK 26276.40315557  .00001008  00000+0  19720-3 0  9999
2 30521  99.0253  81.6049 0133490  67.0501 294.4718 14.59907109 38773
FENGYUN 1C DEB          
1 30523U 99025AJM 26275.77532588  .00000410  00000+0  13564-3 0  9991
2 30523  98.5008 251.1490 0241245 323.7526 155.1131 14.28358009 22970
FENGYUN 1C DEB          
1 30524U 99025AJN 26275.78069246  .00003901  00000+0  24702-2 0  9992
2 30524  99.3226  95.4946 0198854 172.9421 187.4615 13.95314599979821
FENGYUN 1C DEB          
1 30525U 99025AJP 26276.01355175  .00000525  00000+0  57834-3 0  9991
2 30525  98.5770 130.3094 0290741 260.7787  96.0368 13.59300235971148
FENGYUN 1C DEB          
1 30526U 99025AJQ 26276.46886105  .00001040  00000+0  12631-2 0  9991
2 30526  99.5321 351.7409 0308054 246.7771 110.0650 13.50300201966357
FENGYUN 1C DEB          
1 30527U 99025AJR 26275.83845894  .00000745  00000+0  10365-2 0  9995
2 30527 100.0418 318.1614 0409694 246.1598 167.0245 13.31587486952708
FENGYUN 1C DEB          
1 30528U 99025AJS 26276.28126008  .00000319  00000+0  17013-3 0  9990
2 30528  98.1998 127.3495 0144617  94.4640 326.2457 14.13848631 12972
FENGYUN 1C DEB          
1 30529U 99025AJT 26275.17540811  .00000606  00000+0  58252-3 0  9999
2 30529  98.4744 168.6226 0229258 155.6661 205.5522 13.72320617980321
FENGYUN 1C DEB          
1 30530U 99025AJU 26276.05859544  .00000263  00000+0  97819-4 0  9997
2 30530  98.3620 311.7303 0098268 337.5617  51.4384 14.37159943 30132
FENGYUN 1C DEB          
1 30531U 99025AJV 26274.45022921  .00008468  00000+0  13430-2 0  9991
2 30531 102.3083 251.0546 0023146 120.3715 239.9769 14.72445023 19815
FENGYUN 1C DEB          
1 30533U 99025AJX 26276.37686035  .00004835  00000+0  97861-3 0  9993
2 30533  98.8472  68.3205 0071925 329.2617  60.2737 14.60193317 21027
FENGYUN 1C DEB          
1 30539U 99025AKD 26276.28803140  .00000982  00000+0  21279-3 0  9996
2 30539  98.8986 281.0579 0115583 100.1649 261.2607 14.56630033 36303
FENGYUN 1C DEB          
1 30540U 99025AKE 26276.30093247  .00002395  00000+0  84633-3 0  9993
2 30540  98.8897  37.4667 0050362 275.7942 112.9949 14.34925142 15071
FENGYUN 1C DEB          
1 30541U 99025AKF 26276.06291345  .00001055  00000+0  47643-3 0  9998
2 30541  98.6705 323.7823 0015310 308.2775  51.7027 14.24163217 15098
FENGYUN 1C DEB          
1 30542U 99025AKG 26276.01897493  .00000171  00000+0  12753-3 0  9992
2 30542  98.7598 301.0376 0027309 222.4995 166.6085 14.07101198 10427
FENGYUN 1C DEB          
1 30543U 99025AKH 26275.96125537  .00000347  00000+0  24190-3 0  9992
2 30543  98.8312 282.2224 0070944 290.8361  99.8905 14.03925536  6322
FENGYUN 1C DEB          
1 30545U 99025AKK 26275.71605711  .00000108  00000+0  19566-3 0  9990
2 30545  98.9916  92.3891 0472134  18.5405 343.2289 13.20950148948114
FENGYUN 1C DEB          
1 30546U 99025AKL 26276.51795461  .00003754  00000+0  35920-3 0  9994
2 30546  98.8715 173.8829 0084770 299.3569 186.1187 14.91290279 48452
FENGYUN 1C DEB          
1 30547U 99025AKM 26276.35487052  .00000261  00000+0  96624-4 0  9990
2 30547  98.8718 134.5520 0096403  68.3490 106.2294 14.38107063 29541
FENGYUN 1C DEB          
1 30548U 99025AKN 26275.30944940  .00001764  00000+0  70245-3 0  9998
2 30548  99.6776 209.3684 0063388 223.8302 288.3842 14.29032562182859
FENGYUN 1C DEB          
1 30549U 99025AKP 26276.55409362  .00001395  00000+0  67485-3 0  9993
2 30549  98.4845  21.0520 0288691 149.0504 212.8038 14.00355589994183
FENGYUN 1C DEB          
1 30550U 99025AKQ 26276.48923756  .00001430  00000+0  86811-3 0  9999
2 30550  99.0427 175.3916 0124015 198.5639 337.0127 14.04173928995298
FENGYUN 1C DEB          
1 30552U 99025AKS 26276.40451215  .00006244  00000+0  12615-2 0  9997
2 30552  98.8465  71.8001 0012239  79.7978 280.4600 14.61719260 19476
FENGYUN 1C DEB          
1 30553U 99025AKT 26276.34438804  .00010534  00000+0  12828-2 0  9993
2 30553  99.1356  55.5070 0016181 301.5581  58.4048 14.83550409 28146
FENGYUN 1C DEB          
1 30555U 99025AKV 26276.39935568  .00001309  00000+0  60470-3 0  9996
2 30555  98.7335 332.1945 0043635 142.6914 280.9317 14.22134438 11239
FENGYUN 1C DEB          
1 30556U 99025AKW 26276.22623937 -.00000059  00000+0 -11140-4 0  9997
2 30556  98.8024 263.8237 0067232 138.8057 287.6213 14.01653415  3760
FENGYUN 1C DEB          
1 30557U 99025AKX 26276.17949688  .00001318  00000+0  72794-3 0  9994
2 30557  98.9018 344.1769 0069483 122.3226 238.4699 14.11937968  4531
FENGYUN 1C DEB          
1 30558U 99025AKY 26267.28532358  .00001524  00000+0  20710-2 0  9998
2 30558  99.4740  30.3874 0421902 302.8221  53.2934 13.29464843945511
FENGYUN 1C DEB          
1 30560U 99025ALA 26276.23392337  .00000257  00000+0  13859-3 0  9996
2 30560  98.6839 267.9031 0116221  86.5127 287.4718 14.17339985 15417
FENGYUN 1C DEB          
1 30561U 99025ALB 26276.28175145  .00000313  00000+0  19305-3 0  9993
2 30561  98.7339 275.3693 0059778 359.2926  12.4581 14.11569794 11340
FENGYUN 1C DEB          
1 30562U 99025ALC 26276.17623794  .00001532  00000+0  66500-3 0  9993
2 30562  98.7447 347.6306 0060222 134.1139 254.2363 14.24665767 11836
FENGYUN 1C DEB          
1 30564U 99025ALE 26276.29105231  .00000652  00000+0  35019-3 0  9992
2 30564  98.7915 284.8123 0201174  11.2623   1.6979 14.06428967  4347
FENGYUN 1C DEB          
1 30565U 99025ALF 26276.07692409  .00001625  00000+0  83995-3 0  9994
2 30565  98.4417 134.0287 0136719 235.2186 280.3289 14.11598308   713
FENGYUN 1C DEB          
1 30566U 99025ALG 26276.11904120  .00000966  00000+0  53343-3 0  9997
2 30566  99.1949 337.5521 0067524  78.5449 311.6475 14.12806980  5371
FENGYUN 1C DEB          
1 30567U 99025ALH 26276.24172413  .00000248  00000+0  15794-3 0  9995
2 30567  98.7995 264.7026 0109853  78.2680 295.9450 14.09171760  9216
FENGYUN 1C DEB          
1 30568U 99025ALJ 26276.31635233  .00004625  00000+0  94175-3 0  9991
2 30568  98.9428 114.0449 0018687  12.1087 163.4188 14.61459089 19464
FENGYUN 1C DEB          
1 30569U 99025ALK 26275.91242678  .00013683  00000+0  15078-2 0  9992
2 30569  98.7478  86.4703 0005291 226.0366 134.0411 14.87656993 25535
FENGYUN 1C DEB          
1 30570U 99025ALL 26276.35470809  .00000390  00000+0  22320-3 0  9992
2 30570  98.6859 306.2932 0036445  92.1863 280.1039 14.14694491 11578
FENGYUN 1C DEB          
1 30571U 99025ALM 26276.29372767  .00000254  00000+0  16478-3 0  9996
2 30571  98.7072 298.7981 0022469 118.8233 301.0462 14.10932789 10342
FENGYUN 1C DEB          
1 30572U 99025ALN 26276.31955806  .00000147  00000+0  10869-3 0  9990
2 30572  98.7437 302.6532 0022531 178.0176 195.1132 14.09151715  9062
FENGYUN 1C DEB          
1 30573U 99025ALP 26275.72787483  .00001490  00000+0  75758-3 0  9999
2 30573  99.2066 327.9507 0088865 166.8980 321.8820 14.15472133  3556
FENGYUN 1C DEB          
1 30574U 99025ALQ 26275.91905090  .00001336  00000+0  11365-2 0  9999
2 30574  99.3298  79.3726 0216370 290.9417  66.8701 13.79005174978218
FENGYUN 1C DEB          
1 30575U 99025ALR 26276.61154709  .00001273  00000+0  40029-3 0  9991
2 30575  99.1788  33.7072 0053750  91.2122 281.3579 14.41524553 24558
FENGYUN 1C DEB          
1 30577U 99025ALT 26276.03792234  .00000410  00000+0  24824-3 0  9997
2 30577  98.7412 307.7145 0029814 165.7748 224.4225 14.11570487  9259
FENGYUN 1C DEB          
1 30579U 99025ALV 26276.32141701  .00000086  00000+0  78312-4 0  9999
2 30579  98.7851 297.2162 0052583 358.4711  15.7108 14.05516395  5955
FENGYUN 1C DEB          
1 30594U 99025ALZ 26276.08831067  .00000093  00000+0  58125-4 0  9998
2 30594  99.1112 145.6267 0192937 201.6323 157.6620 14.17537205 16835
FENGYUN 1C DEB          
1 30596U 99025AMB 26275.71376102  .00000316  00000+0  90993-4 0  9990
2 30596  98.4278 271.4046 0247599 132.9421 285.4692 14.34943583 27756
FENGYUN 1C DEB          
1 30599U 99025AME 26273.96481268  .00000546  00000+0  17671-3 0  9994
2 30599  98.5972 283.0352 0298527 217.8480 140.1373 14.20755269 13143
FENGYUN 1C DEB          
1 30600U 99025AMF 26276.28023662  .00002397  00000+0  83591-3 0  9995
2 30600  98.3929 206.9051 0314312 122.5824 240.6113 14.11940582985837
FENGYUN 1C DEB          
1 30603U 99025AMJ 26275.92819506  .00000758  00000+0  61661-3 0  9991
2 30603  98.4033 273.2845 0182897 118.7716 274.3153 13.84954176989478
FENGYUN 1C DEB          
1 30604U 99025AMK 26276.31425819  .00000283  00000+0  11469-3 0  9990
2 30604  98.3722 302.8215 0207841 223.5458 147.3343 14.24045851 20009
FENGYUN 1C DEB          
1 30606U 99025AMM 26276.30390622  .00001923  00000+0  30794-3 0  9998
2 30606  98.0921 284.2261 0205159 297.1035  71.0204 14.59934997 35383
FENGYUN 1C DEB          
1 30608U 99025AMP 26276.45883575  .00001001  00000+0  40763-3 0  9994
2 30608  98.6795 343.3311 0013635  36.6833 335.4958 14.29651822 16484
FENGYUN 1C DEB          
1 30609U 99025AMQ 26271.69116715  .00001979  00000+0  10131-2 0  9990
2 30609  98.5604 180.6821 0115843 306.5690  52.4866 14.13199921998219
FENGYUN 1C DEB          
1 30616U 99025AMX 26275.80611279  .00000433  00000+0  59973-3 0  9992
2 30616  98.6228 294.6462 0381192 236.9208 119.4782 13.36629969956286
FENGYUN 1C DEB          
1 30619U 99025ANA 26275.27953033  .00000374  00000+0  10033-3 0  9991
2 30619  98.2753 294.6276 0211879 250.8699 106.9446 14.41754865 31670
FENGYUN 1C DEB          
1 30621U 99025ANC 26276.29057594  .00001662  00000+0  97183-3 0  9996
2 30621  98.7047 212.6923 0131524 197.9047 317.3917 14.05426141997258
FENGYUN 1C DEB          
1 30622U 99025AND 26276.51455043  .00004080  00000+0  14117-2 0  9995
2 30622 100.9921  11.9379 0067759 291.0309 135.2563 14.35204897730216
FENGYUN 1C DEB          
1 30623U 99025ANE 26276.21969970  .00000076  00000+0  14797-3 0  9998
2 30623  98.8584  58.5414 0404285 100.8824  20.7252 13.29580786951294
FENGYUN 1C DEB          
1 30624U 99025ANF 26275.26187409  .00011607  00000+0  17050-2 0  9998
2 30624  98.8812  27.9247 0015103  90.2150 270.0787 14.75594336 17984
FENGYUN 1C DEB          
1 30625U 99025ANG 26276.18453625  .00005123  00000+0  13848-2 0  9994
2 30625  98.9235 252.0156 0043731 138.0110 222.4447 14.47682108  9383
FENGYUN 1C DEB          
1 30628U 99025ANK 26276.35497634  .00008487  00000+0  11907-2 0  9994
2 30628  99.3487 241.5167 0022576  56.1989 304.1363 14.77592956 28046
FENGYUN 1C DEB          
1 30629U 99025ANL 26276.35476633  .00006074  00000+0  10803-2 0  9995
2 30629  99.2566  53.3174 0005157  15.8881  12.4831 14.67547194 22002
FENGYUN 1C DEB          
1 30630U 99025ANM 26276.33389095  .00000844  00000+0  39241-3 0  9997
2 30630  99.1817 106.7649 0025096 315.2250 170.8668 14.23308778 14006
FENGYUN 1C DEB          
1 30632U 99025ANP 26276.40986192  .00007657  00000+0  11753-2 0  9994
2 30632  98.8377  76.3892 0013504 328.6747  60.7940 14.73849015 20171
FENGYUN 1C DEB          
1 30633U 99025ANQ 26276.06938700  .00000520  00000+0  32159-3 0  9995
2 30633  98.3943 124.7297 0129177 144.9550   6.4548 14.05099784   228
FENGYUN 1C DEB          
1 30634U 99025ANR 26276.25115140  .00002011  00000+0  10586-2 0  9998
2 30634  99.3117 274.5365 0118697 356.9111  14.3427 14.11691773997701
FENGYUN 1C DEB          
1 30639U 99025ANW 26276.30453574  .00003973  00000+0  13389-2 0  9997
2 30639  99.0283  46.3054 0064869 142.2501 218.3260 14.36427054  9416
FENGYUN 1C DEB          
1 30640U 99025ANX 26276.49657590  .00001135  00000+0  58226-3 0  9991
2 30640  99.0406 356.9712 0077771 346.1588  81.4979 14.15958035  6140
FENGYUN 1C DEB          
1 30641U 99025ANY 26276.38506119  .00002398  00000+0  27183-3 0  9990
2 30641  98.9744 249.9615 0127568 277.8400 245.4352 14.81862791 48925
FENGYUN 1C DEB          
1 30646U 99025APD 26276.32799982  .00000656  00000+0  39034-3 0  9994
2 30646  98.6380 290.3590 0046607 275.1827  84.4027 14.10256180  7525
FENGYUN 1C DEB          
1 30647U 99025APE 26276.41220833  .00005950  00000+0  11772-2 0  9999
2 30647  99.0004 238.2280 0029714   1.9476 153.4781 14.62480460 22883
FENGYUN 1C DEB          
1 30648U 99025APF 26276.58027486  .00003383  00000+0  84550-3 0  9990
2 30648  98.6442  23.8420 0030160 310.5675  62.5351 14.51941193 21410
FENGYUN 1C DEB          
1 30649U 99025APG 26276.25364384  .00001760  00000+0  66949-3 0  9995
2 30649  98.8116  20.3827 0047285  32.5158 356.9473 14.31629092 12747
FENGYUN 1C DEB          
1 30650U 99025APH 26276.41222957  .00001361  00000+0  70671-3 0  9998
2 30650  99.1857 330.7101 0071265  82.7530 291.3008 14.15203063  4581
FENGYUN 1C DEB          
1 30652U 99025APJ 26276.34320899 -.00000092  00000+0 -29303-4 0  9995
2 30652  98.7530 305.9744 0008870 149.6472 277.4349 14.07889776  8379
FENGYUN 1C DEB          
1 30654U 99025APL 26275.83047034  .00001131  00000+0  57039-3 0  9996
2 30654  99.2525 216.0105 0035333 350.5359   9.5145 14.18168405  8453
FENGYUN 1C DEB          
1 30656U 99025APN 26276.27301226  .00003420  00000+0  90211-3 0  9995
2 30656  99.0171 114.9018 0029747 293.3354  66.4709 14.49420647 13413
FENGYUN 1C DEB          
1 30657U 99025APP 26276.27327565  .00003121  00000+0  96593-3 0  9997
2 30657  98.8430  28.8784 0017452 189.3239 200.5557 14.41891793 14710
FENGYUN 1C DEB          
1 30658U 99025APQ 26274.49083160  .00001207  00000+0  91006-3 0  9997
2 30658  98.4210 283.7023 0181817 140.9304 220.5150 13.88328421987458
FENGYUN 1C DEB          
1 30660U 99025APS 26276.27072933  .00003796  00000+0  32762-3 0  9993
2 30660  98.1476  26.4528 0129393  89.4185 301.8479 14.91609614 51707
FENGYUN 1C DEB          
1 30661U 99025APT 26276.30900681  .00000083  00000+0  55828-4 0  9993
2 30661  99.4840 118.9158 0143021 295.2021  63.4382 14.21324845 20874
FENGYUN 1C DEB          
1 30662U 99025APU 26274.14397152  .00001414  00000+0  63404-3 0  9994
2 30662  99.0316 343.2579 0034368 153.3407 237.3099 14.23855146  7905
FENGYUN 1C DEB          
1 30663U 99025APV 26275.98150249  .00001269  00000+0  97000-3 0  9999
2 30663  99.2920 168.6116 0645770 143.8618 220.7990 13.24861985929422
FENGYUN 1C DEB          
1 30665U 99025APX 26275.92133834  .00001387  00000+0  74114-3 0  9998
2 30665  99.2263 261.2238 0068961  96.2042 294.0688 14.13744689  1140
FENGYUN 1C DEB          
1 30666U 99025APY 26276.39507628  .00000324  00000+0  23315-3 0  9994
2 30666  98.8548 256.3805 0061737  43.7387 113.2341 14.02822207  2285
FENGYUN 1C DEB          
1 30668U 99025AQA 26276.18605681  .00001310  00000+0  69435-3 0  9990
2 30668  99.1189 359.9084 0080553 139.3744 251.3838 14.13803686  2138
FENGYUN 1C DEB          
1 30669U 99025AQB 26276.08020994  .00001583  00000+0  96472-3 0  9991
2 30669  98.6431 203.1577 0119577  69.2181 305.5124 14.03947158995824
FENGYUN 1C DEB          
1 30670U 99025AQC 26276.05380656  .00000055  00000+0  49388-4 0  9992
2 30670  98.6708 318.2417 0038154 307.0241  82.7894 14.15931348 12954
FENGYUN 1C DEB          
1 30671U 99025AQD 26276.16360495  .00000802  00000+0  57643-3 0  9996
2 30671  99.2308 346.8550 0124452 310.5160  76.9981 13.96383706993035
FENGYUN 1C DEB          
1 30673U 99025AQF 26276.39946770 -.00000091  00000+0 -30247-4 0  9993
2 30673  98.8802 324.2240 0052455  42.8496 330.1859 14.03587247  6654
FENGYUN 1C DEB          
1 30675U 99025AQH 26276.50774644  .00001447  00000+0  57898-3 0  9991
2 30675  98.7428   1.2927 0050338  29.5304 343.3305 14.29226381 10981
FENGYUN 1C DEB          
1 30676U 99025AQJ 26275.69293160  .00000596  00000+0  30048-3 0  9992
2 30676  98.2933  68.7502 0467171 330.2333  27.2968 13.75006008979626
FENGYUN 1C DEB          
1 30677U 99025AQK 26275.88747203  .00001635  00000+0  52109-3 0  9993
2 30677  98.2325 314.6147 0064762  39.9017 134.3985 14.39856460 21994
FENGYUN 1C DEB          
1 30678U 99025AQL 26275.87101464  .00003031  00000+0  12142-2 0  9990
2 30678  99.0799 252.3091 0071080 100.7417 290.0914 14.27714739   580
FENGYUN 1C DEB          
1 30679U 99025AQM 26275.41552541  .00000252  00000+0  25540-3 0  9996
2 30679  99.3503 329.2166 0170499  22.9360 349.4064 13.80062747985704
FENGYUN 1C DEB          
1 30680U 99025AQN 26276.37753740  .00002374  00000+0  24113-2 0  9999
2 30680  99.6462 318.4963 0317285 144.7432 217.5151 13.57920785962501
FENGYUN 1C DEB          
1 30683U 99025AQR 26276.05181816  .00000656  00000+0  42954-3 0  9991
2 30683  99.4017 301.4842 0137026 140.0973 248.1193 14.01358705996722
FENGYUN 1C DEB          
1 30684U 99025AQS 26276.11161481  .00000597  00000+0  63260-3 0  9992
2 30684  99.5075 318.0716 0233846 233.0429 124.9099 13.67355484976511
FENGYUN 1C DEB          
1 30686U 99025AQU 26276.37123769  .00002692  00000+0  33996-3 0  9990
2 30686  99.0025 149.1712 0136165 281.2180 132.1884 14.76629265 39477
FENGYUN 1C DEB          
1 30688U 99025AQW 26276.18139620  .00001948  00000+0  70101-3 0  9996
2 30688  98.6860 355.9954 0017638 167.7561 222.3350 14.34829022 14818
FENGYUN 1C DEB          
1 30689U 99025AQX 26276.21265148  .00000423  00000+0  23973-3 0  9998
2 30689  98.7368 259.5137 0110173 346.9748  25.9043 14.12177299 10383
FENGYUN 1C DEB          
1 30690U 99025AQY 26275.79809786  .00000623  00000+0  40678-3 0  9997
2 30690  99.1706 213.2614 0104227 344.8021  69.7832 14.03553057998317
FENGYUN 1C DEB          
1 30691U 99025AQZ 26275.94084887  .00000787  00000+0  61875-3 0  9995
2 30691  98.7451 274.7169 0138819 146.9249 282.2060 13.90157511992032
FENGYUN 1C DEB          
1 30693U 99025ARB 26276.23084165  .00000286  00000+0  17387-3 0  9992
2 30693  98.7157 258.3467 0030276  50.7619 309.6234 14.13591376 10931
FENGYUN 1C DEB          
1 30694U 99025ARC 26275.98448597  .00003854  00000+0  34027-3 0  9991
2 30694  99.0637 289.7085 0121276  76.1421 285.3252 14.91615892 44761
FENGYUN 1C DEB          
1 30696U 99025ARE 26276.39596586  .00001168  00000+0  32478-3 0  9995
2 30696  98.3578 326.5011 0085726 312.4601 176.6004 14.46189791 25482
FENGYUN 1C DEB          
1 30697U 99025ARF 26276.15150509  .00001050  00000+0  54742-3 0  9999
2 30697  98.8865 336.7419 0086000  71.8150 316.0385 14.14773462  4188
FENGYUN 1C DEB          
1 30699U 99025ARH 26276.36615078  .00003402  00000+0  87126-3 0  9996
2 30699  99.3304  71.5412 0003660 104.2847 255.8751 14.51112938 18825
FENGYUN 1C DEB          
1 30700U 99025ARJ 26276.35295837  .00000176  00000+0  91606-4 0  9999
2 30700  98.5151 300.8661 0086182   5.7344 354.4801 14.24018080 17565
FENGYUN 1C DEB          
1 30701U 99025ARK 26276.09655572 -.00000045  00000+0 -12667-5 0  9995
2 30701  98.6790 314.4909 0034324 344.9242  40.3462 14.13951054 12809
FENGYUN 1C DEB          
1 30702U 99025ARL 26275.98490532  .00000777  00000+0  50420-3 0  9993
2 30702  98.7553 290.3250 0070618 196.0199 193.9188 14.04268165  2771
FENGYUN 1C DEB          
1 30703U 99025ARM 26275.96672361  .00001030  00000+0  46922-3 0  9999
2 30703  99.1599 276.0505 0115477 174.6036 215.4145 14.20466441  7117
FENGYUN 1C DEB          
1 30704U 99025ARN 26275.93026786  .00000457  00000+0  31738-3 0  9992
2 30704  98.8854 272.0873 0081105   1.2075  28.4197 14.02241230  2324
FENGYUN 1C DEB          
1 30705U 99025ARP 26276.28689218  .00001075  00000+0  90619-3 0  9997
2 30705 102.1917 110.7252 0198362 303.3935 234.8673 13.82621665980786
FENGYUN 1C DEB          
1 30706U 99025ARQ 26276.20791334  .00000910  00000+0  38908-3 0  9993
2 30706  99.0460 186.1150 0027517   3.5298 356.6071 14.27387025 18272
FENGYUN 1C DEB          
1 30707U 99025ARR 26276.17563493  .00001772  00000+0  72735-3 0  9996
2 30707  99.3945 357.6859 0025035 305.0264  84.7918 14.28343382 10002
FENGYUN 1C DEB          
1 30708U 99025ARS 26275.96827108  .00000127  00000+0  92125-4 0  9998
2 30708  98.6833 285.5349 0009466  84.4508 306.0515 14.12326193  9468
FENGYUN 1C DEB          
1 30709U 99025ART 26276.21704772  .00002019  00000+0  94451-3 0  9994
2 30709  99.1609 268.6301 0080499 152.5436 208.0027 14.19761140  1719
FENGYUN 1C DEB          
1 30710U 99025ARU 26275.87564995  .00001105  00000+0  69692-3 0  9992
2 30710 102.7493 281.4776 0221945 106.9311  12.6730 13.96176356988919
FENGYUN 1C DEB          
1 30714U 99025ARY 26276.38584950 -.00000020  00000+0  13714-4 0  9997
2 30714  98.8069 321.0751 0066911 180.5628 192.1922 14.03754965   717
FENGYUN 1C DEB          
1 30715U 99025ARZ 26276.17160746  .00001499  00000+0  76414-3 0  9993
2 30715  98.9585 352.0125 0064812  53.7252 306.9885 14.16190875  3414
FENGYUN 1C DEB          
1 30716U 99025ASA 26276.33078216  .00016637  00000+0  14623-2 0  9995
2 30716  98.8564 139.3672 0011995 226.8811 190.1678 14.96592552 22063
FENGYUN 1C DEB          
1 30717U 99025ASB 26275.16965373  .00001370  00000+0  63262-3 0  9997
2 30717  99.0032 356.8281 0048289 139.2958 221.1843 14.22035233  6972
FENGYUN 1C DEB          
1 30718U 99025ASC 26276.18277983  .00001476  00000+0  62790-3 0  9996
2 30718  98.8816   5.2898 0053339  27.3623 333.0348 14.26008024  9346
FENGYUN 1C DEB          
1 30719U 99025ASD 26275.91698866  .00007429  00000+0  13020-2 0  9999
2 30719  98.9005  86.0406 0009109   5.2301 354.8995 14.68076289 17425
FENGYUN 1C DEB          
1 30720U 99025ASE 26276.35581341  .00000503  00000+0  21222-3 0  9999
2 30720  99.0438 106.0335 0030692 194.7146 288.7038 14.30025903 16603
FENGYUN 1C DEB          
1 30721U 99025ASF 26275.68602837  .00011141  00000+0  13239-2 0  9997
2 30721  98.7218  76.3749 0022008 131.7283 359.9320 14.84453739 21689
FENGYUN 1C DEB          
1 30723U 99025ASH 26275.25408630  .00003103  00000+0  90415-3 0  9998
2 30723  98.8402  17.3022 0015814 113.7687 275.2679 14.44837555 16040
FENGYUN 1C DEB          
1 30724U 99025ASJ 26276.09492201  .00000404  00000+0  14453-3 0  9998
2 30724  99.2983 129.9962 0093514 122.7511  29.3305 14.37606370 26745
FENGYUN 1C DEB          
1 30725U 99025ASK 26276.20703477  .00001462  00000+0  71805-3 0  9991
2 30725  98.9907 353.3870 0085556 272.7148 111.1291 14.17451387  5114
FENGYUN 1C DEB          
1 30726U 99025ASL 26276.33075465  .00000748  00000+0  43511-3 0  9994
2 30726  99.2661 291.8156 0079198 125.6371   3.9909 14.10269380  1324
FENGYUN 1C DEB          
1 30728U 99025ASN 26276.24240160  .00000052  00000+0  40036-4 0  9990
2 30728  98.5327 279.0654 0097356 304.3120  54.8873 14.23569832 18762
FENGYUN 1C DEB          
1 30730U 99025ASQ 26276.07599602  .00000988  00000+0  41510-3 0  9997
2 30730  98.5937 315.0171 0075661 269.4371 118.7591 14.26580748 11910
FENGYUN 1C DEB          
1 30731U 99025ASR 26276.52525860  .00003116  00000+0  90021-3 0  9990
2 30731  98.8528  12.7055 0013872  98.0703 272.6018 14.45272679 16048
FENGYUN 1C DEB          
1 30732U 99025ASS 26276.29030706  .00000078  00000+0  70065-4 0  9996
2 30732  98.7878 292.0728 0124853 104.5834 270.4406 14.04188899  3246
FENGYUN 1C DEB          
1 30735U 99025ASV 26276.45589125  .00001369  00000+0  58548-3 0  9996
2 30735  98.7468 351.7085 0059933 112.0150  16.0516 14.25596265  9384
FENGYUN 1C DEB          
1 30736U 99025ASW 26274.98035936  .00000887  00000+0  91935-3 0  9990
2 30736  98.7614 288.7977 0278128   7.9859  20.6660 13.62456869968452
FENGYUN 1C DEB          
1 30737U 99025ASX 26275.88870829  .00000276  00000+0  15339-3 0  9995
2 30737  98.6112 254.0819 0023780   8.1244  21.3693 14.18584736 11998
FENGYUN 1C DEB          
1 30739U 99025ASZ 26275.92065535  .00000258  00000+0  14756-3 0  9994
2 30739  98.7198 261.0745 0100236 195.0720 231.8620 14.15307256 10127
FENGYUN 1C DEB          
1 30740U 99025ATA 26276.28107755  .00004021  00000+0  90277-3 0  9991
2 30740  98.6998  37.9732 0027387 314.4298  45.4658 14.56899307 19222
FENGYUN 1C DEB          
1 30741U 99025ATB 26275.96386297  .00000107  00000+0  79944-4 0  9996
2 30741  98.6789 281.4143 0006355  12.5972  17.5499 14.13382820  9615
FENGYUN 1C DEB          
1 30742U 99025ATC 26276.37850991  .00001100  00000+0  61474-3 0  9992
2 30742  98.8507 321.7681 0072545 115.4013 309.8735 14.11506289  1745
FENGYUN 1C DEB          
1 30744U 99025ATE 26276.02521368  .00183459  00000+0  39210-2 0  9999
2 30744  98.7226 108.8198 0004827 322.3686 189.6782 15.44113833 25270
FENGYUN 1C DEB          
1 30746U 99025ATG 26276.35765109  .00000603  00000+0  25885-3 0  9993
2 30746  99.0563 112.8186 0045258 185.8493 298.8507 14.28087037 16504
FENGYUN 1C DEB          
1 30749U 99025ATK 26276.28604549  .00000420  00000+0  31011-3 0  9993
2 30749  98.8608 299.1276 0058092 130.5701 230.0541 13.99914319   858
FENGYUN 1C DEB          
1 30750U 99025ATL 26276.50672541  .00001883  00000+0  73160-3 0  9992
2 30750  98.9073   2.9068 0037296 318.6376  55.0053 14.30734947  9929
FENGYUN 1C DEB          
1 30751U 99025ATM 26276.13229247  .00001149  00000+0  59257-3 0  9999
2 30751  98.8347 338.1712 0049711 335.6544  53.5505 14.16461361  4408
FENGYUN 1C DEB          
1 30753U 99025ATP 26276.39397468  .00000674  00000+0  37612-3 0  9993
2 30753  98.7846 314.8786 0055087 236.3434 123.2477 14.13493855  5148
FENGYUN 1C DEB          
1 30755U 99025ATR 26275.93165672  .00000920  00000+0  23596-3 0  9994
2 30755  98.2768 268.0709 0150976  93.7560 297.9950 14.46019918 26813
FENGYUN 1C DEB          
1 30756U 99025ATS 26276.47313406  .00001332  00000+0  63382-3 0  9990
2 30756  98.9740 352.8049 0072652 195.5641 179.2316 14.19744358  5802
FENGYUN 1C DEB          
1 30758U 99025ATU 26276.61434444  .00001108  00000+0  55744-3 0  9998
2 30758  99.0427  45.1049 0039200 243.7360 129.5682 14.18213923  6674
FENGYUN 1C DEB          
1 30759U 99025ATV 26276.39103297  .00004550  00000+0  95226-3 0  9996
2 30759  99.2696  62.2109 0006410   3.5904  22.5118 14.60342517 19494
FENGYUN 1C DEB          
1 30760U 99025ATW 26275.92875893  .00000220  00000+0  16076-3 0  9990
2 30760  98.8387 269.9366 0051921 237.7561 121.8569 14.05371094  3527
FENGYUN 1C DEB          
1 30761U 99025ATX 26276.55412480  .00000953  00000+0  32477-3 0  9996
2 30761  98.9828 219.9368 0082664 166.5308 193.8111 14.37012986 19753
FENGYUN 1C DEB          
1 30762U 99025ATY 26276.21200442  .00000195  00000+0  14115-3 0  9990
2 30762  98.8996 263.0020 0196602 200.0065 226.1979 13.98450112997532
FENGYUN 1C DEB          
1 30763U 99025ATZ 26276.53989586  .00012055  00000+0  18893-2 0  9993
2 30763  98.8859  17.7781 0017536  87.4102  40.2956 14.72755034 14653
FENGYUN 1C DEB          
1 30764U 99025AUA 26276.36233965  .00061582  00000+0  72667-3 0  9997
2 30764  98.7720 312.5530 0036698 218.7802 141.0816 15.60308654 57678
FENGYUN 1C DEB          
1 30765U 99025AUB 26275.35758251  .00000660  00000+0  35205-3 0  9993
2 30765  98.7595 321.5104 0068457  92.4561 327.5261 14.15446660  9528
FENGYUN 1C DEB          
1 30766U 99025AUC 26271.80225988  .00000769  00000+0  44459-3 0  9997
2 30766  98.6847 266.9352 0082047 332.6561 150.3862 14.10153952668844
FENGYUN 1C DEB          
1 30768U 99025AUE 26276.56151773  .00003242  00000+0  81821-3 0  9990
2 30768  98.6163  17.8763 0022821 280.1702 206.9526 14.51608550 21442
FENGYUN 1C DEB          
1 30770U 99025AUG 26276.26636785  .00000283  00000+0  16491-3 0  9994
2 30770  98.6581 278.9392 0013998 156.1121 270.1291 14.15990191 10668
FENGYUN 1C DEB          
1 30771U 99025AUH 26275.94589819  .00003246  00000+0  89973-3 0  9991
2 30771  98.9180 270.7527 0022104 133.9345 226.3675 14.47165639 13104
FENGYUN 1C DEB          
1 30802U 99025AUL 26276.23920624  .00002101  00000+0  75645-3 0  9992
2 30802  98.8335  14.1684 0018207 248.4144 140.5338 14.34744874 14218
FENGYUN 1C DEB          
1 30803U 99025AUM 26276.40224616  .00001009  00000+0  54242-3 0  9996
2 30803  99.2249 323.2770 0105539  97.8881 275.0832 14.12450546  1043
FENGYUN 1C DEB          
1 30804U 99025AUN 26275.78065755  .00000555  00000+0  11310-3 0  9998
2 30804  98.8712   4.6933 0182988  18.1942 110.0058 14.55629220 37481
FENGYUN 1C DEB          
1 30805U 99025AUP 26275.87981160  .00000089  00000+0  82125-4 0  9991
2 30805  98.7933 314.1114 0072646 182.7115 352.8980 14.03430763   851
FENGYUN 1C DEB          
1 30806U 99025AUQ 26275.00657314  .00000490  00000+0  45853-3 0  9990
2 30806  99.0184 289.0566 0268632  78.4339 312.8482 13.70946195977137
FENGYUN 1C DEB          
1 30809U 99025AUT 26276.51864982  .00001727  00000+0  66130-3 0  9996
2 30809  98.7863  13.4534 0048808  31.9268 328.4856 14.31261938 12962
FENGYUN 1C DEB          
1 30810U 99025AUU 26275.92678060  .00003409  00000+0  17690-2 0  9997
2 30810  98.6800  80.6337 0173467 304.0514  54.4291 14.07988804985182
FENGYUN 1C DEB          
1 30811U 99025AUV 26275.97635838  .00000865  00000+0  89755-3 0  9994
2 30811  98.7602 291.2012 0276679 357.1592   2.7970 13.62655475968735
FENGYUN 1C DEB          
1 30814U 99025AUY 26275.97050807  .00005988  00000+0  10683-2 0  9998
2 30814  99.0917 287.7107 0029500  53.6459 336.2773 14.67134378 20482
FENGYUN 1C DEB          
1 30815U 99025AUZ 26275.35574297  .00010198  00000+0  11345-2 0  9990
2 30815  99.2946 123.1660 0002780  18.7794 156.1325 14.87383548 20927
FENGYUN 1C DEB          
1 30816U 99025AVA 26276.15675028  .00001790  00000+0  85886-3 0  9994
2 30816  98.8969 352.8918 0050325 291.0042  98.2651 14.19588738  5682
FENGYUN 1C DEB          
1 30817U 99025AVB 26276.22155687  .00000004  00000+0  30475-4 0  9999
2 30817  98.7890 260.2122 0058286 143.2572 217.2611 14.00876935   216
FENGYUN 1C DEB          
1 30820U 99025AVE 26276.25800497  .00001849  00000+0  82331-3 0  9997
2 30820  98.6756  12.9773 0049761  56.8263 324.1374 14.23394391  6090
FENGYUN 1C DEB          
1 30821U 99025AVF 26274.95725094  .00000887  00000+0  22756-3 0  9998
2 30821  99.1359  86.7698 0085782  49.5778 101.7443 14.50970453 30399
FENGYUN 1C DEB          
1 30822U 99025AVG 26276.01413352  .00000316  00000+0  19181-3 0  9994
2 30822  98.7097 300.8331 0074232 168.6499 222.3807 14.11654111  8496
FENGYUN 1C DEB          
1 30823U 99025AVH 26276.34077455  .00000094  00000+0  81945-4 0  9992
2 30823  98.8042  51.9851 0132688 341.5565  46.6066 14.02851430  1552
FENGYUN 1C DEB          
1 30826U 99025AVL 26275.88788470  .00001917  00000+0  19737-3 0  9993
2 30826  98.8355 147.9850 0139495 140.7911 283.4864 14.84786691 46488
FENGYUN 1C DEB          
1 30827U 99025AVM 26275.98641566  .00003882  00000+0  11876-2 0  9997
2 30827  99.0159 281.7720 0043741  32.9506 327.4394 14.41851571  7721
FENGYUN 1C DEB          
1 30828U 99025AVN 26276.31474399  .00003238  00000+0  29779-3 0  9991
2 30828  98.3974  41.5321 0190025 314.2804  44.2951 14.82861447 30001
FENGYUN 1C DEB          
1 30829U 99025AVP 26276.19339293  .00000432  00000+0  27300-3 0  9992
2 30829  98.7978 266.4540 0034710 221.1563 138.6989 14.09011252  5750
FENGYUN 1C DEB          
1 30830U 99025AVQ 26276.20098910  .00000225  00000+0  14414-3 0  9996
2 30830  98.7554 262.4238 0032056  73.7163 299.8563 14.12485072  7535
FENGYUN 1C DEB          
1 30831U 99025AVR 26276.22457534  .00000327  00000+0  13976-3 0  9995
2 30831  99.3555  96.1750 0054018 265.4296  94.0714 14.31646497694631
FENGYUN 1C DEB          
1 30833U 99025AVT 26273.74705089  .00000335  00000+0  15820-3 0  9991
2 30833  99.8684 101.6474 0033223  80.3924 280.1004 14.27274713685760
FENGYUN 1C DEB          
1 30836U 99025AVW 26276.03757521  .00000278  00000+0  17384-3 0  9990
2 30836  98.7153 305.9573 0027295 128.2997 232.0636 14.12253678661576
FENGYUN 1C DEB          
1 30837U 99025AVX 26275.92053574  .00000297  00000+0  17536-3 0  9995
2 30837  98.7071 259.4759 0032888  16.0958  12.9671 14.14844342  9701
FENGYUN 1C DEB          
1 30838U 99025AVY 26276.28361731  .00004498  00000+0  11120-2 0  9992
2 30838  99.0436 216.7241 0035198 359.8180   0.2995 14.52211986 15794
FENGYUN 1C DEB          
1 30840U 99025AWA 26276.30426959  .00001201  00000+0  17672-3 0  9990
2 30840  98.0185 284.3965 0211562 162.4672 198.3981 14.63223546774362
FENGYUN 1C DEB          
1 30843U 99025AWD 26276.49705874  .00000227  00000+0  60759-4 0  9991
2 30843  98.8233   8.5654 0146240 307.3739  51.4212 14.52892883 35700
FENGYUN 1C DEB          
1 30845U 99025AWF 26276.39793449  .00000154  00000+0  16841-3 0  9998
2 30845  98.4050 247.6200 0192175 192.2452 321.8975 13.77051194982988
FENGYUN 1C DEB          
1 30846U 99025AWG 26276.33171647  .00001064  00000+0  32906-3 0  9994
2 30846  99.3174 121.7268 0052207 191.6001 343.1759 14.42849589 21679
FENGYUN 1C DEB          
1 30847U 99025AWH 26276.38454810  .00001660  00000+0  80290-3 0  9997
2 30847  98.7596  77.1379 0063418 202.3665 187.2333 14.18826537  2316
FENGYUN 1C DEB          
1 30848U 99025AWJ 26275.04099869  .00001242  00000+0  43988-3 0  9998
2 30848  99.0375 129.1997 0041316 196.6249 163.3583 14.35994107 15152
FENGYUN 1C DEB          
1 30849U 99025AWK 26275.46150219  .00001341  00000+0  64215-3 0  9998
2 30849  99.0280 346.4398 0048095 246.5084 126.8053 14.20233405  5347
FENGYUN 1C DEB          
1 30850U 99025AWL 26276.05218385  .00002110  00000+0  98530-3 0  9997
2 30850  98.3818 130.2495 0110219  64.4424  98.0657 14.18170216999673
FENGYUN 1C DEB          
1 30852U 99025AWN 26276.31170424  .00000436  00000+0  26325-3 0  9991
2 30852  98.7206 290.4962 0057408 119.4858 241.2056 14.10718905  5274
FENGYUN 1C DEB          
1 30856U 99025AWS 26275.00848112  .00007083  00000+0  16043-2 0  9996
2 30856  98.2035  97.5429 0077572  56.0905  93.8474 14.54565638  7683
FENGYUN 1C DEB          
1 30857U 99025AWT 26275.99867087  .00008234  00000+0  16886-2 0  9991
2 30857  98.9685 293.0435 0036712 122.1756 238.3011 14.60559232 10083
FENGYUN 1C DEB          
1 30858U 99025AWU 26276.39870751  .00000317  00000+0  17529-3 0  9999
2 30858  98.7648 335.7681 0029014 347.1285  73.1583 14.18164277 11568
FENGYUN 1C DEB          
1 30859U 99025AWV 26276.47476870  .00005782  00000+0  13602-2 0  9991
2 30859  98.9145 349.7423 0030125 216.1755 143.7403 14.54503215 13098
FENGYUN 1C DEB          
1 30860U 99025AWW 26276.48024204  .00001376  00000+0  57835-3 0  9996
2 30860  98.8914 359.6075 0037629  58.4390 302.0456 14.27140761  7188
FENGYUN 1C DEB          
1 30862U 99025AWY 26275.57089832  .00003955  00000+0  10588-2 0  9993
2 30862  98.9571  27.7055 0044900   6.2046   6.7918 14.48259733  9399
FENGYUN 1C DEB          
1 30863U 99025AWZ 26276.30467862  .00000886  00000+0  17866-2 0  9995
2 30863  99.1502  43.3025 0865637 349.1244  34.2276 12.41249249633944
FENGYUN 1C DEB          
1 30867U 99025AXD 26276.37222806  .00001681  00000+0  65401-3 0  9996
2 30867  97.8614 159.8989 0047849 191.9523 231.3242 14.30305463  7476
FENGYUN 1C DEB          
1 30868U 99025AXE 26276.38807161  .00000049  00000+0  43633-4 0  9992
2 30868  98.2212 135.5455 0136892  85.2863  88.2016 14.11248313  8652
FENGYUN 1C DEB          
1 30872U 99025AXJ 26275.17821407  .00001312  00000+0  42088-3 0  9998
2 30872  99.1632 353.4744 0041111 246.0029 143.3701 14.40836737 19454
FENGYUN 1C DEB          
1 30873U 99025AXK 26275.92888985  .00000134  00000+0  78956-4 0  9991
2 30873  98.6236 273.2755 0108812 158.9533 201.6173 14.19354758 13665
FENGYUN 1C DEB          
1 30874U 99025AXL 26275.84458348  .00000419  00000+0  21442-3 0  9992
2 30874  98.4647 299.0800 0040148 266.2050 269.3280 14.20118393 11901
FENGYUN 1C DEB          
1 30876U 99025AXN 26275.72912271 -.00000158  00000+0 -78304-4 0  9993
2 30876  98.8413 255.1758 0067474 181.2746 354.0366 13.99380576998216
FENGYUN 1C DEB          
1 30878U 99025AXQ 26275.26103444  .00000427  00000+0  25315-3 0  9998
2 30878  98.7296 273.9217 0040257 177.5800 196.1180 14.12393667  4996
FENGYUN 1C DEB          
1 30879U 99025AXR 26275.96228631  .00011551  00000+0  11822-2 0  9999
2 30879  99.3278 182.9242 0165274  89.7837 272.2308 14.81065808662775
FENGYUN 1C DEB          
1 30880U 99025AXS 26276.49913702  .00001369  00000+0  57879-3 0  9999
2 30880  98.7766 354.2624 0019690 329.0458  30.9560 14.27092156  9140
FENGYUN 1C DEB          
1 30882U 99025AXU 26275.38899074  .00006537  00000+0  53284-3 0  9991
2 30882  97.9040 336.4592 0139176 152.2563 208.6171 14.92476716 40225
FENGYUN 1C DEB          
1 30883U 99025AXV 26275.83773976  .00000148  00000+0  91224-4 0  9993
2 30883  98.3318 298.8893 0113322  85.6401  88.7810 14.14733230 10606
FENGYUN 1C DEB          
1 30884U 99025AXW 26276.30270234  .00004415  00000+0  58427-3 0  9994
2 30884  98.8853 304.8686 0061050 129.2681 231.3966 14.79240853 29826
FENGYUN 1C DEB          
1 30885U 99025AXX 26275.41091078  .00003609  00000+0  86207-3 0  9994
2 30885  99.0101 142.4524 0052393  53.8055 120.6884 14.53505624 12115
FENGYUN 1C DEB          
1 30886U 99025AXY 26276.19450962  .00001696  00000+0  74971-3 0  9991
2 30886  99.1948 187.7129 0033113 279.2578  80.4855 14.24406874  5828
FENGYUN 1C DEB          
1 30887U 99025AXZ 26275.94218302  .00001384  00000+0  26158-3 0  9992
2 30887  98.3307 332.5315 0260926 113.4467 249.4387 14.46429500 23727
FENGYUN 1C DEB          
1 30888U 99025AYA 26276.08870277  .00006547  00000+0  48874-3 0  9999
2 30888  99.4677 322.8396 0069967 287.8337  71.5258 15.01359009 43243
FENGYUN 1C DEB          
1 30891U 99025AYD 26276.37563841  .00000247  00000+0  17281-3 0  9990
2 30891  98.7494 319.6179 0056904  81.4848 292.0392 14.06371442  1131
FENGYUN 1C DEB          
1 30892U 99025AYE 26275.73282545  .00000383  00000+0  20532-3 0  9993
2 30892  99.6972 250.8335 0039049  89.0620 271.5027 14.19356391684736
FENGYUN 1C DEB          
1 30893U 99025AYF 26275.25876620  .00000928  00000+0  48739-3 0  9998
2 30893  98.2455 276.7376 0306661 350.2671  20.5459 13.94815544989760
FENGYUN 1C DEB          
1 30895U 99025AYH 26276.15076019  .00000314  00000+0  10580-3 0  9996
2 30895  98.6880 350.6553 0215091 338.6799  49.4497 14.32095719 20006
FENGYUN 1C DEB          
1 30899U 99025AYM 26272.58961896  .00002659  00000+0  93495-3 0  9999
2 30899  99.1664 192.8902 0030239 161.4431 323.1071 14.35566576  7613
FENGYUN 1C DEB          
1 30902U 99025AYQ 26274.28976639  .00001430  00000+0  54698-3 0  9992
2 30902 100.2598 303.0017 0091136 186.2977 173.7061 14.30402344756744
FENGYUN 1C DEB          
1 30903U 99025AYR 26276.42862204  .00000360  00000+0  27660-3 0  9993
2 30903  99.3348 172.4686 0096520  11.8184 348.5212 13.97718705728215
FENGYUN 1C DEB          
1 30905U 99025AYT 26275.08596428  .00001426  00000+0  68917-3 0  9992
2 30905  98.8783 355.9222 0052680 323.8186  35.9431 14.19480965  2297
FENGYUN 1C DEB          
1 30906U 99025AYU 26273.22190313  .00000839  00000+0  41165-3 0  9993
2 30906  99.1796 273.3858 0076393 143.9725 216.6632 14.19122099682118
FENGYUN 1C DEB          
1 30907U 99025AYV 26247.98025531  .00000759  00000+0  40596-3 0  9995
2 30907  99.9295 303.3625 0057759 126.3350 234.3172 14.15866828 53165
FENGYUN 1C DEB          
1 30912U 99025AZA 26276.43226991  .00006772  00000+0  58487-3 0  9995
2 30912  98.9632 164.5380 0048963 230.7434 128.9434 14.96720741 38007
FENGYUN 1C DEB          
1 30913U 99025AZB 26273.33663003  .00000644  00000+0  41797-3 0  9999
2 30913  98.7240 294.5460 0049145  83.4163 277.2597 14.05443495    15
FENGYUN 1C DEB          
1 30914U 99025AZC 26276.44811260  .00001440  00000+0  22489-2 0  9996
2 30914  99.9818 146.9288 0510402  36.2767 327.1845 13.09676243629327
FENGYUN 1C DEB          
1 30915U 99025AZD 26276.23623766  .00001475  00000+0  61817-3 0  9993
2 30915  98.9318   3.2045 0050490  37.0457 323.4191 14.26881537  6965
FENGYUN 1C DEB          
1 30916U 99025AZE 26275.40776885  .00000994  00000+0  58018-3 0  9997
2 30916  98.9713 340.0311 0064828 155.4825 264.4448 14.09724106999809
FENGYUN 1C DEB          
1 30918U 99025AZG 26276.20405890  .00000763  00000+0  51294-3 0  9996
2 30918  98.4226   8.9636 0155608  21.2481   8.4204 13.97634225991659
FENGYUN 1C DEB          
1 30920U 99025AZJ 26276.19219878  .00003477  00000+0  15697-2 0  9997
2 30920  98.9148  63.9717 0105784 336.5387  23.0982 14.19866144992680
FENGYUN 1C DEB          
1 30921U 99025AZK 26276.22265624  .00002133  00000+0  76297-3 0  9994
2 30921  98.8394  15.1805 0017432 244.3065 145.6279 14.35066645 10330
FENGYUN 1C DEB          
1 30922U 99025AZL 26276.28979291  .00000646  00000+0  33541-3 0  9995
2 30922  98.6298 288.9753 0012705 284.5729  88.3973 14.18105146  7381
FENGYUN 1C DEB          
1 30925U 99025AZP 26275.67642310  .00003092  00000+0  85453-3 0  9996
2 30925  98.8968  66.2587 0031333  81.7834 291.9341 14.47206199 13148
FENGYUN 1C DEB          
1 30926U 99025AZQ 26275.68615738  .00001422  00000+0  11645-3 0  9999
2 30926  98.8379 255.8839 0158291 154.5426 206.3696 14.92084988 51471
FENGYUN 1C DEB          
1 30927U 99025AZR 26275.95328353  .00001649  00000+0  91338-3 0  9992
2 30927  99.1671 347.0527 0096819 262.1446  96.8725 14.10404261998299
FENGYUN 1C DEB          
1 30928U 99025AZS 26275.39714389  .00000327  00000+0  50156-3 0  9994
2 30928  98.8652 326.5282 0451010  36.0376  27.0215 13.22749463942302
FENGYUN 1C DEB          
1 30930U 99025AZU 26275.30912218  .00000497  00000+0  16779-3 0  9990
2 30930  98.1917 295.2940 0106542 303.4436 119.6378 14.37996198 25418
FENGYUN 1C DEB          
1 30931U 99025AZV 26276.43114649  .00000398  00000+0  28054-3 0  9997
2 30931  99.1412 340.0634 0091496 307.2632 117.0147 14.02062867   474
FENGYUN 1C DEB          
1 30932U 99025AZW 26275.56078518  .00002410  00000+0  94316-3 0  9996
2 30932  98.9131 219.6382 0053589 156.1240 204.2444 14.29675289  5761
FENGYUN 1C DEB          
1 30933U 99025AZX 26275.96850884  .00005219  00000+0  15332-2 0  9995
2 30933  99.0575 280.3284 0067065 172.9097 218.6608 14.42913827  1059
FENGYUN 1C DEB          
1 30934U 99025AZY 26276.22553216  .00000840  00000+0  10009-2 0  9996
2 30934  98.7406 122.0847 0341112  50.4561 312.6197 13.47537659956731
FENGYUN 1C DEB          
1 30936U 99025BAA 26276.36726978  .00000496  00000+0  23226-3 0  9993
2 30936  98.5538 304.5342 0047294 151.9615 221.7302 14.23917758 13251
FENGYUN 1C DEB          
1 30937U 99025BAB 26276.37718957  .00000192  00000+0  16945-3 0  9996
2 30937  99.0472 328.9819 0074377 326.8596  92.3914 13.95654579998268
FENGYUN 1C DEB          
1 30938U 99025BAC 26276.29567113  .00000312  00000+0  16446-3 0  9994
2 30938  98.5839 286.1076 0045307 209.4188 163.8272 14.20190974 13008
FENGYUN 1C DEB          
1 30940U 99025BAE 26275.94934660  .00000213  00000+0  14740-3 0  9998
2 30940  98.6376 268.6391 0039573 248.3883 141.5059 14.08679687  1849
FENGYUN 1C DEB          
1 30941U 99025BAF 26273.05437899  .00001915  00000+0  70748-3 0  9991
2 30941  98.5291 130.5027 0030245 171.8017 188.3667 14.33314498  7927
FENGYUN 1C DEB          
1 30942U 99025BAG 26275.92645594  .00000246  00000+0  13665-3 0  9994
2 30942  98.6942 271.5142 0136444 345.4452  42.6955 14.15107018  7601
FENGYUN 1C DEB          
1 30943U 99025BAH 26276.24434132  .00000451  00000+0  30490-3 0  9998
2 30943  98.7900 285.9552 0049181 321.0725  38.6905 14.04716153998765
FENGYUN 1C DEB          
1 30944U 99025BAJ 26276.46673929  .00000232  00000+0  61801-4 0  9990
2 30944  98.8155 352.6373 0146376 288.2904  82.8655 14.52816919 33317
FENGYUN 1C DEB          
1 30945U 99025BAK 26274.07799118  .00001667  00000+0  64123-3 0  9997
2 30945  99.3780 310.8366 0028401 276.4796 139.9183 14.31705633  5958
FENGYUN 1C DEB          
1 30946U 99025BAL 26275.36636700  .00000765  00000+0  20462-3 0  9994
2 30946  99.0726  56.6947 0087750  36.5250 352.1140 14.49329247 25875
FENGYUN 1C DEB          
1 30947U 99025BAM 26276.18028955  .00000361  00000+0  12679-3 0  9996
2 30947  98.7785 177.9150 0097309  95.7005 265.5287 14.38467927 27211
FENGYUN 1C DEB          
1 30949U 99025BAP 26276.26046713  .00000148  00000+0  93531-4 0  9999
2 30949  98.7171 268.2114 0116380 188.2449 184.6714 14.14275983  6774
FENGYUN 1C DEB          
1 30954U 99025BAU 26274.21503779  .00000747  00000+0  37072-3 0  9990
2 30954  98.7161  12.7806 0126855  71.6114 319.1684 14.15898847  5244
FENGYUN 1C DEB          
1 30956U 99025BAW 26276.07528145  .00000695  00000+0  37688-3 0  9997
2 30956  98.7348 309.1317 0049567 220.8898 165.6058 14.15063257  4702
FENGYUN 1C DEB          
1 30959U 99025BAZ 26276.20093287  .00002977  00000+0  92406-3 0  9993
2 30959  99.7083 268.3203 0050259  77.1629 283.5164 14.41248828646233
FENGYUN 1C DEB          
1 30960U 99025BBA 26275.64499208  .00002124  00000+0  27569-3 0  9997
2 30960  99.0307  67.0784 0182809 332.7749  26.3960 14.71091752 29917
FENGYUN 1C DEB          
1 30964U 99025BBE 26276.37774228  .00000787  00000+0  50343-3 0  9999
2 30964  98.6860 234.2335 0137388 132.8407  18.0916 14.01592261995210
FENGYUN 1C DEB          
1 30967U 99025BBH 26275.64669218  .00001808  00000+0  37297-3 0  9991
2 30967  98.7963 243.2500 0094258  60.7367 300.3214 14.59036009 32894
FENGYUN 1C DEB          
1 30971U 99025BBM 26276.50141189  .00001212  00000+0  16158-3 0  9996
2 30971  99.1795   3.9769 0158324 359.9120  12.2628 14.73735809 40550
FENGYUN 1C DEB          
1 30978U 99025BBU 26274.36825957  .00001606  00000+0  52529-3 0  9996
2 30978  98.2267 309.8861 0040127  60.4902 300.0279 14.39310691 26470
FENGYUN 1C DEB          
1 30979U 99025BBV 26276.50981800  .00006020  00000+0  55752-3 0  9991
2 30979  97.8005 173.0256 0178705   0.5557 174.8909 14.83475797 34867
FENGYUN 1C DEB          
1 30982U 99025BBY 26276.21440197  .00000393  00000+0  89853-4 0  9999
2 30982  98.2405 265.4004 0180611 126.2796 298.0387 14.51586122753257
FENGYUN 1C DEB          
1 30984U 99025BCA 26274.55955073  .00001253  00000+0  29113-3 0  9998
2 30984  98.2350 310.4790 0124664 187.4247 172.5107 14.52048747994112
FENGYUN 1C DEB          
1 30985U 99025BCB 26269.07682934  .00005092  00000+0  17518-2 0  9993
2 30985  99.2289 209.9723 0040042 259.1958 163.4279 14.36020962656874
FENGYUN 1C DEB          
1 30989U 99025BCF 26275.90660662  .00001141  00000+0  58941-3 0  9997
2 30989  99.0386 358.2807 0086930 346.8363  13.0541 14.15192391  1144
FENGYUN 1C DEB          
1 30993U 99025BCK 26275.25489983  .00002463  00000+0  82598-3 0  9998
2 30993  98.8475  20.7674 0017538 223.0445 166.5031 14.38137989 11363
FENGYUN 1C DEB          
1 30994U 99025BCL 26274.44319164  .00000131  00000+0  94744-4 0  9999
2 30994  98.7005 279.1137 0018832  66.9594 293.3562 14.11917190  7154
FENGYUN 1C DEB          
1 30996U 99025BCN 26276.25015146  .00001003  00000+0  35225-3 0  9992
2 30996  98.9352 197.1051 0049520 143.8256  10.2701 14.36575576 17882
FENGYUN 1C DEB          
1 30998U 99025BCQ 26276.25565192  .00003787  00000+0  93828-3 0  9999
2 30998  98.8252  18.8354 0010513  31.6293 357.2298 14.52516229 14455
FENGYUN 1C DEB          
1 30999U 99025BCR 26276.37110118  .00001151  00000+0  23225-3 0  9994
2 30999  99.0859 123.1743 0110288 162.4678 198.0374 14.59968752 31144
FENGYUN 1C DEB          
1 31000U 99025BCS 26275.20830042  .00000603  00000+0  31856-3 0  9994
2 31000  97.5636 262.3369 0162287 288.0577 132.1332 14.10222005740920
FENGYUN 1C DEB          
1 31001U 99025BCT 26275.18824900  .00000893  00000+0  24658-3 0  9991
2 31001  99.2389 178.4396 0145906   9.2851 351.0982 14.43619175 24189
FENGYUN 1C DEB          
1 31002U 99025BCU 26276.25139212  .00000563  00000+0  39964-3 0  9996
2 31002  98.8819 284.4301 0097454 251.3015 167.8322 13.99453532997243
FENGYUN 1C DEB          
1 31003U 99025BCV 26276.21438246  .00001453  00000+0  61812-3 0  9998
2 31003  98.8310   0.2595 0040420  83.0571 277.5204 14.26350248  7002
FENGYUN 1C DEB          
1 31005U 99025BCX 26276.31056767  .00001117  00000+0  91512-3 0  9992
2 31005  98.6330  30.9653 0180390 243.1769 140.4968 13.84191819983556
FENGYUN 1C DEB          
1 31007U 99025BCZ 26275.93733579  .00003595  00000+0  67957-3 0  9992
2 31007  98.1041 266.6675 0058902 192.8294 167.1414 14.63901998 23844
FENGYUN 1C DEB          
1 31009U 99025BDB 26275.95356731 -.00000145  00000+0 -67936-4 0  9995
2 31009  98.9146 269.3088 0056115 139.9755 249.0008 14.00565595999791
FENGYUN 1C DEB          
1 31010U 99025BDC 26276.55436427  .00003849  00000+0  14272-2 0  9990
2 31010 101.7170 168.8266 0105911 305.6581  53.4765 14.30073923998385
FENGYUN 1C DEB          
1 31012U 99025BDE 26276.52348906  .00000170  00000+0  83472-4 0  9997
2 31012  98.8892 185.2634 0082949 115.5080  60.0718 14.28088926 19352
FENGYUN 1C DEB          
1 31014U 99025BDG 26274.66259073  .00000219  00000+0  17601-3 0  9992
2 31014  98.9035 246.2534 0089575 103.5973  70.3518 13.98581072999301
FENGYUN 1C DEB          
1 31016U 99025BDJ 26274.26456409  .00000269  00000+0  11075-3 0  9996
2 31016  98.4262 286.3086 0113547 128.9574 291.4417 14.30859300 16530
FENGYUN 1C DEB          
1 31017U 99025BDK 26276.21343962  .00000146  00000+0  10300-3 0  9997
2 31017  98.7094 257.0845 0111589 235.7565 190.9441 14.09143796  4422
FENGYUN 1C DEB          
1 31018U 99025BDL 26276.22642829  .00001468  00000+0  72025-3 0  9993
2 31018  99.0210  12.5874 0056001   8.0159 352.1898 14.18562403  2280
FENGYUN 1C DEB          
1 31019U 99025BDM 26275.53958543 -.00000657  00000+0 -17482-2 0  9996
2 31019  98.7308  18.7008 1106878  76.8350 306.2404 11.83631323586565
FENGYUN 1C DEB          
1 31021U 99025BDP 26275.62399538  .00002013  00000+0  16117-3 0  9993
2 31021  98.3768  42.2457 0256333  22.7651 338.4687 14.79173941777724
FENGYUN 1C DEB          
1 31022U 99025BDQ 26267.51930032  .00000362  00000+0  31065-3 0  9997
2 31022  99.4845 162.5523 0110713  76.7243 284.6235 13.90723298659807
FENGYUN 1C DEB          
1 31023U 99025BDR 26275.17609413  .00000313  00000+0  20681-3 0  9993
2 31023  98.8428 258.6429 0083281 116.9307 244.0401 14.06829323736273
FENGYUN 1C DEB          
1 31024U 99025BDS 26275.50768507  .00000297  00000+0  15382-3 0  9994
2 31024  99.0418 200.7340 0074783   6.5446 353.6689 14.21188214  8744
FENGYUN 1C DEB          
1 31025U 99025BDT 26276.19663683  .00000466  00000+0  20280-3 0  9991
2 31025  98.6077 263.5090 0170379 239.4334 118.9938 14.21235550685477
FENGYUN 1C DEB          
1 31026U 99025BDU 26276.07175361  .00000097  00000+0  11475-3 0  9996
2 31026  98.7913 197.4704 0135331 106.4644 268.4280 13.83513718720968
FENGYUN 1C DEB          
1 31028U 99025BDW 26276.01108404  .00000102  00000+0  10497-3 0  9996
2 31028  98.7121 194.0093 0164066 208.1531 151.0685 13.89249602660892
FENGYUN 1C DEB          
1 31029U 99025BDX 26275.99042209  .00000403  00000+0  15226-3 0  9992
2 31029  98.8364 184.9904 0087560 289.6432  83.0610 14.34813513 20092
FENGYUN 1C DEB          
1 31030U 99025BDY 26275.94705068  .00000850  00000+0  38308-3 0  9990
2 31030  98.7406 341.6776 0025625 309.8321 225.6546 14.24688815  8884
FENGYUN 1C DEB          
1 31031U 99025BDZ 26275.29502718  .00000453  00000+0  22772-3 0  9993
2 31031  99.0770 205.4074 0029350  69.2462  82.3656 14.21444338 10197
FENGYUN 1C DEB          
1 31032U 99025BEA 26276.34525916  .00000929  00000+0  57284-3 0  9990
2 31032  99.3901 299.6014 0138566 107.9654  16.8967 14.03379123991126
FENGYUN 1C DEB          
1 31033U 99025BEB 26276.18405972  .00000311  00000+0  12762-3 0  9999
2 31033  98.4734 250.1673 0151878 325.4088  46.0742 14.27790268 15422
FENGYUN 1C DEB          
1 31035U 99025BED 26274.60214503  .00001903  00000+0  38564-3 0  9990
2 31035  98.6575  39.6479 0173997  56.7427   7.7969 14.53380420 14686
FENGYUN 1C DEB          
1 31036U 99025BEE 26276.58655483  .00000334  00000+0  90089-4 0  9994
2 31036  98.9437  45.1661 0138563  99.1111 321.4381 14.49540378615780
FENGYUN 1C DEB          
1 31038U 99025BEG 26276.24730496  .00000793  00000+0  22346-3 0  9996
2 31038  99.0133  23.6871 0083950  71.4127 289.6158 14.46797509 24889
FENGYUN 1C DEB          
1 31040U 99025BEJ 26276.24029668  .00000323  00000+0  17501-3 0  9997
2 31040  98.6825 264.1630 0063520  68.7320 305.1647 14.18010959  8778
FENGYUN 1C DEB          
1 31041U 99025BEK 26276.07887986  .00002046  00000+0  94860-3 0  9991
2 31041  99.1909 320.6536 0086551 205.5670 154.1213 14.19965601996646
FENGYUN 1C DEB          
1 31043U 99025BEM 26275.98756017  .00000431  00000+0  27280-3 0  9990
2 31043  98.7511 290.3385 0040130 251.5211 138.1767 14.08834766  1303
FENGYUN 1C DEB          
1 31046U 99025BEQ 26276.40771147  .00013703  00000+0  18434-2 0  9998
2 31046  98.9627  71.0409 0035250 264.1199 123.2507 14.78947072  9722
FENGYUN 1C DEB          
1 31047U 99025BER 26275.74586715  .00000359  00000+0  20969-3 0  9990
2 31047  98.7153 270.6759 0026692  62.0935 114.7837 14.14243783  4716
FENGYUN 1C DEB          
1 31049U 99025BET 26274.26854736  .00000018  00000+0  37463-4 0  9999
2 31049  98.8033 280.9955 0051480  31.9411 328.4860 14.04508431652212
FENGYUN 1C DEB          
1 31051U 99025BEV 26266.85784110  .00000556  00000+0  37922-3 0  9992
2 31051  98.7915 293.1393 0053173  60.2558 300.3885 14.03192081678171
FENGYUN 1C DEB          
1 31053U 99025BEX 26276.24774938  .00000879  00000+0  65998-3 0  9997
2 31053  98.8177  22.2919 0305143  26.7734 334.8810 13.76998804975287
FENGYUN 1C DEB          
1 31054U 99025BEY 26276.28173181  .00000090  00000+0  71982-4 0  9991
2 31054  98.6842 285.2430 0009962  11.5289   1.4150 14.12320320  9040
FENGYUN 1C DEB          
1 31055U 99025BEZ 26276.05001363  .00000207  00000+0  13922-3 0  9998
2 31055  98.7309 304.2714 0025439 156.3574 233.1289 14.10672081  2692
FENGYUN 1C DEB          
1 31056U 99025BFA 26274.41076413  .00000276  00000+0  16546-3 0  9996
2 31056  98.6986 253.9234 0024610 223.0436 292.2034 14.14643016  9511
FENGYUN 1C DEB          
1 31057U 99025BFB 26276.48534157  .00002836  00000+0  30708-3 0  9990
2 31057  99.2293   5.8949 0129806  49.4885 311.7548 14.83296058663179
FENGYUN 1C DEB          
1 31058U 99025BFC 26274.29285537  .00002145  00000+0  27059-3 0  9991
2 31058  99.5879 284.1602 0085789 284.2402  74.9288 14.80872601 38183
FENGYUN 1C DEB          
1 31062U 99025BFG 26274.96235892  .00000046  00000+0  82047-4 0  9996
2 31062  99.0155  86.4363 0170811 259.5977 255.0106 13.75810415982659
FENGYUN 1C DEB          
1 31064U 99025BFJ 26275.74604492  .00000205  00000+0  85132-4 0  9996
2 31064  98.6055 256.3004 0239183 226.9304 310.7110 14.22556703 14307
FENGYUN 1C DEB          
1 31065U 99025BFK 26276.29966325  .00000961  00000+0  39254-3 0  9996
2 31065  98.4515 291.5180 0033116 241.4375 118.3473 14.29227126687841
FENGYUN 1C DEB          
1 31068U 99025BFN 26275.67185635  .00000168  00000+0  10637-3 0  9990
2 31068  98.6632 251.2577 0164710   4.8241 355.4471 14.09404559  3048
FENGYUN 1C DEB          
1 31069U 99025BFP 26275.77730877  .00001347  00000+0  28069-3 0  9994
2 31069  99.1127 109.0237 0100005 266.9637  92.0113 14.58912101 29679
FENGYUN 1C DEB          
1 31071U 99025BFR 26275.10824083  .00002089  00000+0  48955-3 0  9997
2 31071  99.0356  20.8403 0055315 118.0381 242.6423 14.54826163697571
FENGYUN 1C DEB          
1 31072U 99025BFS 26275.80581850  .00000678  00000+0  24354-3 0  9996
2 31072  99.3193 305.3023 0206648 337.6641  21.5634 14.26455284  8203
FENGYUN 1C DEB          
1 31073U 99025BFT 26275.41895037  .00001244  00000+0  53460-3 0  9999
2 31073  99.1921 144.7848 0043833 162.6298 197.6392 14.26140540 12678
FENGYUN 1C DEB          
1 31074U 99025BFU 26275.21399240  .00001853  00000+0  92482-3 0  9996
2 31074  98.9553 196.5733 0084092 149.5282 211.0817 14.16275221997314
FENGYUN 1C DEB          
1 31078U 99025BFY 26276.04588145  .00000442  00000+0  20322-3 0  9993
2 31078  98.8348 342.6913 0115371  21.9564  94.9397 14.22647912 10262
FENGYUN 1C DEB          
1 31080U 99025BGA 26252.21710589  .00001812  00000+0  76443-3 0  9995
2 31080  99.1168  48.3740 0067280  40.6550 319.9624 14.25769786668062
FENGYUN 1C DEB          
1 31081U 99025BGB 26276.30218088 -.00000113  00000+0 -42488-4 0  9997
2 31081  98.7594 288.3999 0049099 122.7055 251.0591 14.06349458  5921
FENGYUN 1C DEB          
1 31082U 99025BGC 26276.20191567  .00000698  00000+0  38086-3 0  9993
2 31082  98.6740 279.8082 0069967  80.0324 280.8737 14.13964006  4104
FENGYUN 1C DEB          
1 31083U 99025BGD 26276.35906093  .00006439  00000+0  10969-2 0  9996
2 31083  98.6619  54.5803 0028607 114.1437 274.7231 14.69137208 20194
FENGYUN 1C DEB          
1 31085U 99025BGF 26276.38214950  .00000072  00000+0  44047-4 0  9998
2 31085  98.9556 131.4310 0085797 240.5855 295.4343 14.30455925 19287
FENGYUN 1C DEB          
1 31087U 99025BGH 26274.54336873  .00001627  00000+0  27104-3 0  9996
2 31087  98.0844 293.8152 0169359  92.3226  57.1783 14.62307261 30478
FENGYUN 1C DEB          
1 31088U 99025BGJ 26275.20511351  .00001945  00000+0  76131-3 0  9994
2 31088  99.3950   3.5393 0026525 295.7595  93.6315 14.30631925  7303
FENGYUN 1C DEB          
1 31089U 99025BGK 26276.33278927  .00000375  00000+0  29115-3 0  9995
2 31089  98.9861  52.3088 0205739 131.8066 260.3701 13.88741625721487
FENGYUN 1C DEB          
1 31091U 99025BGM 26276.18031882  .00000146  00000+0  21260-3 0  9997
2 31091  99.2561 239.4796 0287723 300.9779  56.3382 13.54493082656252
FENGYUN 1C DEB          
1 31092U 99025BGN 26274.25685901  .00000793  00000+0  98796-3 0  9997
2 31092  99.7401  27.2049 0328824 134.1877 228.6782 13.47078262958196
FENGYUN 1C DEB          
1 31093U 99025BGP 26275.95332468  .00000275  00000+0  25125-3 0  9994
2 31093  98.5962  93.6927 0208820 145.7112 215.7729 13.80875742985677
FENGYUN 1C DEB          
1 31094U 99025BGQ 26273.89773630  .00001152  00000+0  73125-3 0  9994
2 31094  98.8391 138.6133 0105252 314.2486  45.0076 14.03177487997150
FENGYUN 1C DEB          
1 31095U 99025BGR 26275.95271431  .00000198  00000+0  38042-3 0  9994
2 31095  98.5876   5.3623 0499327 207.5971 149.7805 13.06762562932902
FENGYUN 1C DEB          
1 31097U 99025BGT 26275.14145580  .00004213  00000+0  10503-2 0  9995
2 31097  98.8709  58.0675 0014710 110.1834 302.1782 14.52132822 12898
FENGYUN 1C DEB          
1 31098U 99025BGU 26276.35843520  .00005343  00000+0  11723-2 0  9999
2 31098  98.8802  57.4951 0012305  84.1850 276.0750 14.58012931 12437
FENGYUN 1C DEB          
1 31099U 99025BGV 26276.20885595  .00000276  00000+0  12618-3 0  9997
2 31099  98.9108 180.1891 0063454 145.8736   6.9149 14.28258526 16675
FENGYUN 1C DEB          
1 31146U 99025BGY 26276.33098580  .00000972  00000+0  32140-3 0  9999
2 31146  99.0652 223.1365 0211729  35.4452 326.0590 14.28521151  9616
FENGYUN 1C DEB          
1 31148U 99025BHA 26275.99507441  .00001288  00000+0  34680-3 0  9995
2 31148  98.8397 178.6761 0131250 252.8134 105.8653 14.44947025 17271
FENGYUN 1C DEB          
1 31150U 99025BHC 26276.29578336  .00000122  00000+0  88559-4 0  9994
2 31150  98.6860 281.1098 0015757  46.9058 324.7100 14.12882672  4535
FENGYUN 1C DEB          
1 31151U 99025BHD 26276.00479121  .00002237  00000+0  90070-3 0  9995
2 31151  99.1268 299.4185 0053246 256.5317 102.9925 14.28363409  1723
FENGYUN 1C DEB          
1 31152U 99025BHE 26275.72136597  .00000064  00000+0  34810-4 0  9998
2 31152  98.4426 260.8949 0128117 236.0058 300.0568 14.36017069 22686
FENGYUN 1C DEB          
1 31155U 99025BHH 26276.49553856  .00001450  00000+0  82572-3 0  9994
2 31155  99.0241 351.0347 0088076 255.9970 103.1394 14.09475574997384
FENGYUN 1C DEB          
1 31157U 99025BHK 26274.71466264  .00000211  00000+0  10707-3 0  9990
2 31157  98.5092 252.8242 0099476 192.0318 167.8483 14.22873316 11383
FENGYUN 1C DEB          
1 31158U 99025BHL 26273.51592481  .00001844  00000+0  64917-3 0  9994
2 31158  98.7681   1.6080 0045364 252.7780 106.8437 14.35506306686638
FENGYUN 1C DEB          
1 31160U 99025BHN 26276.41745942 -.00000262  00000+0 -14710-3 0  9992
2 31160  99.0432 334.7430 0058333 163.8964 196.4071 13.99673427737212
FENGYUN 1C DEB          
1 31161U 99025BHP 26276.28348327  .00000259  00000+0  16932-3 0  9996
2 31161  98.7304 294.1789 0067464 235.5860 123.8921 14.09543057  2467
FENGYUN 1C DEB          
1 31163U 99025BHR 26263.90262262  .00000661  00000+0  25594-3 0  9997
2 31163  98.9452 146.0204 0054015 148.7480 211.6933 14.32705778687816
FENGYUN 1C DEB          
1 31165U 99025BHT 26276.50644351  .00002036  00000+0  30300-3 0  9991
2 31165  98.8629   8.4623 0065255  34.9564 338.2084 14.74807446 30856
FENGYUN 1C DEB          
1 31168U 99025BHW 26276.40789210  .00002429  00000+0  38555-3 0  9993
2 31168  98.9282  78.9581 0103369 229.9185 129.2921 14.69737023 34235
FENGYUN 1C DEB          
1 31169U 99025BHX 26275.06801333  .00002223  00000+0  88685-3 0  9997
2 31169  99.1387 320.1137 0055179 250.5508 108.9705 14.28793479612900
FENGYUN 1C DEB          
1 31171U 99025BHZ 26274.74922545  .00003415  00000+0  96972-3 0  9995
2 31171  98.0333 250.3202 0142571 148.8735 335.4772 14.40194556   382
FENGYUN 1C DEB          
1 31172U 99025BJA 26276.24761898  .00000144  00000+0  62331-4 0  9994
2 31172  98.4311 277.2693 0149865 116.0870 245.5825 14.31731031 18323
FENGYUN 1C DEB          
1 31173U 99025BJB 26252.43688324  .00001563  00000+0  76908-3 0  9992
2 31173  98.2100 323.3964 0063495  12.5262 347.7475 14.17851999678330
FENGYUN 1C DEB          
1 31175U 99025BJD 26273.27169014  .00011125  00000+0  16656-2 0  9997
2 31175  98.3940 285.7598 0056678 332.5970  27.2250 14.73755186699152
FENGYUN 1C DEB          
1 31177U 99025BJF 26276.15159692  .00001734  00000+0  16428-2 0  9992
2 31177  98.7551 165.6802 0299212 263.2645 256.5267 13.64116533702237
FENGYUN 1C DEB          
1 31178U 99025BJG 26276.34497224  .00001701  00000+0  70234-3 0  9990
2 31178  99.5052 307.2396 0123406 202.0059 157.5792 14.24190288    12
FENGYUN 1C DEB          
1 31179U 99025BJH 26276.32298805  .00000730  00000+0  49806-3 0  9995
2 31179  99.0030 293.3797 0212929 276.6157  81.0808 13.92663669660405
FENGYUN 1C DEB          
1 31180U 99025BJJ 26276.18814050  .00000126  00000+0  81616-4 0  9992
2 31180  99.2583  42.5185 0496370   7.8539 107.5693 13.70699106681005
FENGYUN 1C DEB          
1 31181U 99025BJK 26276.05346906  .00000732  00000+0  41376-3 0  9990
2 31181  98.7515 307.0722 0045509 317.2420  72.3513 14.12728839999221
FENGYUN 1C DEB          
1 31182U 99025BJL 26273.77871619  .00000290  00000+0  17192-3 0  9999
2 31182  98.7068 260.0861 0023632  26.5602  96.8599 14.14900429  1859
FENGYUN 1C DEB          
1 31183U 99025BJM 26274.99352235  .00002119  00000+0  52105-3 0  9998
2 31183  99.0481 286.0884 0044402 308.7154  80.4161 14.52898175 17252
FENGYUN 1C DEB          
1 31185U 99025BJP 26275.20602834  .00000312  00000+0  22604-3 0  9992
2 31185  98.8493 268.3256 0040630   8.9088 351.2791 14.03159746664520
FENGYUN 1C DEB          
1 31186U 99025BJQ 26276.58659654  .00000439  00000+0  25817-3 0  9996
2 31186  99.1815 204.4307 0025014 317.0314 219.3078 14.13340702  2204
FENGYUN 1C DEB          
1 31187U 99025BJR 26275.95321341  .00012196  00000+0  15739-2 0  9990
2 31187  99.2155 180.0768 0197333  46.2884 315.4474 14.68397694734066
FENGYUN 1C DEB          
1 31188U 99025BJS 26275.84557501  .00001465  00000+0  62740-3 0  9990
2 31188  98.7292 347.2041 0059775 118.1106 309.0886 14.25417203  5099
FENGYUN 1C DEB          
1 31190U 99025BJU 26276.31188180  .00000909  00000+0  58737-3 0  9992
2 31190  98.8135 285.2329 0068155 154.9190 205.5314 14.04172061996803
FENGYUN 1C DEB          
1 31191U 99025BJV 26276.58018133  .00000619  00000+0  19572-3 0  9994
2 31191  98.7662 190.2844 0093035  37.8311 322.9367 14.41396304 22399
FENGYUN 1C DEB          
1 31192U 99025BJW 26273.66122186  .00000866  00000+0  29906-3 0  9991
2 31192  98.5834 254.1343 0256309 336.6087  22.3595 14.21629925  8572
FENGYUN 1C DEB          
1 31194U 99025BJY 26276.47284655  .00001185  00000+0  40008-3 0  9996
2 31194  98.9415 182.5734 0056856 129.4132 231.2107 14.37951702 13300
FENGYUN 1C DEB          
1 31195U 99025BJZ 26275.83505585 -.00000064  00000+0 -11822-4 0  9994
2 31195  98.7469 305.7332 0172555  71.7252 290.2608 14.08111210  2059
FENGYUN 1C DEB          
1 31196U 99025BKA 26275.76533227  .00000540  00000+0  23919-3 0  9997
2 31196  98.5198 285.9080 0059087  73.4204 287.3455 14.26065200676855
FENGYUN 1C DEB          
1 31198U 99025BKC 26275.94708502  .00000036  00000+0  67366-4 0  9994
2 31198  98.6076 356.6883 0202921 281.5278  76.3155 13.75586123667982
FENGYUN 1C DEB          
1 31199U 99025BKD 26275.18862362  .00000154  00000+0  10866-3 0  9999
2 31199  98.7453 254.3636 0064512 147.2113 277.2038 14.10164650  2905
FENGYUN 1C DEB          
1 31201U 99025BKF 26275.53445928  .00000751  00000+0  24615-3 0  9997
2 31201  98.9685 153.9329 0138737 209.0826 270.4374 14.36327194 14644
FENGYUN 1C DEB          
1 31202U 99025BKG 26274.28236524  .00004979  00000+0  51739-3 0  9992
2 31202  96.5549 273.6725 0060743 268.4663 104.2340 14.88876564 34238
FENGYUN 1C DEB          
1 31205U 99025BKK 26276.10419156  .00000095  00000+0  54615-4 0  9994
2 31205  99.2393  28.9778 0162577  77.2096 284.7193 14.24124482 14010
FENGYUN 1C DEB          
1 31206U 99025BKL 26276.50878038  .00000775  00000+0  24539-3 0  9993
2 31206  98.8384 199.4795 0074847 205.0994 154.6548 14.41521223 20759
FENGYUN 1C DEB          
1 31208U 99025BKN 26275.33713112  .00004783  00000+0  83381-3 0  9999
2 31208  99.2561 100.7367 0013350  86.6046  36.2543 14.68521224747808
FENGYUN 1C DEB          
1 31209U 99025BKP 26276.57770193  .00004541  00000+0  12309-2 0  9992
2 31209  98.8868  30.6046 0023066 182.1534 177.9562 14.48010310690693
FENGYUN 1C DEB          
1 31210U 99025BKQ 26275.25806051  .00000277  00000+0  17338-3 0  9991
2 31210  98.7292 273.4241 0017733  45.8345 327.6259 14.12321882  1118
FENGYUN 1C DEB          
1 31211U 99025BKR 26276.36486640  .00001005  00000+0  47705-3 0  9994
2 31211  98.6493 311.3038 0048624 318.1335  41.6127 14.21103078674764
FENGYUN 1C DEB          
1 31212U 99025BKS 26276.08913128  .00001196  00000+0  63276-3 0  9992
2 31212  99.1949 321.2174 0073854  66.0365 294.8518 14.14366728998189
FENGYUN 1C DEB          
1 31215U 99025BKV 26272.40197473  .00001291  00000+0  45791-3 0  9992
2 31215  99.0407 135.5079 0066986 195.1739 164.7436 14.35068604  5893
FENGYUN 1C DEB          
1 31217U 99025BKX 26274.29744868  .00000668  00000+0  32898-3 0  9990
2 31217  98.6410 279.3822 0099242  39.2517 321.5801 14.18212943  4627
FENGYUN 1C DEB          
1 31218U 99025BKY 26276.34306825  .00025970  00000+0  24913-2 0  9997
2 31218  98.8395  62.6378 0009767 191.5953 168.5040 14.93050220 13647
FENGYUN 1C DEB          
1 31219U 99025BKZ 26275.03606428  .00001337  00000+0  69205-3 0  9990
2 31219  99.2694 301.2402 0078703  75.0717 285.9153 14.15138732997161
FENGYUN 1C DEB          
1 31222U 99025BLC 26274.75097345  .00006687  00000+0  38992-3 0  9996
2 31222  98.5947  20.7623 0150055 184.2105 175.7867 15.03290645 43789
FENGYUN 1C DEB          
1 31223U 99025BLD 26276.40000184  .00003070  00000+0  24010-2 0  9994
2 31223  99.0407 153.7112 0248526 336.0550  22.9203 13.79437895967883
FENGYUN 1C DEB          
1 31224U 99025BLE 26275.74697826  .00000633  00000+0  23218-3 0  9998
2 31224  98.3933 261.5596 0157086  15.2281 156.9054 14.29486098734509
FENGYUN 1C DEB          
1 31225U 99025BLF 26276.46936024  .00001597  00000+0  75311-3 0  9996
2 31225  98.9757 358.4275 0087405 229.7704 144.1106 14.19345237    16
FENGYUN 1C DEB          
1 31226U 99025BLG 26272.21954851  .00000371  00000+0  15506-3 0  9993
2 31226  98.3654 264.1872 0128168  61.2856 300.1137 14.27096935661964
FENGYUN 1C DEB          
1 31228U 99025BLJ 26276.54228583  .00000725  00000+0  24866-3 0  9993
2 31228  98.8682 202.5181 0076688 297.3729 239.2809 14.37726634 18018
FENGYUN 1C DEB          
1 31229U 99025BLK 26276.48544828  .00001372  00000+0  61491-3 0  9994
2 31229  98.8544 358.4456 0053682 169.3358 190.8972 14.23406216  2693
FENGYUN 1C DEB          
1 31231U 99025BLM 26275.77376335  .00011154  00000+0  10714-2 0  9994
2 31231  98.8654 111.7872 0116202 253.7600 105.0803 14.88253739673782
FENGYUN 1C DEB          
1 31234U 99025BLQ 26265.69129246  .00000390  00000+0  24670-3 0  9991
2 31234  98.8036 257.4839 0073954 146.4002 214.1890 14.08255935767166
FENGYUN 1C DEB          
1 31235U 99025BLR 26275.14693678  .00005154  00000+0  19642-2 0  9993
2 31235  98.4474  56.5577 0167067 244.1437 114.2433 14.23860551673367
FENGYUN 1C DEB          
1 31236U 99025BLS 26276.07832927  .00003465  00000+0  19851-2 0  9994
2 31236  98.5412 211.9187 0305662 318.6720  39.1667 13.89119478651076
FENGYUN 1C DEB          
1 31237U 99025BLT 26276.28095819  .00000522  00000+0  20148-3 0  9992
2 31237  98.4665 272.7752 0087507 196.0331 163.8080 14.32098144 14768
FENGYUN 1C DEB          
1 31239U 99025BLV 26275.96816706  .00000253  00000+0  16481-3 0  9990
2 31239  98.7765 268.4551 0050752  86.3271 331.0322 14.10195353  1567
FENGYUN 1C DEB          
1 31240U 99025BLW 26264.79975256  .00000496  00000+0  30313-3 0  9996
2 31240  98.7566 266.4975 0044359 297.0707 236.8606 14.09942952260856
FENGYUN 1C DEB          
1 31241U 99025BLX 26274.93941000  .00000573  00000+0  19505-3 0  9990
2 31241  99.2664  89.7197 0066386  44.9754 315.6782 14.39505948 18865
FENGYUN 1C DEB          
1 31243U 99025BLZ 26274.57887578  .00000493  00000+0  30981-3 0  9993
2 31243  98.7242 310.2278 0065771  63.6814 297.1091 14.07793754734273
FENGYUN 1C DEB          
1 31244U 99025BMA 26248.40561761  .00000602  00000+0  37186-3 0  9996
2 31244  99.0050 316.0461 0102430 150.4338 210.2676 14.06587887613888
FENGYUN 1C DEB          
1 31246U 99025BMC 26275.78769277  .00002014  00000+0  10814-2 0  9998
2 31246  98.7915 120.8771 0142660 235.5350 123.2273 14.09003805658914
FENGYUN 1C DEB          
1 31247U 99025BMD 26276.53699233  .00000486  00000+0  32238-3 0  9993
2 31247  99.3402 179.0147 0059599 334.0196 150.4207 14.05686426996621
FENGYUN 1C DEB          
1 31248U 99025BME 26275.44026674  .00000355  00000+0  29256-3 0  9997
2 31248  99.2333 337.6115 0109936 234.8601 137.7774 13.93171515989139
FENGYUN 1C DEB          
1 31250U 99025BMG 26276.26139325  .00001060  00000+0  64474-3 0  9994
2 31250  98.3716 108.4297 0131378 183.3200 176.7110 14.03911441996496
FENGYUN 1C DEB          
1 31252U 99025BMJ 26276.31191270  .00000877  00000+0  22155-3 0  9994
2 31252  98.3021 291.9839 0211283   4.2312 356.0601 14.41022837 14499
FENGYUN 1C DEB          
1 31253U 99025BMK 26268.41247130  .00000385  00000+0  18924-3 0  9997
2 31253  99.0434 337.8315 0288878  14.0828 346.8183 14.03903780730209
FENGYUN 1C DEB          
1 31254U 99025BML 26274.08638179  .00000569  00000+0  18197-3 0  9991
2 31254  98.4243 323.2585 0150704  50.1718 341.4826 14.37081050 15951
FENGYUN 1C DEB          
1 31255U 99025BMM 26274.31404662  .00000404  00000+0  18483-3 0  9992
2 31255  99.3128 107.0427 0268627 248.2084 109.0307 14.10192666  8600
FENGYUN 1C DEB          
1 31256U 99025BMN 26275.34159457  .00002798  00000+0  11326-2 0  9992
2 31256  98.6592 115.7110 0301993   6.5889 353.9115 14.06637597691051
FENGYUN 1C DEB          
1 31259U 99025BMR 26276.23502866  .00001346  00000+0  68415-3 0  9990
2 31259  98.9996   3.4761 0063365  82.7156 302.6599 14.16565029997373
FENGYUN 1C DEB          
1 31260U 99025BMS 26276.27020501  .00001158  00000+0  39559-3 0  9995
2 31260  98.9414 189.9877 0046123 142.8258   9.6667 14.37740197 14208
FENGYUN 1C DEB          
1 31261U 99025BMT 26275.18565854  .00001291  00000+0  40538-3 0  9997
2 31261  99.0441 249.9474 0051207  85.6236 275.0799 14.41619629 15723
FENGYUN 1C DEB          
1 31262U 99025BMU 26276.52540792  .00001773  00000+0  84547-3 0  9994
2 31262  98.9954   9.4229 0052070 336.4036  36.5992 14.19882982998906
FENGYUN 1C DEB          
1 31264U 99025BMW 26276.25177675  .00000562  00000+0  29089-3 0  9997
2 31264  99.0957 186.1542 0001191  54.3684  98.9863 14.19162263  5830
FENGYUN 1C DEB          
1 31266U 99025BMY 26276.25423821  .00000227  00000+0  11262-3 0  9998
2 31266  99.2767 279.5183 0130022 165.7366 259.3653 14.22672675 13703
FENGYUN 1C DEB          
1 31268U 99025BNA 26260.88760402  .00000769  00000+0  48100-3 0  9993
2 31268  98.7330 298.7407 0049566 117.8537 242.7667 14.06958837659578
FENGYUN 1C DEB          
1 31269U 99025BNB 26276.42426623  .00002916  00000+0  58066-3 0  9993
2 31269  98.1471 148.8169 0231755  95.1253  77.4361 14.47112977  7354
FENGYUN 1C DEB          
1 31272U 99025BNE 26276.43201427  .00000597  00000+0  26717-3 0  9992
2 31272  99.0550 162.3849 0106157 349.4970  10.3990 14.23513119 11727
FENGYUN 1C DEB          
1 31274U 99025BNG 26275.95107423  .00000418  00000+0  31814-3 0  9997
2 31274  99.0225  89.5319 0239618  35.3690 326.3099 13.86154878982828
FENGYUN 1C DEB          
1 31275U 99025BNH 26274.38525090  .00000694  00000+0  45321-3 0  9992
2 31275  98.9179 317.1265 0102372 258.0714 100.8961 14.03086425995898
FENGYUN 1C DEB          
1 31279U 99025BNM 26275.76610237  .00000590  00000+0  25274-3 0  9997
2 31279  98.5170 281.1879 0073863  37.8344 322.7997 14.26939662 13995
FENGYUN 1C DEB          
1 31281U 99025BNP 26275.95565945  .00039082  00000+0  84906-3 0  9991
2 31281  98.4056  94.0104 0067094 154.3841 206.0752 15.41828013 41975
FENGYUN 1C DEB          
1 31282U 99025BNQ 26275.70366967  .00000235  00000+0  77349-4 0  9990
2 31282  99.2341 222.4347 0127694 139.1057 221.9796 14.43854897 13525
FENGYUN 1C DEB          
1 31284U 99025BNS 26274.10979802  .00000704  00000+0  48377-3 0  9992
2 31284  99.7327  30.8469 0141537 351.7001   8.1820 13.98436750992482
FENGYUN 1C DEB          
1 31285U 99025BNT 26276.23280574  .00000399  00000+0  14977-3 0  9999
2 31285  98.5527 254.4253 0199968  45.2282 328.6495 14.26404039 14811
FENGYUN 1C DEB          
1 31286U 99025BNU 26275.35102449  .00002775  00000+0  11569-2 0  9999
2 31286 100.8593 239.6589 0073762 206.2837 153.4585 14.25927288682008
FENGYUN 1C DEB          
1 31287U 99025BNV 26276.16868756  .00001685  00000+0  67183-3 0  9993
2 31287  99.3898 359.8363 0026098 295.4823  64.3657 14.29870839  8879
FENGYUN 1C DEB          
1 31293U 99025BPB 26275.23478443  .00000052  00000+0  33044-4 0  9994
2 31293  98.4245 279.0325 0127521  96.9273 264.6435 14.30921665694415
FENGYUN 1C DEB          
1 31294U 99025BPC 26275.77680742  .00000351  00000+0  19133-3 0  9995
2 31294  98.5630 264.5655 0098361 215.1647 144.3011 14.15756985 10138
FENGYUN 1C DEB          
1 31295U 99025BPD 26276.13810510 -.00000183  00000+0 -10203-3 0  9999
2 31295  98.3400  78.4227 0078391 145.5268 215.1017 13.96921241996138
FENGYUN 1C DEB          
1 31296U 99025BPE 26276.16242631  .00027482  00000+0  26234-2 0  9995
2 31296  99.0567 234.9827 0018644  17.6424 342.5435 14.93138421 17078
FENGYUN 1C DEB          
1 31297U 99025BPF 26275.93764381  .00000488  00000+0  10586-3 0  9992
2 31297  98.9739  80.0740 0136231 308.6071 204.2175 14.57969713 35864
FENGYUN 1C DEB          
1 31300U 99025BPJ 26276.53137145  .00001597  00000+0  81514-3 0  9997
2 31300  99.5387  21.4281 0058564 316.3293  55.7927 14.16416240  3235
FENGYUN 1C DEB          
1 31302U 99025BPL 26276.13364439  .00001581  00000+0  64029-3 0  9998
2 31302  99.3957 345.8118 0025614 291.9174  97.8771 14.29187296  5221
FENGYUN 1C DEB          
1 31303U 99025BPM 26276.26550559  .00000082  00000+0  69325-4 0  9993
2 31303  98.6940 288.2383 0011885  44.5066 315.7058 14.11133779  4662
FENGYUN 1C DEB          
1 31311U 99025BPP 26276.51061640  .00001921  00000+0  73412-3 0  9992
2 31311  98.8443   8.0583 0016880 297.1585 127.8167 14.31838670  4345
FENGYUN 1C DEB          
1 31312U 99025BPQ 26275.89883764  .00000522  00000+0  37008-3 0  9999
2 31312  98.8813 258.2746 0059558 137.3636 253.9245 14.01182084992654
FENGYUN 1C DEB          
1 31313U 99025BPR 26275.54513831  .00000315  00000+0  15992-3 0  9995
2 31313  99.0016 190.8927 0045967  60.2210 300.3527 14.22605896 12147
FENGYUN 1C DEB          
1 31314U 99025BPS 26273.26272566  .00000427  00000+0  28391-3 0  9991
2 31314  98.8417 264.6253 0077302 260.2145  99.0287 14.05162721649089
FENGYUN 1C DEB          
1 31319U 99025BPX 26276.45009309  .00000048  00000+0  80662-4 0  9992
2 31319  98.7943 158.4810 0170339  20.6568 153.4559 13.75915857977406
FENGYUN 1C DEB          
1 31320U 99025BPY 26274.22642550  .00001980  00000+0  85360-3 0  9993
2 31320  98.3142  75.7648 0097540 329.3737  30.1770 14.23048805645147
FENGYUN 1C DEB          
1 31321U 99025BPZ 26275.44471283  .00000088  00000+0  68643-4 0  9996
2 31321  98.7088 352.1210 0030622  63.3863 297.0442 14.13962295615347
FENGYUN 1C DEB          
1 31322U 99025BQA 26275.36229435  .00000078  00000+0  10353-3 0  9991
2 31322  98.5343 313.2318 0237390 303.6169 118.8235 13.73118995663053
FENGYUN 1C DEB          
1 31323U 99025BQB 26273.41487467  .00001650  00000+0  66507-3 0  9996
2 31323  99.4001 339.5667 0029231 324.1180  35.8035 14.29312027681451
FENGYUN 1C DEB          
1 31324U 99025BQC 26275.03557339  .00000104  00000+0  76960-4 0  9991
2 31324  99.1346 208.1202 0049338 195.3818 164.5858 14.14849119  5143
FENGYUN 1C DEB          
1 31325U 99025BQD 26269.03651368  .00002661  00000+0  12713-2 0  9996
2 31325  98.9930  11.7384 0070806 124.2016 236.5897 14.18721687638490
FENGYUN 1C DEB          
1 31327U 99025BQF 26276.43692274  .00019023  00000+0  70483-3 0  9990
2 31327  98.9554 337.6156 0063124 103.7213 257.1058 15.25813541 45723
FENGYUN 1C DEB          
1 31328U 99025BQG 26276.21337555  .00000091  00000+0  49734-4 0  9996
2 31328  98.5216 247.7685 0105301  70.8160 290.4384 14.29064875 16374
FENGYUN 1C DEB          
1 31329U 99025BQH 26274.85506474  .00002919  00000+0  47116-3 0  9995
2 31329  98.9050 292.4684 0049652 256.2015 103.3660 14.71509701 69215
FENGYUN 1C DEB          
1 31331U 99025BQK 26274.87103007 -.00000035  00000+0  45492-5 0  9990
2 31331  98.8611 297.1896 0054579  90.0883 270.6537 14.00778356679605
FENGYUN 1C DEB          
1 31332U 99025BQL 26275.80116094  .00000703  00000+0  39874-3 0  9991
2 31332  98.7040 282.7063 0047926 267.9418 267.7037 14.12638674  1189
FENGYUN 1C DEB          
1 31333U 99025BQM 26271.22091610  .00000818  00000+0  33428-3 0  9996
2 31333  98.4213 280.1928 0095901 255.0744 103.9804 14.27385363  6994
FENGYUN 1C DEB          
1 31336U 99025BQQ 26276.38791845  .00000350  00000+0  12183-3 0  9994
2 31336  98.4267 332.0883 0091306 316.8526 102.5202 14.39191865 20147
FENGYUN 1C DEB          
1 31338U 99025BQS 26274.28847316  .00002466  00000+0  10757-2 0  9992
2 31338  98.6999 115.8744 0072707 344.9903  14.9117 14.23418665678166
FENGYUN 1C DEB          
1 31339U 99025BQT 26276.27729842  .00000772  00000+0  42596-3 0  9992
2 31339  98.7026 289.7665 0073624 205.5543 154.1983 14.13001207998367
FENGYUN 1C DEB          
1 31341U 99025BQV 26276.19324132  .00002661  00000+0  60678-3 0  9999
2 31341  99.5334   3.7585 0052255 190.7643 199.6974 14.56025416 19003
FENGYUN 1C DEB          
1 31342U 99025BQW 26275.18199320  .00000174  00000+0  70001-4 0  9996
2 31342  98.9745 248.2935 0112879  76.9153 284.4602 14.37002393 20986
FENGYUN 1C DEB          
1 31346U 99025BRA 26274.84087171  .00008771  00000+0  35748-3 0  9991
2 31346  98.8758 296.4613 0091397 114.2351 246.8463 15.20950237 39280
FENGYUN 1C DEB          
1 31348U 99025BRC 26275.40613411  .00001607  00000+0  56873-3 0  9991
2 31348  99.1513 248.3422 0032464 291.2367 221.3710 14.35809884  4531
FENGYUN 1C DEB          
1 31349U 99025BRD 26276.34966478  .00000949  00000+0  59635-3 0  9997
2 31349  99.2523 317.2449 0070396 148.4687 212.0727 14.05766740670751
FENGYUN 1C DEB          
1 31350U 99025BRE 26275.77453131  .00000530  00000+0  19580-3 0  9993
2 31350  98.9714 104.2585 0065754 344.5999  15.3183 14.35567284744716
FENGYUN 1C DEB          
1 31351U 99025BRF 26274.92591617  .00000119  00000+0  93341-4 0  9993
2 31351  98.8232 259.2739 0091806 307.1701  52.1110 14.07224864654987
FENGYUN 1C DEB          
1 31353U 99025BRH 26275.64300406  .00000705  00000+0  22107-3 0  9991
2 31353  99.0082 216.2588 0224882 293.0712  64.6904 14.30740935  6244
FENGYUN 1C DEB          
1 31356U 99025BRL 26276.23608139  .00011168  00000+0  13196-2 0  9996
2 31356  98.6561  63.8716 0025476  50.3889 309.9566 14.84624439694780
FENGYUN 1C DEB          
1 31357U 99025BRM 26275.36520619 -.00000048  00000+0 -26979-5 0  9999
2 31357  98.5811 302.2965 0050285 164.0988 210.5470 14.18558759  8567
FENGYUN 1C DEB          
1 31359U 99025BRP 26269.54996814  .00004979  00000+0  21218-2 0  9991
2 31359  99.0810  21.8515 0071659 187.7744 172.2329 14.24210342 26960
FENGYUN 1C DEB          
1 31360U 99025BRQ 26264.76939906  .00002901  00000+0  14379-2 0  9994
2 31360  97.9803  98.3497 0101984 125.2944 235.7823 14.15188783671999
FENGYUN 1C DEB          
1 31361U 99025BRR 26276.18864559  .00000107  00000+0  72518-4 0  9992
2 31361  98.5884 246.2327 0044088 302.5680  57.1242 14.17884146  7172
FENGYUN 1C DEB          
1 31362U 99025BRS 26276.19430644  .00000121  00000+0  80609-4 0  9994
2 31362  98.6722 268.1486 0017743 333.7067  26.3206 14.17549776  7374
FENGYUN 1C DEB          
1 31364U 99025BRU 26276.59915455  .00002652  00000+0  12846-2 0  9995
2 31364  99.2699  53.0985 0088246  38.5024 322.2401 14.17339980990505
FENGYUN 1C DEB          
1 31365U 99025BRV 26276.20727352  .00002561  00000+0  74156-3 0  9993
2 31365  98.6686  11.6063 0039247  61.3766 299.1363 14.44904733  8677
FENGYUN 1C DEB          
1 31367U 99025BRX 26276.24774238  .00000688  00000+0  18609-3 0  9993
2 31367  98.7236 185.3695 0096193 207.8780 304.9761 14.48486214 27083
FENGYUN 1C DEB          
1 31368U 99025BRY 26271.34034743  .00000864  00000+0  38278-3 0  9990
2 31368  99.1274 112.1622 0044668 179.2783 180.8467 14.25347975685870
FENGYUN 1C DEB          
1 31369U 99025BRZ 26276.20168610  .00000218  00000+0  12138-3 0  9992
2 31369  98.6514 255.1910 0055143 167.8956 204.2787 14.19683795685057
FENGYUN 1C DEB          
1 31370U 99025BSA 26275.70930643  .00000339  00000+0  21544-3 0  9996
2 31370  98.7656 272.9254 0033622 183.3104 176.7849 14.10021450  4086
FENGYUN 1C DEB          
1 31371U 99025BSB 26275.92574835  .00000831  00000+0  52582-3 0  9991
2 31371  98.7401 303.5156 0078794 141.0931 219.5944 14.05128994998770
FENGYUN 1C DEB          
1 31372U 99025BSC 26274.84990260  .00001488  00000+0  61154-3 0  9990
2 31372  99.3781 292.1863 0030993 318.6889  41.1946 14.28445935   272
FENGYUN 1C DEB          
1 31374U 99025BSE 26273.69476847  .00004130  00000+0  12479-2 0  9996
2 31374  99.6435  84.4238 0136038 225.3948 133.6073 14.37831737  1658
FENGYUN 1C DEB          
1 31376U 99025BSG 26275.59720079  .00004306  00000+0  76857-3 0  9994
2 31376  98.8404 218.3412 0047572  79.3028 281.3526 14.66814465 24413
FENGYUN 1C DEB          
1 31378U 99025BSJ 26276.57218509  .00000464  00000+0  44641-3 0  9992
2 31378 100.7474 210.5045 0166695 175.3175 184.9579 13.80548981982915
FENGYUN 1C DEB          
1 31381U 99025BSM 26275.52071755  .00000647  00000+0  18581-3 0  9997
2 31381  98.4759   0.2121 0194940 234.1118 124.1835 14.37958649 16189
FENGYUN 1C DEB          
1 31383U 99025BSP 26276.42330156  .00000852  00000+0  51648-3 0  9991
2 31383  99.0400 343.2456 0108094 216.1059 206.9262 14.06290540995107
FENGYUN 1C DEB          
1 31384U 99025BSQ 26276.30329612  .00002313  00000+0  93220-3 0  9990
2 31384  98.4788 221.0202 0430056 309.3011 209.8202 13.88643390971093
FENGYUN 1C DEB          
1 31385U 99025BSR 26275.58912874  .00000258  00000+0  82261-4 0  9998
2 31385  98.9608  26.1590 0132255 260.7253 109.3879 14.44334064 28570
FENGYUN 1C DEB          
1 31386U 99025BSS 26275.90152938  .00001297  00000+0  97591-3 0  9997
2 31386  98.4427 267.3548 0194517 195.4803 164.0353 13.87372131979394
FENGYUN 1C DEB          
1 31387U 99025BST 26276.52308598  .00000283  00000+0  13212-3 0  9994
2 31387  99.1286 167.1405 0241978  61.2114 301.3128 14.13862988  4539
FENGYUN 1C DEB          
1 31388U 99025BSU 26276.23540808 -.00000036  00000+0  37225-5 0  9994
2 31388  98.8320 262.1836 0047991  93.3587 334.3717 14.07558520  5783
FENGYUN 1C DEB          
1 31389U 99025BSV 26276.35647682  .00009484  00000+0  14755-2 0  9991
2 31389  99.0366 117.3135 0026480 358.3263 174.5740 14.73026194  8115
FENGYUN 1C DEB          
1 31410U 99025BSW 26275.73840370  .00001108  00000+0  30133-3 0  9990
2 31410  98.8597  94.8766 0109332 126.6089 297.7003 14.46171102 19956
FENGYUN 1C DEB          
1 31411U 99025BSX 26276.40772082  .00000415  00000+0  17271-3 0  9998
2 31411  98.6339 340.0594 0102330 112.7410 307.8681 14.28511782986869
FENGYUN 1C DEB          
1 31412U 99025BSY 26274.76663168  .00001298  00000+0  72100-3 0  9992
2 31412  98.5616 209.7123 0079221 220.3763 139.1511 14.11212497651236
FENGYUN 1C DEB          
1 31415U 99025BTB 26256.17948472  .00001949  00000+0  72711-3 0  9995
2 31415  99.6686 243.7066 0062332  13.5582 346.7255 14.32213099667575
FENGYUN 1C DEB          
1 31416U 99025BTC 26276.46852317  .00000439  00000+0  13719-3 0  9998
2 31416  99.0157 348.2324 0133677 100.7872 260.8395 14.41182492697647
FENGYUN 1C DEB          
1 31419U 99025BTF 26272.81873999  .00004365  00000+0  63159-3 0  9990
2 31419  98.7810 115.2088 0037931   6.9232 353.2491 14.76242533693151
FENGYUN 1C DEB          
1 31420U 99025BTG 26276.39947396  .00000626  00000+0  18296-3 0  9990
2 31420  97.5226 145.0941 0135071 139.8602  34.2176 14.41628656692387
FENGYUN 1C DEB          
1 31422U 99025BTJ 26275.93596877  .00000298  00000+0  19264-3 0  9996
2 31422  98.7763 270.3250 0033998 185.8504 203.4683 14.09934959998078
FENGYUN 1C DEB          
1 31423U 99025BTK 26276.19075691  .00000129  00000+0  75782-4 0  9993
2 31423  98.6166 255.2076 0037471  61.0026 299.4900 14.23142794 10961
FENGYUN 1C DEB          
1 31424U 99025BTL 26276.30495828  .00000240  00000+0  15728-3 0  9992
2 31424  98.4467 307.2249 0092890 347.4035  12.4815 14.08560686673174
FENGYUN 1C DEB          
1 31426U 99025BTN 26274.89502586  .00000837  00000+0  45291-3 0  9996
2 31426  98.6074  56.2263 0320619  97.0724  51.3634 13.91663154976481
FENGYUN 1C DEB          
1 31427U 99025BTP 26276.31827155  .00006318  00000+0  11778-2 0  9990
2 31427  98.6873  45.0823 0028926 187.7329 172.3430 14.65133529 11872
FENGYUN 1C DEB          
1 31428U 99025BTQ 26274.94055297  .00001289  00000+0  38769-3 0  9990
2 31428  99.0631 269.4123 0062888   7.7745  22.1017 14.43402465 16998
FENGYUN 1C DEB          
1 31429U 99025BTR 26275.11693334  .00000961  00000+0  44082-3 0  9992
2 31429  98.6598 324.7329 0012821 292.2941  95.3191 14.23592685  1159
FENGYUN 1C DEB          
1 31430U 99025BTS 26275.99185594  .00001053  00000+0  45188-3 0  9995
2 31430  98.7197 343.0450 0025980 261.9915 223.1562 14.26749560  3121
FENGYUN 1C DEB          
1 31431U 99025BTT 26270.08902761  .00001661  00000+0  98986-3 0  9993
2 31431  98.5193 145.7151 0134054   3.4672 356.7394 14.04189932985776
FENGYUN 1C DEB          
1 31433U 99025BTV 26276.22459352  .00002105  00000+0  82387-3 0  9992
2 31433  98.3940 173.2842 0092908 244.7290 268.5202 14.28160390997523
FENGYUN 1C DEB          
1 31435U 99025BTX 26275.80359833  .00000241  00000+0  62275-4 0  9994
2 31435  99.0384 116.0000 0148385  14.3414 346.1923 14.53891762 25859
FENGYUN 1C DEB          
1 31437U 99025BTZ 26276.21809506  .00003036  00000+0  86057-3 0  9997
2 31437  98.8577  14.6482 0014610 100.3547 259.9291 14.46203296  7484
FENGYUN 1C DEB          
1 31439U 99025BUB 26276.29656200  .00000838  00000+0  59118-3 0  9993
2 31439  98.9207 278.0642 0138189  71.4761 303.5939 13.96132634673424
FENGYUN 1C DEB          
1 31440U 99025BUC 26275.23094104  .00002407  00000+0  78285-3 0  9997
2 31440  98.7413  13.4050 0039282 190.4892 169.5480 14.39284282  4837
FENGYUN 1C DEB          
1 31441U 99025BUD 26274.55762252  .00032386  00000+0  22051-2 0  9996
2 31441  99.2795 193.4811 0059836 123.4494 237.2468 15.04746802684503
FENGYUN 1C DEB          
1 31442U 99025BUE 26276.45821523  .00000485  00000+0  18141-3 0  9996
2 31442  98.5178   3.3186 0078058 217.3895 142.1844 14.34496634 15855
FENGYUN 1C DEB          
1 31443U 99025BUF 26276.59989093  .00002258  00000+0  46504-3 0  9993
2 31443  99.2301  48.9670 0182471 298.5091  59.7833 14.51791912712164
FENGYUN 1C DEB          
1 31444U 99025BUG 26276.15607353  .00006926  00000+0  92585-3 0  9998
2 31444  98.9429 253.6173 0048708 230.8742 128.8132 14.79055131 17592
FENGYUN 1C DEB          
1 31447U 99025BUK 26272.90154697  .00000388  00000+0  14564-3 0  9995
2 31447  98.9570 325.5391 0229107 235.9192 122.0053 14.24324428689964
FENGYUN 1C DEB          
1 31448U 99025BUL 26276.26720938  .00000816  00000+0  33507-3 0  9990
2 31448  98.4956 284.7827 0059773  60.0519 300.6580 14.28674775685083
FENGYUN 1C DEB          
1 31449U 99025BUM 26272.40233822  .00000267  00000+0  99379-4 0  9994
2 31449  98.5159 332.1508 0145623 127.2820 234.1745 14.34027968 17788
FENGYUN 1C DEB          
1 31451U 99025BUP 26276.36207413  .00000285  00000+0  17195-3 0  9998
2 31451  98.7298 317.0333 0032375  94.4249 279.2103 14.13954107  1045
FENGYUN 1C DEB          
1 31452U 99025BUQ 26274.78115024  .00000338  00000+0  19333-3 0  9994
2 31452  98.6857 258.7167 0040597  11.8295 348.3824 14.15536485  3497
FENGYUN 1C DEB          
1 31455U 99025BUT 26275.21414369  .00000235  00000+0  12375-3 0  9995
2 31455  98.6036 256.1936 0216067 293.7056  64.1580 14.11731113  2412
FENGYUN 1C DEB          
1 31456U 99025BUU 26275.09677748  .00001351  00000+0  39904-3 0  9991
2 31456  98.5899  24.5790 0067912 152.6861 207.7927 14.43829982 16900
FENGYUN 1C DEB          
1 31459U 99025BUX 26274.97267430  .00002417  00000+0  64681-3 0  9997
2 31459  98.1575 177.3697 0091187 319.6734  39.7721 14.46714992687948
FENGYUN 1C DEB          
1 31462U 99025BVA 26274.30212260  .00000264  00000+0  16240-3 0  9995
2 31462  98.6761 288.9938 0033446  91.8287 283.1581 14.13318211999883
FENGYUN 1C DEB          
1 31463U 99025BVB 26276.26364435  .00000458  00000+0  13375-3 0  9996
2 31463  99.0994 279.9622 0209841 255.8158 101.9634 14.37748175689514
FENGYUN 1C DEB          
1 31464U 99025BVC 26275.93679490  .00000239  00000+0  15032-3 0  9999
2 31464  98.7571 321.7236 0044805 126.7241 357.7727 14.12744406988337
FENGYUN 1C DEB          
1 31466U 99025BVE 26276.58315121  .00000100  00000+0  48106-4 0  9997
2 31466  99.1111 219.6425 0298630 189.4111 170.1392 14.18793113  4551
FENGYUN 1C DEB          
1 31467U 99025BVF 26275.38159989  .00001715  00000+0  10559-2 0  9995
2 31467  98.5694 131.0384 0150399 260.0154  98.4011 14.01361403 38589
FENGYUN 1C DEB          
1 31468U 99025BVG 26276.23180289  .00001081  00000+0  25969-3 0  9996
2 31468  98.1863 267.5215 0163891 346.9630  12.7351 14.47593030716319
FENGYUN 1C DEB          
1 31471U 99025BVK 26275.37924035  .00001633  00000+0  75205-3 0  9990
2 31471  97.9552 133.4676 0143232 218.6219 140.4646 14.16981194681339
FENGYUN 1C DEB          
1 31473U 99025BVM 26274.33790777  .00001603  00000+0  60601-3 0  9992
2 31473  98.5219 306.9997 0063132 230.8230 192.5948 14.31525145737051
FENGYUN 1C DEB          
1 31474U 99025BVN 26276.40025657  .00001131  00000+0  63051-3 0  9999
2 31474  99.1305 332.4087 0070642 102.0429 258.8670 14.11783844991266
FENGYUN 1C DEB          
1 31475U 99025BVP 26271.97127328  .00001668  00000+0  42873-3 0  9999
2 31475  98.9129 177.6859 0207161 330.0304  28.9152 14.39672844  1807
FENGYUN 1C DEB          
1 31476U 99025BVQ 26272.90596457  .00001328  00000+0  59545-3 0  9994
2 31476  98.8833 354.0822 0050348  55.1729 305.4170 14.23550646998401
FENGYUN 1C DEB          
1 31477U 99025BVR 26275.94543289  .00000032  00000+0  46904-4 0  9994
2 31477  98.9114 264.1433 0108250 289.2457  69.7024 14.03108468995299
FENGYUN 1C DEB          
1 31480U 99025BVU 26275.95336807  .00003146  00000+0  15437-2 0  9999
2 31480  98.3297 102.8900 0337411 121.8617 241.5854 13.92618495974873
FENGYUN 1C DEB          
1 31482U 99025BVW 26276.25129723  .00000846  00000+0  28824-3 0  9991
2 31482  98.3882 277.2797 0089533 121.9479 302.3518 14.36662104 13504
FENGYUN 1C DEB          
1 31483U 99025BVX 26276.43936421  .00003383  00000+0  15447-2 0  9998
2 31483 102.5124 350.4709 0121139 206.5007 167.4606 14.18844348988821
FENGYUN 1C DEB          
1 31484U 99025BVY 26276.38511067  .00009020  00000+0  17440-2 0  9997
2 31484 101.8044 339.8562 0066122  68.4614 292.3605 14.62359959685304
FENGYUN 1C DEB          
1 31485U 99025BVZ 26276.19292355  .00002793  00000+0  28431-2 0  9995
2 31485 102.7026 184.0498 0446716  41.3850 322.0225 13.41452504943915
FENGYUN 1C DEB          
1 31487U 99025BWB 26276.26580747  .00000844  00000+0  60026-3 0  9992
2 31487 102.4014 192.3544 0118459 315.6547 196.0866 13.98755086985284
FENGYUN 1C DEB          
1 31491U 99025BWE 26276.25283060  .00001548  00000+0  75714-3 0  9996
2 31491  99.3007 203.8865 0049001 153.2705 207.1010 14.18894213679023
FENGYUN 1C DEB          
1 31492U 99025BWF 26276.03661929  .00011200  00000+0  13568-2 0  9991
2 31492  98.8567 116.1500 0047863 158.3622 201.9626 14.83006864  8311
FENGYUN 1C DEB          
1 31493U 99025BWG 26275.14193798  .00000504  00000+0  39946-3 0  9991
2 31493 100.1590 254.2139 0117683 122.9013 238.3532 13.93581242639527
FENGYUN 1C DEB          
1 31495U 99025BWJ 26276.45844799  .00001491  00000+0  58586-3 0  9999
2 31495  99.0941 168.2560 0027652  44.3080 316.0308 14.30721763676032
FENGYUN 1C DEB          
1 31497U 99025BWL 26275.73521735  .00000156  00000+0  55614-4 0  9990
2 31497  98.4010 258.1182 0167098 179.3758 355.7788 14.39590374 17204
FENGYUN 1C DEB          
1 31498U 99025BWM 26276.32075501  .00001429  00000+0  12165-2 0  9998
2 31498  98.5010 221.9103 0219618  68.3308 294.1078 13.78171188967900
FENGYUN 1C DEB          
1 31499U 99025BWN 26260.14806821  .00004247  00000+0  20112-2 0  9991
2 31499  97.6594  30.3135 0252940 108.8621 254.0159 14.04585281662740
FENGYUN 1C DEB          
1 31502U 99025BWR 26275.22459186  .00001856  00000+0  93949-3 0  9991
2 31502  99.0832  15.9480 0071012 122.2261 238.5822 14.16077507647261
FENGYUN 1C DEB          
1 31503U 99025BWS 26275.49578660  .00001035  00000+0  47241-3 0  9993
2 31503 100.0784 189.1423 0050016  90.6232 270.0673 14.23606964684257
FENGYUN 1C DEB          
1 31507U 99025BWW 26276.33510154  .00000692  00000+0  16465-3 0  9997
2 31507  98.1645 306.2990 0113789 248.8541 123.1258 14.53175428 22951
FENGYUN 1C DEB          
1 31508U 99025BWX 26276.31378860  .00007111  00000+0  11738-2 0  9992
2 31508  98.6425  45.4599 0029624 129.5950 230.7877 14.70460736 12356
FENGYUN 1C DEB          
1 31509U 99025BWY 26276.58761681  .00001558  00000+0  99288-3 0  9995
2 31509  99.0398  35.1021 0192815 130.6843 231.1254 13.96335906980753
FENGYUN 1C DEB          
1 31510U 99025BWZ 26275.81863519  .00000467  00000+0  21593-3 0  9997
2 31510  98.5654 272.7169 0036785 190.5884 292.3366 14.25138228  5931
FENGYUN 1C DEB          
1 31511U 99025BXA 26275.76960615  .00000710  00000+0  28061-3 0  9995
2 31511  99.0803 101.2730 0107235  95.6803 265.6617 14.29127866999999
FENGYUN 1C DEB          
1 31512U 99025BXB 26274.51495612  .00001117  00000+0  29765-3 0  9992
2 31512  98.7827 184.9692 0142186 352.1146 182.7316 14.44831974697283
FENGYUN 1C DEB          
1 31513U 99025BXC 26275.56127241  .00002116  00000+0  75304-3 0  9999
2 31513  98.8649  24.5178 0024958 344.8919  15.1517 14.35248596770801
FENGYUN 1C DEB          
1 31514U 99025BXD 26274.71433555  .00001819  00000+0  82225-3 0  9993
2 31514  99.2387 194.3817 0055555   5.5740 354.6043 14.22616345734882
FENGYUN 1C DEB          
1 31515U 99025BXE 26274.50425187  .00000707  00000+0  40969-3 0  9997
2 31515  98.8892   3.1727 0053767  38.7817 321.7194 14.11334697624922
FENGYUN 1C DEB          
1 31516U 99025BXF 26274.81986226  .00000400  00000+0  16653-3 0  9991
2 31516  98.8624  38.4270 0149027 109.6442  41.8716 14.25915092  6425
FENGYUN 1C DEB          
1 31519U 99025BXJ 26273.21625503  .00000424  00000+0  20070-3 0  9999
2 31519  98.5892 267.7045 0053334 114.2778 246.3985 14.23894664689121
FENGYUN 1C DEB          
1 31522U 99025BXM 26271.81882121  .00000775  00000+0  50809-3 0  9990
2 31522  98.6968 282.8589 0044178 106.5864 254.0162 14.04430220990678
FENGYUN 1C DEB          
1 31523U 99025BXN 26275.98430620 -.00000032  00000+0  60010-5 0  9990
2 31523  98.7148 321.8135 0038178 353.5781 124.6316 14.13883915  1439
FENGYUN 1C DEB          
1 31524U 99025BXP 26269.57626368  .00000713  00000+0  31695-3 0  9995
2 31524  99.2446 162.8626 0277814  43.2144  71.3257 14.07640080672009
FENGYUN 1C DEB          
1 31527U 99025BXS 26275.60074160  .00000413  00000+0  62312-3 0  9993
2 31527  98.9312  44.4612 0447860 303.4537  52.4519 13.23639410940772
FENGYUN 1C DEB          
1 31531U 99025BXW 26275.85234236  .00001231  00000+0  30730-3 0  9995
2 31531  98.3503 317.5519 0241639 108.4302 254.3317 14.37172483681579
FENGYUN 1C DEB          
1 31533U 99025BXY 26273.95682243  .00000330  00000+0  14850-3 0  9995
2 31533  98.9338 178.2004 0063895 221.5825 138.0487 14.28071358702936
FENGYUN 1C DEB          
1 31535U 99025BYA 26258.79680097  .00000914  00000+0  35999-3 0  9992
2 31535  98.0197  91.8140 0088198  58.3933 302.5821 14.29125973758870
FENGYUN 1C DEB          
1 31536U 99025BYB 26275.96899605  .00005706  00000+0  71363-3 0  9997
2 31536  98.2185 185.2766 0276921 311.3251  46.4413 14.59204886  5364
FENGYUN 1C DEB          
1 31537U 99025BYC 26273.23799277  .00005952  00000+0  14121-2 0  9991
2 31537  99.3162  88.9812 0328343 212.3245 145.7436 14.26346440974306
FENGYUN 1C DEB          
1 31540U 99025BYF 26274.27904811  .00002092  00000+0  29974-3 0  9997
2 31540  99.0675 109.7528 0170058 120.2437 241.5723 14.68434115 25764
FENGYUN 1C DEB          
1 31541U 99025BYG 26276.30224141  .00001849  00000+0  29174-3 0  9996
2 31541  99.0075  94.0769 0074820  47.1343 313.6113 14.72009985 27455
FENGYUN 1C DEB          
1 31542U 99025BYH 26276.39628674  .00001241  00000+0  55206-3 0  9996
2 31542  98.7072 332.7527 0046772  75.7976 284.8392 14.24125153  1337
FENGYUN 1C DEB          
1 31544U 99025BYK 26276.09770678  .00000591  00000+0  32631-3 0  9991
2 31544  98.7991 328.5976 0033290 151.1321 209.1703 14.14991076999194
FENGYUN 1C DEB          
1 31546U 99025BYM 26276.41966821  .00001171  00000+0  57129-3 0  9990
2 31546  98.2235 327.9306 0140775   4.7472 355.5001 14.14723353989534
FENGYUN 1C DEB          
1 31547U 99025BYN 26275.10850125  .00001523  00000+0  66533-3 0  9995
2 31547  99.0681 333.3187 0053783 132.3315 228.2438 14.24622674681920
FENGYUN 1C DEB          
1 31550U 99025BYR 26275.94383336  .00000815  00000+0  21519-3 0  9994
2 31550  98.3234 272.5875 0189603 105.1213 257.1037 14.41344698696911
FENGYUN 1C DEB          
1 31552U 99025BYT 26252.10421689  .00008118  00000+0  19523-2 0  9998
2 31552  98.6255  24.9037 0078417 281.8050  77.4356 14.51730318997920
FENGYUN 1C DEB          
1 31553U 99025BYU 26273.16403907  .00001810  00000+0  68477-3 0  9996
2 31553  98.9877 343.1987 0027404 329.7368  59.0763 14.32322410    10
FENGYUN 1C DEB          
1 31554U 99025BYV 26275.39348545  .00006072  00000+0  13197-2 0  9993
2 31554  98.9179  73.9076 0034792 209.5427 150.3805 14.58068134691287
FENGYUN 1C DEB          
1 31555U 99025BYW 26275.19455975  .00003745  00000+0  89607-3 0  9992
2 31555  99.1275 256.3981 0149357  44.8183 316.4958 14.47649121  8042
FENGYUN 1C DEB          
1 31557U 99025BYY 26276.17548626  .00000464  00000+0  13180-3 0  9997
2 31557  98.3096 255.9027 0172948 102.9652 259.0913 14.41507457653409
FENGYUN 1C DEB          
1 31558U 99025BYZ 26276.23684944  .00000314  00000+0  91460-4 0  9991
2 31558  98.7665 183.7460 0211526 108.1048  42.9598 14.39165215 16699
FENGYUN 1C DEB          
1 31559U 99025BZA 26276.23802613  .00002901  00000+0  51319-3 0  9999
2 31559  98.8858 258.9426 0053103   6.7327   6.4172 14.67346155 18689
FENGYUN 1C DEB          
1 31560U 99025BZB 26275.33571985  .00000010  00000+0  22202-4 0  9995
2 31560  98.5542 307.9097 0120853 176.3331 183.8761 14.21292576  7884
FENGYUN 1C DEB          
1 31561U 99025BZC 26275.24153767  .00000201  00000+0  15334-3 0  9999
2 31561  98.7366 264.1721 0057711  81.6190 292.3057 14.03100132992942
FENGYUN 1C DEB          
1 31562U 99025BZD 26276.29181049  .00001242  00000+0  37514-3 0  9990
2 31562  99.2821  98.5440 0056474 136.6543 223.9107 14.43520136 12213
FENGYUN 1C DEB          
1 31563U 99025BZE 26275.74212179  .00001571  00000+0  26641-3 0  9993
2 31563  98.9745 101.3149 0109052 252.5113 106.4146 14.67143481 28378
FENGYUN 1C DEB          
1 31565U 99025BZG 26276.08271238  .00005611  00000+0  16278-2 0  9997
2 31565 100.7144 227.6082 0050095 286.2566  73.3109 14.44195441685953
FENGYUN 1C DEB          
1 31566U 99025BZH 26276.47211633  .00002647  00000+0  84625-3 0  9992
2 31566  98.9348 352.8088 0025363 202.6623 289.5372 14.40348865  6272
FENGYUN 1C DEB          
1 31567U 99025BZJ 26276.11684682  .00002709  00000+0  17971-2 0  9990
2 31567 102.3182 244.7308 0181039 319.7233  39.0621 13.95128115715111
FENGYUN 1C DEB          
1 31568U 99025BZK 26275.79139524  .00001154  00000+0  70306-3 0  9999
2 31568 102.0466 258.0563 0123151 108.9682 252.4866 14.05545203987084
FENGYUN 1C DEB          
1 31569U 99025BZL 26276.59671389  .00002419  00000+0  15520-2 0  9990
2 31569 102.6066 187.0171 0176193  22.7947  97.7078 13.97499545977951
FENGYUN 1C DEB          
1 31570U 99025BZM 26275.74914855  .00004859  00000+0  17375-2 0  9996
2 31570 102.5730  87.0595 0140311 205.3273 154.0971 14.29496028675620
FENGYUN 1C DEB          
1 31608U 99025BZN 26274.11376421  .00004968  00000+0  43594-3 0  9993
2 31608  98.4129  54.5268 0135135 168.1461 192.2991 14.90313980 29639
FENGYUN 1C DEB          
1 31609U 99025BZP 26267.07627392  .00002702  00000+0  12963-2 0  9996
2 31609  99.2014 310.4275 0092252 231.3943 157.8497 14.17637391701251
FENGYUN 1C DEB          
1 31613U 99025BZT 26275.65129713  .00000687  00000+0  60583-3 0  9990
2 31613  98.4509  69.4829 0342017  47.5933 315.3620 13.64293787957682
FENGYUN 1C DEB          
1 31615U 99025BZV 26275.92888951  .00005716  00000+0  15504-2 0  9998
2 31615  99.1424 351.4892 0156212 174.2264 186.0771 14.41042781695082
FENGYUN 1C DEB          
1 31618U 99025BZY 26276.32743032  .00000452  00000+0  20334-3 0  9996
2 31618  99.4797  85.2987 0156271 214.3017 144.7990 14.21485343744492
FENGYUN 1C DEB          
1 31619U 99025BZZ 26275.13530151  .00129005  00000+0  41389-2 0  9999
2 31619  99.0323 163.5811 0039527  57.8713 302.6349 15.31033862679034
FENGYUN 1C DEB          
1 31620U 99025CAA 26276.09405578  .00003183  00000+0  10108-2 0  9994
2 31620  98.8823  15.6274 0020205 244.2955 115.6146 14.40588946700782
FENGYUN 1C DEB          
1 31622U 99025CAC 26276.24187441  .00002691  00000+0  86624-3 0  9999
2 31622  98.8198  24.0428 0016537 187.4358 202.6797 14.40088045    15
FENGYUN 1C DEB          
1 31623U 99025CAD 26276.40328976  .00000250  00000+0  22529-3 0  9991
2 31623  97.6341  77.4411 0192807 263.6909  94.2260 13.82830500619923
FENGYUN 1C DEB          
1 31625U 99025CAF 26274.78910219  .00000540  00000+0  11816-3 0  9998
2 31625  98.8068  21.7090 0147639 202.4702 310.0278 14.55898710 26281
FENGYUN 1C DEB          
1 31627U 99025CAH 26274.94301902  .00001358  00000+0  46527-3 0  9996
2 31627  98.5046 324.5353 0049193   3.2599 356.8899 14.37120193689767
FENGYUN 1C DEB          
1 31628U 99025CAJ 26276.10414603  .00001162  00000+0  92814-3 0  9993
2 31628 102.2675 227.1135 0164245 236.9296 121.5985 13.88087424973820
FENGYUN 1C DEB          
1 31629U 99025CAK 26276.26669307  .00002270  00000+0  11030-2 0  9995
2 31629 102.1338  72.5793 0101611   4.8770 355.3359 14.17233170986151
FENGYUN 1C DEB          
1 31630U 99025CAL 26275.78144631  .00009010  00000+0  34969-3 0  9997
2 31630  98.0974 106.4411 0134846  76.4690 285.1524 15.18222326 30223
FENGYUN 1C DEB          
1 31631U 99025CAM 26266.13626842  .00145447  00000+0  47146-2 0  9991
2 31631  99.3014 235.5089 0029029 119.6130 240.8003 15.30982185682215
FENGYUN 1C DEB          
1 31633U 99025CAP 26268.24606579  .00000969  00000+0  59273-3 0  9996
2 31633  98.7072 276.8953 0067167  85.9877 274.8967 14.07024617611128
FENGYUN 1C DEB          
1 31634U 99025CAQ 26273.87806312  .00000379  00000+0  30500-3 0  9996
2 31634  99.3305 329.0893 0092124  86.7320 274.4375 13.94891359605966
FENGYUN 1C DEB          
1 31639U 99025CAV 26276.31417323  .00000113  00000+0  12127-3 0  9994
2 31639  98.7688 207.9939 0162016  65.5194  84.8843 13.85269039977661
FENGYUN 1C DEB          
1 31642U 99025CAY 26276.48894561  .00000360  00000+0  13370-3 0  9994
2 31642  98.4854 358.3491 0120310 102.7000 258.7665 14.33893922 12091
FENGYUN 1C DEB          
1 31644U 99025CBA 26275.96024513  .00003871  00000+0  54043-3 0  9992
2 31644  98.6473 188.7050 0147172 343.8932  76.7339 14.71112136753669
FENGYUN 1C DEB          
1 31646U 99025CBC 26276.30984873  .00000439  00000+0  24895-3 0  9996
2 31646  98.6703 296.0282 0034481  93.9071 266.6046 14.14593229673559
FENGYUN 1C DEB          
1 31647U 99025CBD 26276.34310730  .00005882  00000+0  12445-2 0  9990
2 31647  98.0491 319.3464 0086888 248.8767 110.3128 14.57282412128681
FENGYUN 1C DEB          
1 31648U 99025CBE 26276.10027234  .00003776  00000+0  18515-2 0  9993
2 31648 102.7903 231.5992 0039949 164.7355 195.5020 14.18414732760675
FENGYUN 1C DEB          
1 31655U 99025CBM 26275.58637733  .00002484  00000+0  23161-2 0  9991
2 31655  99.2753 214.0672 0287958  97.2043  76.1026 13.65820011637288
FENGYUN 1C DEB          
1 31656U 99025CBN 26275.83864791  .00002943  00000+0  76073-3 0  9997
2 31656  99.1964 295.9465 0019270 254.8151 280.1587 14.50668427  6949
FENGYUN 1C DEB          
1 31657U 99025CBP 26275.83172417  .00000833  00000+0  56889-3 0  9994
2 31657 102.2120 281.6349 0145717  59.7483 301.8003 13.99185882669758
FENGYUN 1C DEB          
1 31658U 99025CBQ 26275.94536580  .00003188  00000+0  17692-2 0  9996
2 31658  98.1457  98.3438 0212168 208.5350 150.4071 14.01033596739332
FENGYUN 1C DEB          
1 31660U 99025CBS 26276.26098133  .00000786  00000+0  31643-3 0  9996
2 31660  98.5156 274.9868 0101830  37.4600 323.3622 14.27906699121186
FENGYUN 1C DEB          
1 31661U 99025CBT 26276.21154081  .00001618  00000+0  66962-3 0  9994
2 31661  98.8494   3.5122 0057667  93.9837 296.2128 14.27150458999110
FENGYUN 1C DEB          
1 31663U 99025CBV 26276.08504157  .00002015  00000+0  21729-3 0  9998
2 31663  98.8454 217.1707 0187551  31.0268 330.1859 14.77771343 36193
FENGYUN 1C DEB          
1 31664U 99025CBW 26275.76369482  .00000411  00000+0  23597-3 0  9996
2 31664  98.7749 264.9943 0125249  46.0129 315.1288 14.10678609  1290
FENGYUN 1C DEB          
1 31665U 99025CBX 26275.99521161  .00000921  00000+0  73019-3 0  9996
2 31665  98.4303 294.8141 0188145  99.9276 262.3175 13.85555824972659
FENGYUN 1C DEB          
1 31666U 99025CBY 26275.95338803  .00021879  00000+0  15993-2 0  9993
2 31666  98.6611  99.8627 0015255 274.9391  85.0090 15.03563109 16326
FENGYUN 1C DEB          
1 31667U 99025CBZ 26276.45140607  .00000239  00000+0  12372-3 0  9999
2 31667  99.0487 142.5698 0050495 323.7390  36.0369 14.23792865601862
FENGYUN 1C DEB          
1 31670U 99025CCC 26275.79587830  .00001074  00000+0  97491-3 0  9995
2 31670  98.4115 120.4429 0242906 229.9578 128.0039 13.72970522663460
FENGYUN 1C DEB          
1 31672U 99025CCE 26276.33212645  .00002810  00000+0  62982-3 0  9993
2 31672  98.9390 128.8158 0100196 171.9433 188.3400 14.54443728691492
FENGYUN 1C DEB          
1 31673U 99025CCF 26276.36985421  .00000252  00000+0  10413-3 0  9996
2 31673  99.3457 139.1940 0123638 280.0977  78.6275 14.32291533691084
FENGYUN 1C DEB          
1 31674U 99025CCG 26273.44217988  .00004316  00000+0  95962-3 0  9996
2 31674  98.9169 334.2532 0024307 125.4712 234.8757 14.57374748688564
FENGYUN 1C DEB          
1 31678U 99025CCL 26276.09116298  .00005718  00000+0  84431-3 0  9992
2 31678  98.8254  46.6945 0245844 210.7145 147.9468 14.57226800 11000
FENGYUN 1C DEB          
1 31680U 99025CCN 26276.31965475  .00039183  00000+0  66080-3 0  9992
2 31680  99.8413 128.2387 0041884  23.8102 336.5067 15.50569657 46982
FENGYUN 1C DEB          
1 31685U 99025CCT 26275.27205322  .00000126  00000+0  95467-4 0  9996
2 31685  98.7093 295.3169 0017640 115.5318 244.7679 14.09746527992259
FENGYUN 1C DEB          
1 31686U 99025CCU 26275.50402991  .00004413  00000+0  35684-3 0  9991
2 31686  98.1212 353.8082 0265930 228.4931 200.5214 14.76611080 21407
FENGYUN 1C DEB          
1 31688U 99025CCW 26275.42407939  .00000063  00000+0  67443-4 0  9997
2 31688  98.9247 329.0677 0075242  46.5351 314.2040 14.02424736993946
FENGYUN 1C DEB          
1 31691U 99025CCZ 26274.48327749  .00002163  00000+0  86310-3 0  9992
2 31691  98.8773  10.4826 0059553 112.2509 248.5002 14.28595644682883
FENGYUN 1C DEB          
1 31692U 99025CDA 26275.26973595  .00002772  00000+0  12481-2 0  9999
2 31692  99.1781 287.6455 0083937 329.4526  30.1776 14.21295599623750
FENGYUN 1C DEB          
1 31695U 99025CDD 26271.55199359  .00003975  00000+0  43719-3 0  9993
2 31695  98.2559   7.6537 0160610  21.8538 338.9422 14.79230366702497
FENGYUN 1C DEB          
1 31715U 99025CDN 26275.37397179  .00001700  00000+0  33505-3 0  9996
2 31715  99.2683 140.9064 0181262 321.8656  36.9824 14.54262691659823
FENGYUN 1C DEB          
1 31716U 99025CDP 26267.15947454  .00001431  00000+0  85175-3 0  9992
2 31716  98.5346 154.4633 0130440   7.5877 145.1734 14.04722494981254
FENGYUN 1C DEB          
1 31717U 99025CDQ 26271.45791725  .00003251  00000+0  14134-2 0  9997
2 31717  96.9295 353.2125 0157249 226.8649 131.9294 14.18157979987530
FENGYUN 1C DEB          
1 31720U 99025CDT 26275.59049527  .00002813  00000+0  39893-3 0  9999
2 31720  99.0596 226.3677 0092727 290.8649  68.2647 14.75092586 25480
FENGYUN 1C DEB          
1 31721U 99025CDU 26276.21284931  .00000258  00000+0  22391-3 0  9996
2 31721  99.8081 268.5753 0317099 142.8998 283.2057 13.74133418714304
FENGYUN 1C DEB          
1 31724U 99025CDX 26275.74213015  .00007383  00000+0  14844-2 0  9990
2 31724  97.8589 268.3108 0140031  48.1513 313.1540 14.55790978687614
FENGYUN 1C DEB          
1 31725U 99025CDY 26275.70706193  .00000538  00000+0  92023-3 0  9992
2 31725  99.1807  85.0475 0686952  33.8825 330.4255 12.79886279902415
FENGYUN 1C DEB          
1 31726U 99025CDZ 26275.83850405  .00000550  00000+0  24564-3 0  9992
2 31726  98.6859 295.2782 0231875 237.6452 300.1644 14.13418699681993
FENGYUN 1C DEB          
1 31727U 99025CEA 26276.58450439  .00003083  00000+0  98010-3 0  9990
2 31727  98.8777  43.5966 0032269 186.8346 234.1145 14.40366128759094
FENGYUN 1C DEB          
1 31731U 99025CEE 26276.17137211  .00002293  00000+0  70070-3 0  9998
2 31731  99.2913 355.3569 0009804 310.8555  49.1782 14.42926424   733
FENGYUN 1C DEB          
1 31732U 99025CEF 26276.35782484  .00000305  00000+0  18540-3 0  9993
2 31732  98.5437 302.8943 0041318 123.5216 236.9914 14.12558453684897
FENGYUN 1C DEB          
1 31734U 99025CEH 26276.25376024  .00000371  00000+0  15346-3 0  9997
2 31734  98.5172 266.4582 0101737 219.6843 139.6864 14.29557592  6166
FENGYUN 1C DEB          
1 31735U 99025CEJ 26276.25439158  .00001318  00000+0  39067-3 0  9994
2 31735  98.5921  26.8696 0059767 119.5950 241.1214 14.43993853  9065
FENGYUN 1C DEB          
1 31736U 99025CEK 26272.82441311  .00000101  00000+0  75347-4 0  9999
2 31736  98.6878 271.5890 0012806 127.8638 232.3696 14.14333366681798
FENGYUN 1C DEB          
1 31737U 99025CEL 26275.88434147  .00001432  00000+0  20764-3 0  9998
2 31737  97.8875 305.1940 0144571 155.0606 330.9167 14.70682060 25217
FENGYUN 1C DEB          
1 31738U 99025CEM 26275.43909446  .00000758  00000+0  48376-3 0  9998
2 31738  99.3401 347.4606 0303673  35.2720 326.8123 13.86158874663259
FENGYUN 1C DEB          
1 31739U 99025CEN 26276.40404152  .00000050  00000+0  41800-4 0  9992
2 31739  98.7063 332.3648 0126330 310.6622  48.3627 14.19333092996663
FENGYUN 1C DEB          
1 31740U 99025CEP 26274.09485432  .00001561  00000+0  47056-3 0  9993
2 31740  99.8102 134.8297 0024060 307.4310 205.0033 14.44102434692928
FENGYUN 1C DEB          
1 31741U 99025CEQ 26276.07357637  .00001533  00000+0  49564-3 0  9994
2 31741  99.0786 219.9557 0172205 295.4459  62.8991 14.32633384 64327
FENGYUN 1C DEB          
1 31742U 99025CER 26276.11458422  .00000732  00000+0  23629-3 0  9998
2 31742  98.8824 152.7474 0074897 176.3252 183.8501 14.40731264  8825
FENGYUN 1C DEB          
1 31743U 99025CES 26276.09628652  .00002462  00000+0  89821-3 0  9998
2 31743  99.1567 225.2352 0038866  82.1534 340.2479 14.33621203998552
FENGYUN 1C DEB          
1 31744U 99025CET 26276.10316306  .00003129  00000+0  93237-3 0  9998
2 31744  99.3246  47.3640 0302612 291.5678  65.3501 14.20631369987896
FENGYUN 1C DEB          
1 31746U 99025CEV 26275.38639388  .00014234  00000+0  13785-2 0  9995
2 31746  98.6038  66.1409 0016908 339.7380  20.3163 14.92748766 12169
FENGYUN 1C DEB          
1 31752U 99025CFB 26275.41041939  .00001553  00000+0  71534-3 0  9992
2 31752  98.9556 345.1814 0351503 247.3211 109.0434 13.94641399976827
FENGYUN 1C DEB          
1 31753U 99025CFC 26276.36788410  .00000209  00000+0  10601-3 0  9995
2 31753  98.6012 306.3093 0159102  44.6774 329.2210 14.18948419  1864
FENGYUN 1C DEB          
1 31754U 99025CFD 26275.93549782  .00001467  00000+0  43779-3 0  9994
2 31754  99.0652 264.5490 0050263  66.9329 293.7148 14.43940146 11994
FENGYUN 1C DEB          
1 31755U 99025CFE 26273.80798906  .00000220  00000+0  13096-3 0  9998
2 31755  98.8054 263.6902 0187188 277.8439 206.2375 14.08652642677832
FENGYUN 1C DEB          
1 31756U 99025CFF 26273.73759946  .00002844  00000+0  72492-3 0  9991
2 31756  99.3683  84.4596 0039014  14.8745 345.3584 14.51062923649413
FENGYUN 1C DEB          
1 31757U 99025CFG 26273.76222844  .00000236  00000+0  13250-3 0  9997
2 31757  98.7497 292.4278 0216024 339.7602  19.5100 14.08159907679910
FENGYUN 1C DEB          
1 31758U 99025CFH 26272.94526997  .00004685  00000+0  72182-3 0  9994
2 31758  98.0621 273.2148 0290589 277.1255  79.6986 14.49332660984094
FENGYUN 1C DEB          
1 31760U 99025CFK 26276.58363390  .00000727  00000+0  29044-3 0  9999
2 31760  99.2702  38.1718 0052359  68.8034 291.8730 14.31029888  3309
FENGYUN 1C DEB          
1 31761U 99025CFL 26276.33606511  .00002366  00000+0  54983-3 0  9999
2 31761  98.6002 131.9151 0461318 149.2522 213.6566 14.06402921622484
FENGYUN 1C DEB          
1 31763U 99025CFN 26275.46714436  .00000208  00000+0  14812-3 0  9990
2 31763  98.5142 348.3243 0544133  28.0883 346.4935 13.50973477949717
FENGYUN 1C DEB          
1 31766U 99025CFR 26276.22475362 -.00000001  00000+0  25474-4 0  9999
2 31766  98.8313 271.1981 0074073 184.5581 175.4921 14.05411182682225
FENGYUN 1C DEB          
1 31767U 99025CFS 26275.89419064  .00000255  00000+0  18332-3 0  9993
2 31767  98.7934 302.0185 0040199 326.1018 156.0444 14.05096264989567
FENGYUN 1C DEB          
1 31768U 99025CFT 26275.56544009  .00010287  00000+0  11507-2 0  9998
2 31768  99.0367  30.9673 0022558 136.7881 235.9194 14.86965211 12161
FENGYUN 1C DEB          
1 31769U 99025CFU 26270.25225442  .00006826  00000+0  20536-2 0  9993
2 31769  98.4362 276.9660 0063235 311.3114  48.2642 14.41761118682847
FENGYUN 1C DEB          
1 31772U 99025CFX 26273.17259378  .00001194  00000+0  60807-3 0  9995
2 31772  98.4653 179.8750 0136881 359.8601   0.2512 14.12808741749975
FENGYUN 1C DEB          
1 31773U 99025CFY 26263.80679021  .00006714  00000+0  88810-3 0  9993
2 31773  98.9484 290.3158 0034618  18.4965 341.7493 14.79927445693380
FENGYUN 1C DEB          
1 31774U 99025CFZ 26275.95166928  .00001318  00000+0  60687-3 0  9997
2 31774  98.7479 322.5565 0058821  84.8049 275.9837 14.21863788671848
FENGYUN 1C DEB          
1 31776U 99025CGB 26276.43648580  .00001361  00000+0  65273-3 0  9996
2 31776  99.0552 347.9313 0054440 213.9670 208.5046 14.19949269990615
FENGYUN 1C DEB          
1 31779U 99025CGE 26275.61703625  .00000941  00000+0  23137-3 0  9996
2 31779  99.3191 227.2148 0212205  40.8416 320.8458 14.42379943 11910
FENGYUN 1C DEB          
1 31780U 99025CGF 26275.83531885  .00001233  00000+0  18149-3 0  9991
2 31780  99.2998 114.5050 0146208 229.8100 129.0229 14.70846125 28076
FENGYUN 1C DEB          
1 31781U 99025CGG 26275.80766829  .00002916  00000+0  12464-2 0  9999
2 31781  99.5002 110.9303 0190802 172.5312 187.8775 14.16511171725077
FENGYUN 1C DEB          
1 31782U 99025CGH 26275.73111321  .00000544  00000+0  19346-3 0  9995
2 31782  98.9302  92.3703 0078269 210.8612 212.0341 14.36868570  8919
FENGYUN 1C DEB          
1 31783U 99025CGJ 26275.75722137  .00000438  00000+0  26295-3 0  9994
2 31783  98.6080 276.3216 0101783 295.2222 239.4997 14.09317133933613
FENGYUN 1C DEB          
1 31788U 99025CGP 26275.89265740  .00001280  00000+0  11750-2 0  9991
2 31788 102.5518 138.2912 0458103 158.3589 217.4257 13.46517756945626
FENGYUN 1C DEB          
1 31804U 99025CGS 26262.65991053  .00001526  00000+0  75637-3 0  9991
2 31804  98.3038  55.8153 0136738  55.1843 306.2107 14.13758610676295
FENGYUN 1C DEB          
1 31805U 99025CGT 26276.19712138  .00005957  00000+0  15191-2 0  9991
2 31805  98.3905 244.1008 0432875  40.1945 323.0405 14.06934327664994
FENGYUN 1C DEB          
1 31807U 99025CGV 26276.17778342  .00000999  00000+0  23614-3 0  9991
2 31807  99.1120  76.8818 0102364 358.4558   1.6305 14.53644005695811
FENGYUN 1C DEB          
1 31808U 99025CGW 26275.88382109  .00010147  00000+0  17268-2 0  9994
2 31808  99.1971 141.9194 0035540 327.6829  32.2195 14.68895009619065
FENGYUN 1C DEB          
1 31810U 99025CGY 26275.27042385  .00001306  00000+0  28291-3 0  9995
2 31810  98.2583 288.7223 0208744 325.6171  33.1658 14.47314012686588
FENGYUN 1C DEB          
1 31813U 99025CHB 26275.55462885  .00001366  00000+0  32188-3 0  9996
2 31813  99.4320  34.8909 0134704 182.9074 177.1349 14.50922220 15092
FENGYUN 1C DEB          
1 31814U 99025CHC 26275.88172267  .00000256  00000+0  30021-3 0  9996
2 31814  99.5383 327.1458 0229956 179.9359 180.1853 13.66745959658170
FENGYUN 1C DEB          
1 31815U 99025CHD 26276.24885200  .00000073  00000+0  65025-4 0  9996
2 31815  98.7975 260.7504 0057693 268.0502  91.4061 14.10333144996900
FENGYUN 1C DEB          
1 31816U 99025CHE 26276.27546285  .00000436  00000+0  33585-3 0  9995
2 31816  99.0010  27.9572 0119681  68.9331 321.1189 13.94880837977995
FENGYUN 1C DEB          
1 31817U 99025CHF 26276.34083934  .00002405  00000+0  40872-3 0  9996
2 31817  98.9144 303.8109 0056949 243.6134 115.9216 14.69182907757277
FENGYUN 1C DEB          
1 31819U 99025CHH 26275.78465544  .00000322  00000+0  13398-3 0  9995
2 31819  98.4965 264.9667 0086808 171.5387 188.7284 14.30652440  8811
FENGYUN 1C DEB          
1 31820U 99025CHJ 26276.07154578  .00006807  00000+0  45561-3 0  9993
2 31820  98.9333 134.6441 0135279 138.4386 222.7214 15.00078054 26192
FENGYUN 1C DEB          
1 31821U 99025CHK 26276.10455699  .00008564  00000+0  17109-2 0  9994
2 31821  98.1450 155.6350 0186443 192.7531 166.8915 14.51650250979193
FENGYUN 1C DEB          
1 31823U 99025CHM 26276.62633682  .00003344  00000+0  54514-3 0  9996
2 31823  99.5185  55.7738 0035214  40.4873 319.8939 14.71434815 10452
FENGYUN 1C DEB          
1 31825U 99025CHP 26276.22635123  .00000433  00000+0  18715-3 0  9995
2 31825  98.6026 273.5567 0164036 203.1299 156.2436 14.22313672998074
FENGYUN 1C DEB          
1 31826U 99025CHQ 26276.21720088  .00000466  00000+0  22216-3 0  9997
2 31826  98.6487 265.1881 0124711  60.1334   3.0942 14.19737232999923
FENGYUN 1C DEB          
1 31829U 99025CHT 26275.68930796  .00000220  00000+0  19191-3 0  9995
2 31829  98.8691  75.9070 0169411  83.5787 291.0939 13.88940052982286
FENGYUN 1C DEB          
1 31830U 99025CHU 26276.26330006  .00001366  00000+0  11031-2 0  9996
2 31830  99.1694  19.8567 0184025 245.8314 140.4580 13.84520950968145
FENGYUN 1C DEB          
1 31834U 99025CHY 26275.83025321  .00000227  00000+0  15210-3 0  9992
2 31834  98.3380 117.2738 0160773 325.0396  34.0298 14.03460295678352
FENGYUN 1C DEB          
1 31836U 99025CJA 26276.34188179  .00002342  00000+0  12280-2 0  9995
2 31836  98.6264 234.7804 0113973 359.4364   0.6662 14.11863791655584
FENGYUN 1C DEB          
1 31837U 99025CJB 26271.97483297  .00005619  00000+0  58618-3 0  9995
2 31837  98.0801 356.9936 0085815 151.6356 208.9571 14.87444383 26607
FENGYUN 1C DEB          
1 31838U 99025CJC 26276.40148439  .00000683  00000+0  32778-3 0  9990
2 31838  98.6898 327.9657 0036339 323.7315  48.8469 14.21839974687637
FENGYUN 1C DEB          
1 31841U 99025CJF 26275.70823380  .00003139  00000+0  12885-2 0  9996
2 31841  98.4490  69.3023 0302621 191.1269 184.0483 14.05779691634672
FENGYUN 1C DEB          
1 31843U 99025CJH 26275.00082256  .00003883  00000+0  23969-2 0  9991
2 31843  99.2912 196.2634 0630695 349.3363   9.4897 13.36386706686105
FENGYUN 1C DEB          
1 31844U 99025CJJ 26274.08564851  .00000683  00000+0  32709-3 0  9993
2 31844 100.2968 315.5439 0101294 270.4760  88.4805 14.20623286994820
FENGYUN 1C DEB          
1 31847U 99025CJM 26276.43781603  .00001774  00000+0  90343-3 0  9993
2 31847  99.0174 356.9454 0083210 124.4685 236.4385 14.15295458611288
FENGYUN 1C DEB          
1 31851U 99025CJR 26272.35366662  .00001666  00000+0  13017-2 0  9991
2 31851  98.7782 113.9035 0196048 214.1938 144.6465 13.84922016654886
FENGYUN 1C DEB          
1 31854U 99025CJU 26276.21912769  .00000604  00000+0  40412-3 0  9999
2 31854  98.8552 276.4612 0072644  40.1055 320.5443 14.03394341734025
FENGYUN 1C DEB          
1 31857U 99025CJX 26276.05487210  .00000833  00000+0  79857-3 0  9991
2 31857  96.1911 203.9137 0304435 181.8015 178.2066 13.62884385656376
FENGYUN 1C DEB          
1 31861U 99025CKB 26276.46669421  .00000535  00000+0  63866-3 0  9999
2 31861 102.3297 173.1432 0491831 285.7850  68.9570 13.31398638706886
FENGYUN 1C DEB          
1 31877U 99025CKC 26276.56852814  .00007997  00000+0  46468-3 0  9995
2 31877  99.0046  40.5323 0090204  33.5838 327.1059 15.09015604 34777
FENGYUN 1C DEB          
1 31878U 99025CKD 26274.21259821  .00004841  00000+0  45876-3 0  9992
2 31878  99.4650 259.2756 0076681  38.1394 322.5212 14.92017027 24167
FENGYUN 1C DEB          
1 31879U 99025CKE 26276.58533843  .00000505  00000+0  13110-3 0  9993
2 31879  99.6868 200.7612 0206265 260.5266  97.2554 14.43654728674634
FENGYUN 1C DEB          
1 31880U 99025CKF 26276.24786174  .00000512  00000+0  42779-3 0  9996
2 31880 100.0431 106.9982 0127589  98.3922 263.1721 13.89864687670703
FENGYUN 1C DEB          
1 31882U 99025CKH 26276.57805548  .00000612  00000+0  34607-3 0  9993
2 31882  98.9211 203.1936 0037038 107.9118 252.6098 14.13565778628012
FENGYUN 1C DEB          
1 31883U 99025CKJ 26276.60240277  .00001770  00000+0  27438-3 0  9990
2 31883  99.0449 229.2686 0117801 237.8764 121.0963 14.70188141 22933
FENGYUN 1C DEB          
1 31887U 99025CKN 26276.22630332  .00003407  00000+0  70014-3 0  9994
2 31887  99.5222  16.1412 0022374 199.2681 160.7672 14.61279554  8996
FENGYUN 1C DEB          
1 31888U 99025CKP 26276.08604191  .00002769  00000+0  95464-3 0  9999
2 31888  99.1664 225.4980 0020157  74.7662 285.5750 14.36663433998605
FENGYUN 1C DEB          
1 31890U 99025CKR 26275.75760930  .00000078  00000+0  66183-4 0  9997
2 31890  98.7147 283.2490 0073304 128.6518 232.1243 14.10247376682968
FENGYUN 1C DEB          
1 31891U 99025CKS 26275.97483315  .00000284  00000+0  33064-3 0  9991
2 31891  99.3927 287.5651 0224595 143.7920 217.8666 13.66466029964288
FENGYUN 1C DEB          
1 31892U 99025CKT 26274.79924604  .00000990  00000+0  25199-3 0  9996
2 31892  99.2914 115.6412 0196554 146.2825 215.1047 14.42354579691298
FENGYUN 1C DEB          
1 31893U 99025CKU 26275.74888243  .00000418  00000+0  73531-4 0  9990
2 31893  99.1033 269.5166 0173441 145.8166  28.1654 14.64719546 26952
FENGYUN 1C DEB          
1 31895U 99025CKW 26275.79577197  .00001343  00000+0  11698-2 0  9992
2 31895  99.0761 296.4207 0224550 170.0533 190.5174 13.76722540659416
FENGYUN 1C DEB          
1 31898U 99025CKZ 26276.42786731  .00003329  00000+0  46979-3 0  9999
2 31898  98.6692 165.4840 0138632  18.4313 342.1844 14.71565842700424
FENGYUN 1C DEB          
1 31899U 99025CLA 26275.67902562  .00001337  00000+0  11031-2 0  9995
2 31899 102.0845  66.5082 0183231 171.7711 188.6508 13.84278651716300
FENGYUN 1C DEB          
1 31901U 99025CLC 26276.30701850  .00000091  00000+0  90752-4 0  9992
2 31901  98.6372 222.9784 0132474  94.3953 267.2358 13.94282422675120
FENGYUN 1C DEB          
1 31902U 99025CLD 26274.41978416  .00000449  00000+0  18310-3 0  9993
2 31902  98.5401 250.3939 0179991  16.6524 134.6355 14.23684853689559
FENGYUN 1C DEB          
1 31903U 99025CLE 26275.84675009  .00001023  00000+0  19361-3 0  9990
2 31903  99.2733 304.9098 0125101 224.2127 134.9022 14.62210928 16759
FENGYUN 1C DEB          
1 31905U 99025CLG 26275.79978258  .00000905  00000+0  27894-3 0  9996
2 31905  99.1744 274.5626 0192725 319.1319  39.5547 14.34170882  8165
FENGYUN 1C DEB          
1 31906U 99025CLH 26276.34487905  .00001371  00000+0  57517-3 0  9996
2 31906  98.7028  52.3336 0051484 341.2381  39.7412 14.26854381993280
FENGYUN 1C DEB          
1 31910U 99025CLM 26273.72490198  .00002288  00000+0  44337-3 0  9992
2 31910  97.6598 273.3317 0220170 328.1098  30.6923 14.49867972685974
FENGYUN 1C DEB          
1 31913U 99025CLQ 26270.01527018  .00001724  00000+0  11598-2 0  9992
2 31913  99.2909 197.0782 0190379 250.4898 107.5613 13.93640552598997
FENGYUN 1C DEB          
1 31914U 99025CLR 26276.44417364  .00000340  00000+0  74161-4 0  9998
2 31914  98.9850 167.9056 0179995 256.4884 101.6201 14.56135988727614
FENGYUN 1C DEB          
1 31915U 99025CLS 26276.30686300  .00000751  00000+0  37518-3 0  9992
2 31915  98.6191 290.1624 0101480 143.1938 217.6261 14.17014077682780
FENGYUN 1C DEB          
1 31916U 99025CLT 26276.04837822  .00001643  00000+0  53761-3 0  9990
2 31916  99.3329  29.1250 0141070 324.9650  34.2313 14.34588958687448
FENGYUN 1C DEB          
1 31917U 99025CLU 26275.80721157  .00000538  00000+0  15574-3 0  9999
2 31917  98.3809 266.3266 0188736 131.0573 352.4350 14.38515418  5843
FENGYUN 1C DEB          
1 31919U 99025CLW 26276.27775669  .00000451  00000+0  13197-3 0  9993
2 31919  99.1377  85.8982 0102040  52.5659  71.6741 14.46482744 13396
FENGYUN 1C DEB          
1 31921U 99025CLY 26273.15876258  .00000813  00000+0  76375-3 0  9995
2 31921  99.3186 164.5465 0199868 219.6735 138.9648 13.75923212963135
FENGYUN 1C DEB          
1 31922U 99025CLZ 26276.41300218  .00001031  00000+0  82101-3 0  9993
2 31922  98.8299 256.3178 0158447 305.2290 209.3022 13.87668818971029
FENGYUN 1C DEB          
1 31923U 99025CMA 26276.12357220  .00000676  00000+0  77349-3 0  9999
2 31923  98.4217 332.5214 0298137 255.9774 100.8058 13.55461446676224
FENGYUN 1C DEB          
1 31924U 99025CMB 26276.29416475  .00000528  00000+0  54525-3 0  9993
2 31924  98.4211  39.6147 0269072  36.4651 325.4493 13.64812779954845
FENGYUN 1C DEB          
1 31926U 99025CMD 26276.27936501  .00002804  00000+0  10210-2 0  9991
2 31926  98.9597  26.1271 0038720 119.5740 240.9311 14.33580464994444
FENGYUN 1C DEB          
1 31929U 99025CME 26276.62835024  .00000657  00000+0  23707-3 0  9991
2 31929  98.8298  57.1085 0071955 265.8950  93.4008 14.35664817748769
FENGYUN 1C DEB          
1 31931U 99025CMG 26276.42788116  .00000127  00000+0  16419-3 0  9995
2 31931  97.8110 166.7913 0420815 223.2490 133.4887 13.42981130691776
FENGYUN 1C DEB          
1 31937U 99025CMN 26271.12081710  .00004484  00000+0  46362-3 0  9999
2 31937  99.2743  50.0923 0152776 112.9720 248.7689 14.82465014703513
FENGYUN 1C DEB          
1 31938U 99025CMP 26274.17871520  .00003693  00000+0  25438-3 0  9996
2 31938  98.8980 351.4703 0142773 196.8849 162.7593 14.98711033 35053
FENGYUN 1C DEB          
1 31944U 99025CMV 26275.27198096  .00000553  00000+0  29309-3 0  9998
2 31944  99.2377  76.1956 0150118 261.6467 221.4806 14.12461562670538
FENGYUN 1C DEB          
1 31945U 99025CMW 26274.68361219  .00001550  00000+0  70247-3 0  9997
2 31945  98.9513   0.3421 0060970 167.6111 192.6581 14.22457857993585
FENGYUN 1C DEB          
1 31946U 99025CMX 26276.43198426  .00001369  00000+0  67193-3 0  9995
2 31946  98.8844 341.6465 0080674 287.1198  72.1154 14.17768524681826
FENGYUN 1C DEB          
1 31948U 99025CMZ 26276.05716941  .00001812  00000+0  71920-3 0  9999
2 31948  99.3791   3.8598 0022776 253.3295 231.3157 14.30045569992325
FENGYUN 1C DEB          
1 31949U 99025CNA 26276.19420018  .00000376  00000+0  19046-3 0  9997
2 31949  98.5753 255.8610 0127077  84.4538 277.1115 14.17294237996758
FENGYUN 1C DEB          
1 31952U 99025CND 26276.36851751  .00001151  00000+0  25924-3 0  9996
2 31952  98.9912  59.5443 0113478 121.7134 239.5182 14.54680683 14801
FENGYUN 1C DEB          
1 31955U 99025CNG 26275.62034902  .00004814  00000+0  82988-3 0  9990
2 31955  99.2614 195.3337 0043272   5.6466 114.1149 14.68467055  8658
FENGYUN 1C DEB          
1 31959U 99025CNL 26274.38151649  .00003655  00000+0  92876-3 0  9993
2 31959  98.4965 152.8251 0028790 350.8131   9.2533 14.51107454685925
FENGYUN 1C DEB          
1 31964U 99025CNR 26275.35320393  .00005797  00000+0  10925-2 0  9994
2 31964  98.7185  59.6371 0027509 204.7331 155.2553 14.64709500718005
FENGYUN 1C DEB          
1 31966U 99025CNT 26276.24006844  .00002374  00000+0  37766-3 0  9998
2 31966  99.0361 104.8522 0082386  84.0035 277.0550 14.70934909700687
FENGYUN 1C DEB          
1 31972U 99025CNZ 26276.11947406 -.00000045  00000+0  12706-5 0  9992
2 31972  99.1723 327.8665 0075582 292.5779  94.2520 14.07651872991024
FENGYUN 1C DEB          
1 31974U 99025CPB 26274.97685619  .00002095  00000+0  77225-3 0  9992
2 31974  98.3766 280.6256 0069893 151.7713 208.7288 14.32174596736164
FENGYUN 1C DEB          
1 31977U 99025CPE 26270.17124005  .00002112  00000+0  14552-2 0  9993
2 31977  98.2129  41.8982 0272193 151.8084 209.8118 13.83807218662007
FENGYUN 1C DEB          
1 31978U 99025CPF 26276.27714811  .00000596  00000+0  63190-3 0  9998
2 31978  98.4057  36.3176 0261828 350.2445   9.3674 13.63791961956048
FENGYUN 1C DEB          
1 31979U 99025CPG 26273.97248521  .00002171  00000+0  19445-2 0  9997
2 31979  99.3757   4.4656 0263634 241.1245 116.3216 13.70871333619146
FENGYUN 1C DEB          
1 31980U 99025CPH 26267.27039311  .00000327  00000+0  43227-3 0  9997
2 31980  97.5839 284.2315 0428574  99.7723 265.2070 13.32390214934721
FENGYUN 1C DEB          
1 31984U 99025CPM 26264.22654397  .00000390  00000+0  18653-3 0  9995
2 31984  98.5634 265.8333 0063984 125.4871 235.2301 14.23363060983914
FENGYUN 1C DEB          
1 31985U 99025CPN 26274.46770217  .00000295  00000+0  13080-3 0  9996
2 31985  98.1870 161.1075 0152064 106.3933 255.4025 14.23340071997749
FENGYUN 1C DEB          
1 31986U 99025CPP 26272.15469388  .00000409  00000+0  22054-3 0  9993
2 31986  99.7505 242.9371 0124291  75.6459 285.8473 14.14999427706850
FENGYUN 1C DEB          
1 31987U 99025CPQ 26275.73647655  .00001485  00000+0  41818-3 0  9990
2 31987  99.0591 273.9401 0050864   5.6717 167.5830 14.46735061  6124
FENGYUN 1C DEB          
1 31988U 99025CPR 26274.39658542  .00001647  00000+0  74483-3 0  9993
2 31988  98.1145 325.5024 0061634 149.7822 210.6935 14.22242627683109
FENGYUN 1C DEB          
1 31989U 99025CPS 26274.68446373  .00000240  00000+0  20441-3 0  9996
2 31989  99.1779 339.2758 0115445 222.3396 291.4974 13.93967610977989
FENGYUN 1C DEB          
1 31990U 99025CPT 26275.83080039  .00000105  00000+0  16163-3 0  9995
2 31990  99.1481 283.2564 0260219 151.1746 334.4914 13.57333050667615
FENGYUN 1C DEB          
1 31991U 99025CPU 26273.81880877  .00000037  00000+0  92591-4 0  9994
2 31991 100.4649 129.1286 0244770  53.4922 308.8493 13.61355362660616
FENGYUN 1C DEB          
1 31992U 99025CPV 26257.53474262  .00000620  00000+0  70559-3 0  9990
2 31992  99.1884 190.6366 0541980  81.3101 284.8998 13.23342726575229
FENGYUN 1C DEB          
1 31993U 99025CPW 26276.57976465  .00001413  00000+0  19681-2 0  9997
2 31993  99.2255 222.9946 0419585 137.1892 226.2723 13.28225802928563
FENGYUN 1C DEB          
1 31994U 99025CPX 26276.19529794 -.00000069  00000+0 -19641-4 0  9991
2 31994  98.5663 254.4837 0162456  47.4639 314.0111 13.95872783609048
FENGYUN 1C DEB          
1 31996U 99025CPZ 26254.01614681  .00001628  00000+0  16894-2 0  9995
2 31996  99.2977 178.6083 0292454 144.7704 217.3160 13.59849519583874
FENGYUN 1C DEB          
1 31997U 99025CQA 26275.56854967  .00001138  00000+0  12017-2 0  9991
2 31997 102.5089  45.6918 0284180 329.3745  29.1059 13.61666522656815
FENGYUN 1C DEB          
1 32086U 99025CQC 26276.38976465  .00000926  00000+0  80566-3 0  9999
2 32086  99.2628 325.5767 0296970  87.2957 276.2140 13.70043881658144
FENGYUN 1C DEB          
1 32088U 99025CQE 26276.52195967  .00003306  00000+0  41992-2 0  9991
2 32088 102.4003 204.8909 0470521  83.8068 281.6417 13.26025722637507
FENGYUN 1C DEB          
1 32089U 99025CQF 26276.27083275  .00000644  00000+0  33614-3 0  9997
2 32089  98.6591 277.8797 0111376   2.5297 357.6417 14.14686569673798
FENGYUN 1C DEB          
1 32093U 99025CQK 26275.36664653  .00000445  00000+0  15691-3 0  9990
2 32093  98.8842 143.8550 0077671 206.3589 153.3636 14.38220455  6237
FENGYUN 1C DEB          
1 32094U 99025CQL 26267.42008174  .00000332  00000+0  20719-3 0  9991
2 32094  98.7672 255.6261 0034603 176.5822 183.5592 14.11060046983931
FENGYUN 1C DEB          
1 32095U 99025CQM 26274.30386731  .00000251  00000+0  14388-3 0  9990
2 32095  98.6313 286.1302 0077351 333.4022  26.3193 14.16334118989588
FENGYUN 1C DEB          
1 32096U 99025CQN 26272.82290744  .00000468  00000+0  37826-3 0  9996
2 32096  99.0481 299.5944 0135959  71.4487 290.1387 13.90865618969076
FENGYUN 1C DEB          
1 32098U 99025CQQ 26275.20794184  .00000465  00000+0  19633-3 0  9993
2 32098  98.6337 265.6342 0194112 351.3607   8.4245 14.20716119683946
FENGYUN 1C DEB          
1 32101U 99025CQT 26275.94920667  .00001833  00000+0  11362-2 0  9996
2 32101  99.0205 177.4308 0117513 140.8239 220.1507 14.03045694973067
FENGYUN 1C DEB          
1 32105U 99025CQX 26250.04864581  .00002194  00000+0  25577-2 0  9990
2 32105 103.4615 334.6214 0398173 236.3239 119.9308 13.41255234633075
FENGYUN 1C DEB          
1 32106U 99025CQY 26272.98046829  .00002830  00000+0  10413-2 0  9995
2 32106 101.4652 340.5008 0099557 349.8741  10.0425 14.31116938735536
FENGYUN 1C DEB          
1 32109U 99025CRB 26276.38155292  .00000435  00000+0  13459-3 0  9994
2 32109  98.3196 151.0048 0204621 152.8427 208.3640 14.34645793691124
FENGYUN 1C DEB          
1 32110U 99025CRC 26276.32288564  .00001476  00000+0  58055-3 0  9996
2 32110  99.5438 118.8339 0031595 248.1565 288.1041 14.30747575685987
FENGYUN 1C DEB          
1 32111U 99025CRD 26276.22997749  .00000312  00000+0  12251-3 0  9994
2 32111  98.4559 273.2456 0120692  54.0360   7.2655 14.31873345  2441
FENGYUN 1C DEB          
1 32113U 99025CRF 26275.82943007  .00000639  00000+0  39817-3 0  9998
2 32113  98.9978 309.0461 0237518 140.4256 221.4516 13.95185844669867
FENGYUN 1C DEB          
1 32114U 99025CRG 26266.34673395  .00008355  00000+0  98410-3 0  9993
2 32114  99.9432  96.0936 0039358 194.1162 165.8949 14.84595269699430
FENGYUN 1C DEB          
1 32117U 99025CRK 26274.56758890  .00001024  00000+0  45382-3 0  9999
2 32117  98.5880 318.7969 0025793 318.7919  41.1313 14.25053255989664
FENGYUN 1C DEB          
1 32119U 99025CRM 26275.95680298  .00000510  00000+0  34750-3 0  9997
2 32119  99.8585 168.3011 0086087 339.4526  20.3183 14.03436361978544
FENGYUN 1C DEB          
1 32123U 99025CRR 26276.36581369  .00000480  00000+0  90132-4 0  9990
2 32123  98.9479 113.5276 0159566 110.3929  12.5229 14.62232992756796
FENGYUN 1C DEB          
1 32125U 99025CRT 26274.33097411  .00005024  00000+0  58454-3 0  9996
2 32125  99.0679 294.4120 0155787 131.7860 229.6780 14.77448599748344
FENGYUN 1C DEB          
1 32126U 99025CRU 26274.33556993  .00000368  00000+0  44566-3 0  9997
2 32126  99.0807 133.8199 0278689 224.8090 133.0240 13.57277710656839
FENGYUN 1C DEB          
1 32127U 99025CRV 26275.08071869  .00000862  00000+0  91732-3 0  9991
2 32127  99.2662 219.9034 0281604 320.4968  37.5943 13.60987626644094
FENGYUN 1C DEB          
1 32128U 99025CRW 26275.87868607  .00000067  00000+0  43993-4 0  9997
2 32128  98.9959 321.0001 0396122 135.3203 228.0607 13.94862614670859
FENGYUN 1C DEB          
1 32129U 99025CRX 26274.86196731  .00003231  00000+0  11977-2 0  9999
2 32129  99.0748  50.5405 0065480 262.6932 249.9677 14.31808334984176
FENGYUN 1C DEB          
1 32130U 99025CRY 26276.31347958  .00000623  00000+0  21252-3 0  9992
2 32130  98.9220  98.8476 0081873 180.3578 179.7563 14.38245685  4617
FENGYUN 1C DEB          
1 32132U 99025CSA 26276.38194817  .00002552  00000+0  59360-3 0  9999
2 32132  98.3554 335.3109 0076844  80.9788 280.0095 14.53956629750769
FENGYUN 1C DEB          
1 32133U 99025CSB 26274.20968240  .00000158  00000+0  96148-4 0  9994
2 32133  98.4462 266.0689 0034884 336.5035  23.4546 14.18275578991209
FENGYUN 1C DEB          
1 32134U 99025CSC 26275.97167742  .00000658  00000+0  22453-3 0  9990
2 32134  98.6016 277.2076 0257953 128.9393 263.7011 14.22513584993299
FENGYUN 1C DEB          
1 32136U 99025CSE 26270.21621723  .00001196  00000+0  39232-3 0  9999
2 32136  98.2813 262.9395 0066928  27.8092 332.6649 14.38827409692379
FENGYUN 1C DEB          
1 32137U 99025CSF 26275.24145740  .00007922  00000+0  68164-3 0  9997
2 32137  98.4788  65.4070 0171161 168.1915 192.3393 14.86992651710854
FENGYUN 1C DEB          
1 32141U 99025CSK 26274.21485284  .00000697  00000+0  45601-3 0  9991
2 32141  98.7536 270.6779 0074654 108.1380 252.7936 14.03998033990479
FENGYUN 1C DEB          
1 32143U 99025CSM 26274.17037902  .00000187  00000+0  10616-3 0  9990
2 32143  98.6325 247.5680 0103129 347.2752  12.5824 14.18183506   724
FENGYUN 1C DEB          
1 32146U 99025CSQ 26275.01170332  .00005908  00000+0  10226-2 0  9994
2 32146  98.9034 110.2742 0055090 255.4050 104.1039 14.67765992993700
FENGYUN 1C DEB          
1 32150U 99025CSU 26275.95844466  .00000339  00000+0  68111-4 0  9999
2 32150  99.1568 335.6228 0168751 253.6465 104.6121 14.61218529 19812
FENGYUN 1C DEB          
1 32152U 99025CSW 26275.75782692  .00002463  00000+0  51259-3 0  9995
2 32152  98.7772  98.2313 0052754  21.9100 338.4338 14.60176663668997
FENGYUN 1C DEB          
1 32153U 99025CSX 26275.87242269  .00000346  00000+0  80812-4 0  9996
2 32153  98.7380 135.0753 0207419  53.7052 308.3101 14.49259798 14795
FENGYUN 1C DEB          
1 32155U 99025CSZ 26276.57943102  .00000618  00000+0  23319-3 0  9990
2 32155  98.9744 221.5571 0070561  97.8171 263.1031 14.33626122744465
FENGYUN 1C DEB          
1 32156U 99025CTA 26272.33647515  .00000357  00000+0  14591-3 0  9992
2 32156  99.3599 109.8113 0080543 300.4036  58.9203 14.32405537689804
FENGYUN 1C DEB          
1 32160U 99025CTE 26273.28721071  .00000735  00000+0  24783-3 0  9996
2 32160  98.9114  85.7908 0080681 217.5673 141.9860 14.38366959    66
FENGYUN 1C DEB          
1 32161U 99025CTF 26276.10574965 -.00000134  00000+0 -55114-4 0  9997
2 32161  98.8403  16.6999 0135263 179.4831 180.6499 14.02107298675548
FENGYUN 1C DEB          
1 32162U 99025CTG 26275.20568714  .00002633  00000+0  49130-3 0  9997
2 32162  99.4369   8.0073 0044384   4.2849 355.8722 14.65433584992122
FENGYUN 1C DEB          
1 32163U 99025CTH 26272.92044849  .00001069  00000+0  32081-3 0  9991
2 32163  99.5278 318.7056 0049126 263.2369  96.3227 14.44501579651786
FENGYUN 1C DEB          
1 32165U 99025CTK 26276.56137133  .00001583  00000+0  92115-3 0  9991
2 32165  98.6263 192.5359 0138640  28.8305 332.0435 14.05239258672728
FENGYUN 1C DEB          
1 32167U 99025CTM 26276.18823698  .00000397  00000+0  14538-3 0  9994
2 32167  98.4938 269.0631 0160985 266.8612  91.4142 14.31549415668872
FENGYUN 1C DEB          
1 32168U 99025CTN 26276.26901410  .00002980  00000+0  20013-2 0  9997
2 32168 101.6569  62.4234 0248536 232.7808 125.0428 13.87959049675633
FENGYUN 1C DEB          
1 32169U 99025CTP 26276.33769535  .00013632  00000+0  17137-2 0  9995
2 32169  98.5376 126.8202 0026812 275.4647  84.3506 14.81966864  9600
FENGYUN 1C DEB          
1 32171U 99025CTR 26276.23791147  .00001688  00000+0  15021-2 0  9999
2 32171 102.8070 258.5309 0479587  86.9913 293.0183 13.44375081645717
FENGYUN 1C DEB          
1 32174U 99025CTU 26262.88215395  .00000211  00000+0  10975-3 0  9999
2 32174  98.5680 320.8543 0151206 155.1763 205.6786 14.18215751680905
FENGYUN 1C DEB          
1 32175U 99025CTV 26272.19527419  .00001486  00000+0  10116-2 0  9999
2 32175  98.8418 253.9430 0144798 242.4049 116.2347 13.96557057638922
FENGYUN 1C DEB          
1 32176U 99025CTW 26270.48646422  .00019346  00000+0  16313-2 0  9995
2 32176  99.3759   0.9284 0023888 198.9599 161.0731 14.98013020657842
FENGYUN 1C DEB          
1 32177U 99025CTX 26275.37784162  .00002222  00000+0  47658-3 0  9995
2 32177  99.0271 314.8289 0047480 232.0075 127.6830 14.59128587753177
FENGYUN 1C DEB          
1 32178U 99025CTY 26276.41213775  .00001080  00000+0  47268-3 0  9997
2 32178 100.2868 332.7197 0093134 231.4843 127.7953 14.24157279681961
FENGYUN 1C DEB          
1 32179U 99025CTZ 26276.10758009 -.00000199  00000+0 -90407-4 0  9994
2 32179  98.8697 323.5091 0146264  88.7493 301.3163 14.03846970698581
FENGYUN 1C DEB          
1 32180U 99025CUA 26274.38734094  .00000002  00000+0  40558-4 0  9995
2 32180  99.5463 323.8793 0136974 159.1749 267.1902 13.82384404983119
FENGYUN 1C DEB          
1 32181U 99025CUB 26276.19425309  .00002014  00000+0  43455-3 0  9996
2 32181  99.4997  65.5509 0070103 285.8556 249.9166 14.58267821 10040
FENGYUN 1C DEB          
1 32183U 99025CUD 26274.56901757  .00000608  00000+0  36125-3 0  9996
2 32183  98.6812 321.2073 0041011 309.4453  50.3092 14.10683896768923
FENGYUN 1C DEB          
1 32185U 99025CUF 26260.24681657  .00542407  00000+0  41905-2 0  9991
2 32185  98.8526 164.7507 0045149 142.8403 217.5994 15.69049923992683
FENGYUN 1C DEB          
1 32186U 99025CUG 26276.40547179  .00000502  00000+0  41907-3 0  9995
2 32186  99.5843 334.7629 0273674 151.3213 225.3610 13.77091021666658
FENGYUN 1C DEB          
1 32187U 99025CUH 26276.17151872  .00000175  00000+0  25591-3 0  9998
2 32187  99.4813 346.9709 0293772 128.1329 264.0305 13.50662313702336
FENGYUN 1C DEB          
1 32191U 99025CUM 26276.43231863  .00001319  00000+0  53886-3 0  9990
2 32191  98.6824 335.2866 0091344  49.7680 311.1447 14.26696328687013
FENGYUN 1C DEB          
1 32192U 99025CUN 26275.01900989  .00000167  00000+0  16534-3 0  9995
2 32192  98.6164 126.7948 0182517  86.4585 275.7426 13.82704991967650
FENGYUN 1C DEB          
1 32195U 99025CUR 26275.21869104  .00000546  00000+0  33296-3 0  9998
2 32195  98.7807 274.8950 0069234 189.8244 170.1576 14.08909590681148
FENGYUN 1C DEB          
1 32197U 99025CUT 26276.25831021  .00000473  00000+0  16402-3 0  9991
2 32197  98.8965 198.4851 0162022  87.6721  64.6122 14.33252499986410
FENGYUN 1C DEB          
1 32198U 99025CUU 26276.09832870  .00001596  00000+0  87986-3 0  9999
2 32198  98.3592  46.9438 0095538 169.0869 191.2406 14.10536463610939
FENGYUN 1C DEB          
1 32200U 99025CUW 26273.08732060  .00001023  00000+0  53000-3 0  9994
2 32200  98.7652 322.8979 0040691 176.8432 183.3007 14.16666797984878
FENGYUN 1C DEB          
1 32203U 99025CUZ 26276.14590173  .00071465  00000+0  47053-3 0  9992
2 32203  96.9663 166.0832 0075563  76.9024 284.0660 15.71446669796727
FENGYUN 1C DEB          
1 32205U 99025CVB 26276.24623632  .00000125  00000+0  88168-4 0  9990
2 32205  98.6854 276.7320 0011195 163.3596 209.2603 14.14074845986600
FENGYUN 1C DEB          
1 32207U 99025CVD 26274.83449338  .00000479  00000+0  16322-3 0  9998
2 32207  99.8801 283.1192 0084587  17.8753 105.5789 14.40178939685257
FENGYUN 1C DEB          
1 32209U 99025CVF 26275.52914129  .00001044  00000+0  12552-2 0  9991
2 32209  99.4323 211.6496 0332759  11.3399 349.5003 13.47928339939332
FENGYUN 1C DEB          
1 32210U 99025CVG 26251.94314257  .00001211  00000+0  66544-3 0  9996
2 32210  98.8485 302.2426 0071895 126.1174 234.6681 14.12265717651999
FENGYUN 1C DEB          
1 32212U 99025CVJ 26274.34616337  .00000686  00000+0  20789-3 0  9997
2 32212  99.5967  50.9971 0134761 309.4455  78.1306 14.41215423  2464
FENGYUN 1C DEB          
1 32214U 99025CVL 26276.31149844  .00001659  00000+0  11576-2 0  9996
2 32214  99.0299 299.5333 0174464 316.7186  55.4692 13.92949809665208
FENGYUN 1C DEB          
1 32218U 99025CVQ 26276.38254858  .00002034  00000+0  44682-3 0  9992
2 32218  98.7876 131.7719 0058921 249.1744 287.1589 14.57706994  5083
FENGYUN 1C DEB          
1 32221U 99025CVT 26276.23731463  .00000392  00000+0  82827-4 0  9991
2 32221  98.6032  81.2301 0143656 318.6914  40.3487 14.59476756 14827
FENGYUN 1C DEB          
1 32222U 99025CVU 26273.18712918  .00014713  00000+0  18925-2 0  9995
2 32222  99.0986 261.3935 0038220  44.4537 315.9728 14.80734599688462
FENGYUN 1C DEB          
1 32223U 99025CVV 26275.19658172  .00001536  00000+0  70084-3 0  9994
2 32223  98.8271 359.5111 0047602 192.0957 197.5987 14.22469966683941
FENGYUN 1C DEB          
1 32224U 99025CVW 26274.36056100  .00000355  00000+0  13879-3 0  9993
2 32224  99.0203 242.4389 0074685 291.4072  67.9155 14.34477627999189
FENGYUN 1C DEB          
1 32225U 99025CVX 26275.41438659  .00000132  00000+0  92086-4 0  9995
2 32225  99.0537 333.0305 0072770  99.6626 261.2775 14.13250177722649
FENGYUN 1C DEB          
1 32230U 99025CWC 26274.98162800  .00005894  00000+0  11527-2 0  9993
2 32230  98.8893  90.1866 0045901 270.4999 241.1980 14.62612807649489
FENGYUN 1C DEB          
1 32234U 99025CWG 26274.51362700  .00000878  00000+0  63267-3 0  9993
2 32234  98.5139 107.0990 0134270 242.6855 116.0584 13.95024029972903
FENGYUN 1C DEB          
1 32241U 99025CWP 26273.88434251  .00001665  00000+0  58611-3 0  9993
2 32241  99.0552 320.3186 0143211  97.6470 264.1002 14.30673920979984
FENGYUN 1C DEB          
1 32242U 99025CWQ 26262.82355764  .00000891  00000+0  72387-3 0  9993
2 32242  97.2579 114.8119 0158491 246.3262 112.1198 13.86182772668156
FENGYUN 1C DEB          
1 32243U 99025CWR 26275.97632549  .00002150  00000+0  96238-3 0  9994
2 32243  98.2577 280.1096 0264509   4.2129 356.1183 14.06597763977226
FENGYUN 1C DEB          
1 32245U 99025CWT 26275.37060577  .00003309  00000+0  40163-3 0  9999
2 32245  98.6295 138.6452 0089971 127.3766 233.5681 14.81472493704486
FENGYUN 1C DEB          
1 32303U 99025CWU 26272.15873698  .00003765  00000+0  15018-2 0  9999
2 32303  97.8120  39.9922 0088902 168.9294 191.3872 14.26870222663730
FENGYUN 1C DEB          
1 32304U 99025CWV 26275.77647673  .00001929  00000+0  47257-3 0  9994
2 32304  99.4229 270.5450 0050104  73.4527 287.2161 14.53101942605402
FENGYUN 1C DEB          
1 32308U 99025CWZ 26275.99572345  .00001062  00000+0  62813-3 0  9998
2 32308  97.7576 292.3011 0105417 288.8199  70.1563 14.06742813695479
FENGYUN 1C DEB          
1 32311U 99025CXC 26269.59340803  .00000392  00000+0  57314-3 0  9998
2 32311 101.7253 199.9642 0399094 169.4344 191.5476 13.34209678111757
FENGYUN 1C DEB          
1 32314U 99025CXF 26272.35167150  .00003166  00000+0  32514-3 0  9998
2 32314  98.8902  54.0260 0135039 316.3499  42.7092 14.84754815 16967
FENGYUN 1C DEB          
1 32315U 99025CXG 26275.29850361  .00000029  00000+0  82487-4 0  9998
2 32315 100.8370  97.7796 0228841 114.4792 248.0398 13.66250593650974
FENGYUN 1C DEB          
1 32316U 99025CXH 26276.45135968  .00001892  00000+0  45662-3 0  9999
2 32316  99.5065 347.5629 0028543 171.6481 199.1029 14.54357694   499
FENGYUN 1C DEB          
1 32320U 99025CXM 26275.52283785  .00001324  00000+0  45491-3 0  9992
2 32320 100.3525 196.9813 0054713 305.9709  53.6404 14.37466049663920
FENGYUN 1C DEB          
1 32322U 99025CXP 26273.32647303  .00000352  00000+0  46296-3 0  9994
2 32322  98.3434 107.9825 0418952  81.2627 283.5706 13.34566792642685
FENGYUN 1C DEB          
1 32323U 99025CXQ 26275.60699407  .00001482  00000+0  95965-3 0  9992
2 32323  98.5840  44.6091 0152034 111.1453 250.6037 13.98640334643753
FENGYUN 1C DEB          
1 32324U 99025CXR 26275.12686901  .00000507  00000+0  31431-3 0  9990
2 32324  99.5533  39.0830 0049104 293.7847  65.8177 14.09606007681317
FENGYUN 1C DEB          
1 32326U 99025CXT 26275.43677098  .00000494  00000+0  35701-3 0  9992
2 32326  98.4831 175.9794 0386439  74.6259 289.7237 13.69692690672025
FENGYUN 1C DEB          
1 32331U 99025CXY 26275.99496231  .00028709  00000+0  26153-2 0  9996
2 32331  99.1688 292.4398 0008830 279.1842  80.8375 14.95078072649838
FENGYUN 1C DEB          
1 32332U 99025CXZ 26276.40987629  .00000966  00000+0  50256-3 0  9997
2 32332  99.1102 333.9409 0283412 223.0943 134.7719 13.98387489971538
FENGYUN 1C DEB          
1 32334U 99025CYB 26273.39661384  .00000699  00000+0  47889-3 0  9992
2 32334  99.2189 336.4012 0068457 197.7348 162.1426 14.01970053980260
FENGYUN 1C DEB          
1 32340U 99025CYH 26275.85140115  .00006188  00000+0  77497-3 0  9993
2 32340  98.9647 320.4461 0030645  89.9993 270.4728 14.82347686 15041
FENGYUN 1C DEB          
1 32342U 99025CYK 26275.96424297  .00000055  00000+0  52016-4 0  9991
2 32342  98.6708 280.5360 0006954 217.6104 172.8994 14.13498541978748
FENGYUN 1C DEB          
1 32343U 99025CYL 26273.91419109  .00000442  00000+0  20231-3 0  9994
2 32343  98.6389 258.4232 0151115   4.0394 356.1965 14.20275200688606
FENGYUN 1C DEB          
1 32350U 99025CYT 26276.34665855  .00002127  00000+0  31983-3 0  9991
2 32350  98.1931 320.7803 0261297 107.5151 255.4780 14.54998572 17896
FENGYUN 1C DEB          
1 32352U 99025CYV 26276.05248091  .00000665  00000+0  20001-3 0  9994
2 32352  98.7873 209.4502 0121695  15.2649 345.2160 14.41973123695109
FENGYUN 1C DEB          
1 32353U 99025CYW 26275.75179113  .00001595  00000+0  93800-3 0  9999
2 32353  98.9368  92.6250 0122618  97.1294 264.3835 14.05731931673222
FENGYUN 1C DEB          
1 32356U 99025CYZ 26276.14974358  .00002255  00000+0  13440-2 0  9995
2 32356 102.4969 252.7232 0124518  20.7679 339.8473 14.05198780725203
FENGYUN 1C DEB          
1 32357U 99025CZA 26275.89251336  .00002443  00000+0  12074-2 0  9992
2 32357  98.8306 297.6485 0483284 127.5832 354.2354 13.70910989708158
FENGYUN 1C DEB          
1 32360U 99025CZD 26249.68419743  .00002553  00000+0  14026-2 0  9993
2 32360  98.1275  42.0242 0221996 268.0714  89.5018 14.00775602685652
FENGYUN 1C DEB          
1 32361U 99025CZE 26274.66136684  .00003301  00000+0  77043-3 0  9991
2 32361  98.8407 354.8143 0043328 234.2838 125.4322 14.54911534  5978
FENGYUN 1C DEB          
1 32362U 99025CZF 26275.71067963  .00001316  00000+0  12879-2 0  9991
2 32362  99.8555 256.9015 0266148 258.3274  98.7893 13.66592234951432
FENGYUN 1C DEB          
1 32366U 99025CZK 26275.00304389  .00001254  00000+0  60429-3 0  9999
2 32366  96.7718 332.1110 0132967 107.1002 254.4790 14.15263884973507
FENGYUN 1C DEB          
1 32372U 99025CZR 26275.65456153  .00000635  00000+0  71480-3 0  9995
2 32372  97.3074  79.4607 0454310 355.2647   4.4261 13.36151291640640
FENGYUN 1C DEB          
1 32409U 99025CZV 26275.89149569  .00004223  00000+0  50810-3 0  9993
2 32409  99.5554 141.1714 0034847 327.2908  45.0150 14.84214979631939
FENGYUN 1C DEB          
1 32411U 99025CZX 26275.51978602  .00000246  00000+0  15160-3 0  9993
2 32411  98.4170 180.0561 0121915 256.6341 102.1216 14.10180982699549
FENGYUN 1C DEB          
1 32414U 99025DAA 26275.43737400  .00001288  00000+0  62315-3 0  9997
2 32414  98.8394 350.6173 0045594 234.2561 125.4370 14.19753582978980
FENGYUN 1C DEB          
1 32416U 99025DAC 26265.56371577  .00000512  00000+0  56889-3 0  9999
2 32416 100.7830  30.5357 0237415 290.1292  67.4448 13.65952861655057
FENGYUN 1C DEB          
1 32418U 99025DAE 26275.35736278  .00002750  00000+0  14090-2 0  9995
2 32418  98.1803 122.6308 0220894 284.5348  73.1414 14.04400020671087
FENGYUN 1C DEB          
1 32419U 99025DAF 26276.47720438  .00000396  00000+0  17081-3 0  9999
2 32419  97.9465 183.2305 0279802 254.1530 102.8639 14.10578800677251
FENGYUN 1C DEB          
1 32422U 99025DAJ 26274.55192464  .00000977  00000+0  48315-3 0  9991
2 32422  97.8618   9.5494 0298743 177.7749 182.4829 13.98403828672252
FENGYUN 1C DEB          
1 32425U 99025DAM 26276.45555732  .00000486  00000+0  19421-3 0  9997
2 32425  96.7234 358.3097 0232806 129.3954 232.8098 14.17406180737098
FENGYUN 1C DEB          
1 32429U 99025DAR 26264.39151075  .00007730  00000+0  14993-2 0  9990
2 32429  99.0797 124.3012 0030783  96.2147 264.2561 14.63249075995916
FENGYUN 1C DEB          
1 32430U 99025DAS 26276.25491103  .00001443  00000+0  10129-2 0  9991
2 32430  98.6837 278.6258 0367173 206.1231 152.0981 13.71740667952391
FENGYUN 1C DEB          
1 32432U 99025DAU 26276.35485015  .00003654  00000+0  69422-3 0  9996
2 32432  98.1456 310.5047 0166465 114.1311 247.7396 14.56213927749782
FENGYUN 1C DEB          
1 32440U 99025DBC 26270.79396042  .00001770  00000+0  16320-2 0  9993
2 32440  99.1325 113.6168 0322301  63.5059 299.8759 13.62837875642213
FENGYUN 1C DEB          
1 32441U 99025DBD 26274.91668691  .00001541  00000+0  66218-3 0  9992
2 32441  97.7720 325.6489 0248316 174.5267 185.8714 14.10655198987098
FENGYUN 1C DEB          
1 32447U 99025DBK 26275.76808398  .00000070  00000+0  80465-4 0  9999
2 32447  98.9205 287.8870 0078476 312.2699  47.1826 13.96151454719812
FENGYUN 1C DEB          
1 32451U 99025DBP 26275.84100720  .00001554  00000+0  11719-2 0  9999
2 32451  99.9875 280.7233 0183728 143.0189 218.3795 13.88242872658430
FENGYUN 1C DEB          
1 32453U 99025DBR 26276.05436902  .00000463  00000+0  31584-3 0  9990
2 32453  99.3715 199.1475 0097259 117.9762 243.1286 14.02842960975546
FENGYUN 1C DEB          
1 32455U 99025DBT 26274.51110557  .00001625  00000+0  10182-2 0  9997
2 32455 101.7240 189.5903 0231551 140.0243 221.8213 13.94217314684936
FENGYUN 1C DEB          
1 32456U 99025DBU 26264.88156438  .00000742  00000+0  10522-2 0  9992
2 32456 103.6610 145.5530 0378232   7.2573 353.3809 13.36184490643970
FENGYUN 1C DEB          
1 32457U 99025DBV 26275.32894951  .00000531  00000+0  76876-3 0  9994
2 32457 100.0998 314.8832 0415719 351.3705   8.0421 13.29729954578523
FENGYUN 1C DEB          
1 32458U 99025DBW 26276.41270193  .00003096  00000+0  56911-3 0  9999
2 32458  99.0206 329.7540 0038181 187.7130 172.3488 14.66035532721028
FENGYUN 1C DEB          
1 32459U 99025DBX 26275.27333699  .00001242  00000+0  28895-3 0  9995
2 32459  98.2930 287.2702 0210378  17.1497 343.6663 14.44018172987854
FENGYUN 1C DEB          
1 32460U 99025DBY 26274.09700497  .00000504  00000+0  37844-3 0  9994
2 32460  98.0435  24.7191 0184157  27.9661 333.1251 13.90371089693150
FENGYUN 1C DEB          
1 32461U 99025DBZ 26276.00589257  .00000650  00000+0  60542-3 0  9990
2 32461  98.3204  98.3802 0232479  43.7993 104.9612 13.73526862713339
FENGYUN 1C DEB          
1 32464U 99025DCC 26273.80417704  .00007668  00000+0  54523-3 0  9993
2 32464  97.3362 285.7960 0094507 327.0640  32.4718 15.01338389651632
FENGYUN 1C DEB          
1 33502U 99025DCF 26276.35027860  .00002886  00000+0  12157-2 0  9993
2 33502  99.0362 231.9275 0080080  28.1834 124.3570 14.24811852911475
FENGYUN 1C DEB          
1 33599U 99025DCG 26269.30083437  .00060261  00000+0  13709-2 0  9993
2 33599  96.5643 308.8700 0072556 343.6657  16.2253 15.39982120703930
FENGYUN 1C DEB          
1 33601U 99025DCJ 26276.34932552  .00000763  00000+0  41427-3 0  9990
2 33601  98.3445  55.2584 0155081  20.7159 340.0207 14.09025915948273
FENGYUN 1C DEB          
1 33603U 99025DCL 26276.38466999  .00000627  00000+0  61631-4 0  9992
2 33603  98.8404 246.5397 0214561 218.4745 140.1003 14.81250968 32172
FENGYUN 1C DEB          
1 33605U 99025DCN 26276.25192390  .00000446  00000+0  28238-3 0  9995
2 33605  98.7133 269.8573 0055579 324.1957  48.5834 14.08246877639638
FENGYUN 1C DEB          
1 33612U 99025DCV 26267.10761983  .00001750  00000+0  10462-2 0  9995
2 33612  98.6141 226.7600 0111928  25.2154 335.4421 14.05287028606809
FENGYUN 1C DEB          
1 33613U 99025DCW 26268.45251116  .00003365  00000+0  11720-2 0  9999
2 33613  98.6810 346.7288 0027684 319.5445  40.3682 14.35837430686210
FENGYUN 1C DEB          
1 33618U 99025DDB 26276.51448056  .00001604  00000+0  26247-3 0  9996
2 33618  98.5284  18.9682 0157047 304.2612  54.3800 14.64541250 10918
FENGYUN 1C DEB          
1 33619U 99025DDC 26276.47891610  .00001510  00000+0  73808-3 0  9991
2 33619  98.8443 350.0922 0049427 281.0925  78.4694 14.18878012678025
FENGYUN 1C DEB          
1 33621U 99025DDE 26273.81974947  .00000803  00000+0  26387-3 0  9998
2 33621  98.1214 106.4448 0283158 157.4102 203.9834 14.20333596683895
FENGYUN 1C DEB          
1 33623U 99025DDG 26272.53924994  .00005047  00000+0  14395-2 0  9995
2 33623  98.2063  22.7634 0051341 120.4359 240.1919 14.44836317655170
FENGYUN 1C DEB          
1 33625U 99025DDJ 26275.31629499  .00002193  00000+0  30622-3 0  9999
2 33625  98.6459  44.6219 0213811 305.6997  52.4472 14.64394213656832
FENGYUN 1C DEB          
1 33630U 99025DDP 26276.55462729  .00000349  00000+0  17550-3 0  9999
2 33630  98.6287  19.2971 0132811 299.0809  59.7120 14.18146955685893
FENGYUN 1C DEB          
1 33633U 99025DDS 26274.77203925  .00001853  00000+0  84115-3 0  9997
2 33633  99.0602  21.1354 0079501  34.7573 119.2011 14.21466158948715
FENGYUN 1C DEB          
1 33636U 99025DDV 26274.29088910  .00000781  00000+0  30327-3 0  9997
2 33636  98.4553 287.3417 0064651 312.7374  60.4677 14.31494584742521
FENGYUN 1C DEB          
1 33637U 99025DDW 26272.38030566  .00001560  00000+0  50647-3 0  9993
2 33637  98.4664 318.4657 0079640   4.7212 355.4709 14.38471108690147
FENGYUN 1C DEB          
1 33638U 99025DDX 26273.85888192  .00000340  00000+0  33827-3 0  9999
2 33638  98.4414 134.4566 0260785 212.5726 145.9103 13.69924867649149
FENGYUN 1C DEB          
1 33639U 99025DDY 26274.54231447  .00002904  00000+0  85409-3 0  9993
2 33639  98.7135  16.6293 0048999 135.3599 225.1552 14.43799911648031
FENGYUN 1C DEB          
1 33640U 99025DDZ 26275.68463216  .00001071  00000+0  29429-3 0  9996
2 33640  98.8743 236.6892 0089594   0.6263 359.5025 14.46939588965922
FENGYUN 1C DEB          
1 33646U 99025DEF 26275.56277825  .00001332  00000+0  80464-3 0  9994
2 33646  98.5941 180.2877 0112391  54.7597 306.4029 14.05065274761728
FENGYUN 1C DEB          
1 33647U 99025DEG 26275.74170140  .00001175  00000+0  77230-3 0  9999
2 33647  98.1941 101.7076 0243639 357.0399   2.9308 13.90120229669284
FENGYUN 1C DEB          
1 33648U 99025DEH 26275.75562843  .00000070  00000+0  60043-4 0  9994
2 33648  98.7335 271.5175 0069706  60.0440 300.7629 14.11897699685259
FENGYUN 1C DEB          
1 33650U 99025DEK 26276.38533388  .00001103  00000+0  84922-3 0  9998
2 33650  99.0184  76.8645 0149281 357.5757   2.4662 13.90049091729015
FENGYUN 1C DEB          
1 33651U 99025DEL 26272.34411690  .00000132  00000+0  76523-4 0  9992
2 33651  98.6176 316.2376 0115639 294.0311  64.8798 14.20537677683977
FENGYUN 1C DEB          
1 33655U 99025DEQ 26276.26444237  .00022403  00000+0  12106-2 0  9994
2 33655  98.8012  28.0150 0031749 110.5306 249.9333 15.14288916  9847
FENGYUN 1C DEB          
1 33656U 99025DER 26275.23627825  .00000390  00000+0  18458-3 0  9995
2 33656  98.5995 266.1458 0087756 258.1362 100.9965 14.23200165668837
FENGYUN 1C DEB          
1 33658U 99025DET 26275.71058662  .00001458  00000+0  14539-2 0  9998
2 33658  99.5834  69.2029 0280569 150.6819 211.0400 13.63618013621440
FENGYUN 1C DEB          
1 33660U 99025DEV 26276.55804723  .00000045  00000+0  62803-4 0  9991
2 33660  98.6351 173.0722 0110309 153.4168 326.8062 13.92026018951651
FENGYUN 1C DEB          
1 33661U 99025DEW 26275.81778075  .00000825  00000+0  76255-3 0  9991
2 33661  98.3867 132.1923 0231279  82.4684 346.7387 13.73403417684930
FENGYUN 1C DEB          
1 33663U 99025DEY 26276.28665797  .00014022  00000+0  18537-2 0  9993
2 33663  98.8905 299.3899 0059949 174.3509 185.8389 14.78841365685341
FENGYUN 1C DEB          
1 33664U 99025DEZ 26271.33302633  .00000475  00000+0  29004-3 0  9991
2 33664  98.7426  53.6731 0162183 307.0941  51.5495 14.04313110948031
FENGYUN 1C DEB          
1 33665U 99025DFA 26273.15798072  .00000602  00000+0  16441-3 0  9993
2 33665  99.0515  35.3814 0448576 358.6369   1.3545 14.05229034966821
FENGYUN 1C DEB          
1 33673U 99025DFJ 26276.43793172  .00000644  00000+0  48029-3 0  9995
2 33673  99.3144 331.8798 0105717 142.7245 231.9369 13.95936122940130
FENGYUN 1C DEB          
1 33674U 99025DFK 26276.31005178  .00000995  00000+0  87526-3 0  9999
2 33674  98.5909 303.5493 0209976 167.1354 193.5274 13.77844222924200
FENGYUN 1C DEB          
1 33676U 99025DFM 26275.93365871  .00000114  00000+0  47606-4 0  9996
2 33676  99.0628 321.0987 0202500 288.9092  69.0238 14.35809221695326
FENGYUN 1C DEB          
1 33678U 99025DFP 26275.04377663  .00000673  00000+0  15095-3 0  9998
2 33678  99.0213   5.5819 0203334  80.3658 282.0440 14.48373909993409
FENGYUN 1C DEB          
1 33679U 99025DFQ 26274.32063862  .00015026  00000+0  60413-3 0  9994
2 33679  99.3487  50.5366 0107727  62.5539 298.6595 15.19790462985436
FENGYUN 1C DEB          
1 33682U 99025DFT 26275.14909678  .00001716  00000+0  70529-3 0  9993
2 33682  99.4027 349.0576 0025874 323.8395  36.1033 14.28307527958847
FENGYUN 1C DEB          
1 33684U 99025DFV 26274.23357953  .00007902  00000+0  58118-3 0  9990
2 33684  99.0411  10.3297 0267003 145.0727 216.8328 14.79389103973055
FENGYUN 1C DEB          
1 33687U 99025DFY 26274.47376274  .00017202  00000+0  41499-3 0  9994
2 33687  98.9627 345.4248 0077176  61.7010 299.1989 15.38204382759816
FENGYUN 1C DEB          
1 33688U 99025DFZ 26275.34737329  .00004405  00000+0  11186-2 0  9994
2 33688  99.3612  53.0140 0049408 116.3168 244.3110 14.50622582957320
FENGYUN 1C DEB          
1 33689U 99025DGA 26275.97720116  .00001262  00000+0  35845-3 0  9997
2 33689  99.5451 325.4575 0046103  11.8649 109.3771 14.46901506737830
FENGYUN 1C DEB          
1 33690U 99025DGB 26275.27193820  .00003340  00000+0  76914-3 0  9999
2 33690  98.6179  27.0404 0029770 229.9433 129.9152 14.55794741974856
FENGYUN 1C DEB          
1 33691U 99025DGC 26275.80850501  .00002434  00000+0  10226-2 0  9991
2 33691  99.1502 275.1420 0064154 304.5216  54.9916 14.25766205946766
FENGYUN 1C DEB          
1 33693U 99025DGE 26273.92834009  .00000700  00000+0  68648-3 0  9995
2 33693  99.2373  85.6863 0222446 314.1018  44.2012 13.72045022922375
FENGYUN 1C DEB          
1 33697U 99025DGJ 26272.11399900  .00001820  00000+0  93385-3 0  9995
2 33697  99.0146  20.4175 0072176 156.4340 204.0167 14.15331747973188
FENGYUN 1C DEB          
1 33698U 99025DGK 26276.29798334  .00000636  00000+0  13932-3 0  9997
2 33698  99.6458 286.8667 0137184  63.7513 297.7705 14.56500524999235
FENGYUN 1C DEB          
1 33701U 99025DGN 26263.05594173  .00001440  00000+0  87510-3 0  9994
2 33701  98.6767 209.2566 0131883 118.1767 243.2795 14.03496561944507
FENGYUN 1C DEB          
1 33710U 99025DGX 26276.24579287  .00000708  00000+0  40194-3 0  9991
2 33710  98.9849  20.5683 0054058  37.8265 322.6686 14.12531573718135
FENGYUN 1C DEB          
1 33711U 99025DGY 26275.03623909  .00000484  00000+0  33673-3 0  9994
2 33711  99.1585 334.7615 0096447 320.7903 156.5240 14.01472942960391
FENGYUN 1C DEB          
1 33716U 99025DHD 26276.10898813  .00000122  00000+0  59247-4 0  9991
2 33716  98.8914 214.0591 0092448 215.1726 144.3333 14.32889383693732
FENGYUN 1C DEB          
1 33718U 99025DHF 26275.55150464  .00001895  00000+0  10666-2 0  9992
2 33718  99.6645  27.9841 0098353 232.7858 126.4304 14.09400200733235
FENGYUN 1C DEB          
1 33719U 99025DHG 26276.45137633  .00001035  00000+0  46400-3 0  9998
2 33719  98.7478 340.3546 0027914 306.8014  65.3641 14.24479679962081
FENGYUN 1C DEB          
1 33720U 99025DHH 26275.24438092  .00000773  00000+0  23879-3 0  9992
2 33720  98.2541 273.1851 0078344 259.2475  99.9888 14.42322708975851
FENGYUN 1C DEB          
1 33722U 99025DHK 26274.47877099  .00000601  00000+0  25545-3 0  9994
2 33722  98.5655 285.5708 0158622 121.8777 239.7948 14.22080063963072
FENGYUN 1C DEB          
1 33723U 99025DHL 26273.50782802  .00002017  00000+0  10128-2 0  9998
2 33723  99.1469   6.1546 0098552 228.0066 197.0343 14.15240904677482
FENGYUN 1C DEB          
1 33724U 99025DHM 26275.83028998  .00000437  00000+0  22408-3 0  9995
2 33724  98.6010 282.9098 0028319  55.1136  68.4318 14.20127012981353
FENGYUN 1C DEB          
1 33726U 99025DHP 26276.28457043  .00000444  00000+0  21310-3 0  9993
2 33726  98.6717  36.6684 0190453 267.7874 120.1273 14.14785938960963
FENGYUN 1C DEB          
1 33728U 99025DHR 26276.22830731  .00002285  00000+0  17452-3 0  9995
2 33728  98.9597  18.6999 0139350 346.7081  13.0479 14.95905140 26992
FENGYUN 1C DEB          
1 33730U 99025DHT 26275.47656108  .00004493  00000+0  78830-3 0  9998
2 33730  99.0358   7.6812 0037407 187.0576 173.0104 14.67855381999833
FENGYUN 1C DEB          
1 33731U 99025DHU 26273.37995055  .00000766  00000+0  55024-3 0  9992
2 33731  99.4274 307.6845 0127338 344.8623  14.8742 13.96413268945187
FENGYUN 1C DEB          
1 33733U 99025DHW 26276.24034554  .00003583  00000+0  12326-2 0  9998
2 33733  99.0968  21.4477 0071754  33.6845 356.6240 14.35210096946679
FENGYUN 1C DEB          
1 33737U 99025DJA 26275.42799567  .00001357  00000+0  82295-3 0  9993
2 33737  98.3462  90.2517 0127095 170.0969 257.6659 14.03900691928605
FENGYUN 1C DEB          
1 33738U 99025DJB 26276.41662411  .00000379  00000+0  24717-3 0  9999
2 33738  99.1140 340.9620 0189816 289.3695  81.4443 14.00046332933595
FENGYUN 1C DEB          
1 33740U 99025DJD 26275.77254406  .00000070  00000+0  60796-4 0  9997
2 33740  98.6813 284.6003 0002267  61.4969 298.6432 14.12457781942974
FENGYUN 1C DEB          
1 33741U 99025DJE 26276.49213903  .00001918  00000+0  99723-3 0  9998
2 33741  98.5539 181.4343 0127123 330.2718  29.1272 14.11732824610196
FENGYUN 1C DEB          
1 33745U 99025DJJ 26274.94388132  .00001298  00000+0  57884-3 0  9990
2 33745  99.0944 327.0287 0054489 148.7849 211.6583 14.23810002701723
FENGYUN 1C DEB          
1 33747U 99025DJL 26271.23875374  .00002742  00000+0  12722-2 0  9996
2 33747  99.0978  18.2220 0087554 117.7072 243.3019 14.19543389942371
FENGYUN 1C DEB          
1 33748U 99025DJM 26276.37576855  .00001120  00000+0  41768-3 0  9991
2 33748  98.5572 329.4297 0035848  91.9055 268.6236 14.33540161956131
FENGYUN 1C DEB          
1 35088U 99025DJQ 26265.93712894  .00005398  00000+0  19455-2 0  9993
2 35088  94.6266 310.2584 0248234  35.2131 326.5176 14.18055613628202
FENGYUN 1C DEB          
1 35089U 99025DJR 26274.80426108  .00000441  00000+0  22584-3 0  9992
2 35089  98.5590 279.9617 0026415 295.1263  64.7174 14.20158407650349
FENGYUN 1C DEB          
1 35090U 99025DJS 26275.03494027  .00001264  00000+0  61944-3 0  9992
2 35090  99.1838 303.1783 0054115 264.0226  95.4779 14.18994113704081
FENGYUN 1C DEB          
1 35091U 99025DJT 26276.29187556  .00005783  00000+0  98718-3 0  9997
2 35091  98.6065  39.2312 0043175  97.8327 262.7781 14.68742912942428
FENGYUN 1C DEB          
1 35102U 99025DKE 26275.24083571  .00000584  00000+0  24112-3 0  9997
2 35102  98.4753 282.5762 0058478 308.2144  51.3781 14.29512868691057
FENGYUN 1C DEB          
1 35104U 99025DKG 26274.96178388  .00000388  00000+0  19881-3 0  9997
2 35104  98.5984 278.6011 0030976  16.1919  13.8705 14.20761346939307
FENGYUN 1C DEB          
1 35105U 99025DKH 26273.23429399  .00000406  00000+0  12040-3 0  9999
2 35105  98.9644 275.4608 0109572 264.6222  94.2460 14.46015386987058
FENGYUN 1C DEB          
1 35108U 99025DKL 26269.23030025  .00000285  00000+0  18105-3 0  9994
2 35108  98.8157 262.5497 0133224 333.0405  26.3885 14.07207326932812
FENGYUN 1C DEB          
1 35109U 99025DKM 26273.90736156  .00000225  00000+0  11049-3 0  9996
2 35109  98.6405 261.5366 0150830 268.5500  89.8396 14.21202537683090
FENGYUN 1C DEB          
1 35111U 99025DKP 26274.55744027  .00000408  00000+0  25207-3 0  9991
2 35111  99.4568  13.6211 0022861 128.7740 231.5476 14.11362232682746
FENGYUN 1C DEB          
1 35116U 99025DKU 26275.95171666  .00000872  00000+0  37617-3 0  9997
2 35116  98.6349 322.9465 0056663 270.5127  88.9561 14.26194975641521
FENGYUN 1C DEB          
1 35121U 99025DKZ 26275.37340162  .00000050  00000+0  49722-4 0  9997
2 35121  98.2689 118.3830 0157091 341.7606  17.7968 14.04917709652148
FENGYUN 1C DEB          
1 35122U 99025DLA 26274.48975766  .00000246  00000+0  15038-3 0  9992
2 35122  98.6582 289.1165 0025631  45.2390 315.0863 14.14411876680057
FENGYUN 1C DEB          
1 35123U 99025DLB 26275.79180113  .00000415  00000+0  19610-3 0  9990
2 35123  99.1167 114.7754 0048818 315.2507  44.4737 14.24781836652602
FENGYUN 1C DEB          
1 35125U 99025DLD 26274.24467301  .00001421  00000+0  50753-3 0  9999
2 35125  98.2149 275.7653 0052198 137.9193 222.6020 14.34771786354749
FENGYUN 1C DEB          
1 35128U 99025DLG 26273.87542063  .00003872  00000+0  11086-2 0  9996
2 35128  98.3318 148.3236 0080839 183.8913 176.1659 14.43665868671797
FENGYUN 1C DEB          
1 35135U 99025DLP 26276.25587493  .00000514  00000+0  23835-3 0  9991
2 35135  98.5633 281.9623 0082054 147.4528 213.1748 14.23070771920126
FENGYUN 1C DEB          
1 35139U 99025DLT 26269.22952720  .00000425  00000+0  20864-3 0  9993
2 35139  98.5880 271.5463 0068335 182.9998 177.0780 14.21503427682375
FENGYUN 1C DEB          
1 35140U 99025DLU 26275.65484999  .00000085  00000+0  40111-4 0  9997
2 35140  98.4806 250.4373 0290102 189.9113 169.6268 14.21609546914549
FENGYUN 1C DEB          
1 35142U 99025DLW 26275.75303697  .00000053  00000+0  72807-4 0  9997
2 35142  99.0674 265.4494 0108733 135.5124  39.7899 13.90650089897751
FENGYUN 1C DEB          
1 35144U 99025DLY 26275.33175196  .00005453  00000+0  10036-2 0  9997
2 35144  98.7151  51.7765 0025102 176.6376 183.4999 14.65840865695063
FENGYUN 1C DEB          
1 35147U 99025DMB 26275.19721720  .00004230  00000+0  53291-3 0  9997
2 35147  99.4854  45.3332 0025137  21.0555 339.1683 14.82492020786418
FENGYUN 1C DEB          
1 35152U 99025DMG 26273.77866518  .00000439  00000+0  43143-3 0  9992
2 35152  99.8176 110.9383 0193906 339.6170  19.7316 13.76855968662111
FENGYUN 1C DEB          
1 35153U 99025DMH 26276.04414037  .00001147  00000+0  14441-3 0  9997
2 35153  98.8886 201.7205 0164260 241.5017 116.9564 14.75486336 15423
FENGYUN 1C DEB          
1 35154U 99025DMJ 26272.19533794  .00000369  00000+0  17161-3 0  9999
2 35154  99.4594  57.6007 0177226 304.8459  53.6157 14.19390393686978
FENGYUN 1C DEB          
1 35155U 99025DMK 26263.27320720  .00000673  00000+0  33593-3 0  9997
2 35155  98.4950 268.6554 0024660 339.7224  20.2971 14.19910085767087
FENGYUN 1C DEB          
1 35156U 99025DML 26271.40253293  .00000316  00000+0  19860-3 0  9997
2 35156  98.7807 255.8089 0037339  50.1928 310.2520 14.10926093681281
FENGYUN 1C DEB          
1 35159U 99025DMP 26276.02931287  .00003132  00000+0  84187-3 0  9992
2 35159  98.8309   8.9812 0009707  11.8876 162.8409 14.48777750657372
FENGYUN 1C DEB          
1 35160U 99025DMQ 26274.65738828  .00000473  00000+0  15041-3 0  9995
2 35160  99.1898  52.9609 0175939 104.3794 257.6990 14.36606807691368
FENGYUN 1C DEB          
1 35165U 99025DMV 26276.23098673  .00002715  00000+0  94014-3 0  9991
2 35165  98.8782  21.4368 0019801 267.6728  92.2190 14.36431026939458
FENGYUN 1C DEB          
1 35167U 99025DMX 26270.73662947  .00001187  00000+0  34418-3 0  9997
2 35167  98.4679 261.8689 0228554  68.7351 293.8074 14.32108621741556
FENGYUN 1C DEB          
1 35168U 99025DMY 26272.88654485  .00000262  00000+0  14224-3 0  9990
2 35168  98.2375 148.6331 0125346   4.7951 355.4393 14.15805104620438
FENGYUN 1C DEB          
1 35169U 99025DMZ 26270.55717742  .00002741  00000+0  49895-3 0  9995
2 35169  99.1055 187.5890 0147238 311.4952  47.3684 14.60294249699932
FENGYUN 1C DEB          
1 35171U 99025DNB 26276.15357393  .00001461  00000+0  10116-2 0  9993
2 35171  99.0272  66.3360 0136311 231.3142 127.5763 13.96243434926651
FENGYUN 1C DEB          
1 35173U 99025DND 26258.43993967  .00000918  00000+0  91756-3 0  9995
2 35173  99.7768 325.3884 0486095 259.1064  95.5023 13.38194111695296
FENGYUN 1C DEB          
1 35174U 99025DNE 26274.35542335  .00020567  00000+0  81829-3 0  9996
2 35174  98.9572 303.2438 0098399 297.4259  61.6989 15.20880774945820
FENGYUN 1C DEB          
1 35175U 99025DNF 26270.81920781  .00000380  00000+0  18912-3 0  9993
2 35175  98.5747 275.9358 0058141 160.4522 199.8903 14.21692898653420
FENGYUN 1C DEB          
1 35176U 99025DNG 26270.21430520  .00000419  00000+0  22508-3 0  9994
2 35176  98.5828 251.6339 0052601 306.6093  53.0250 14.17350814950142
FENGYUN 1C DEB          
1 35180U 99025DNL 26272.71536128  .00001844  00000+0  79128-3 0  9990
2 35180  99.7483  86.2628 0480652 340.1441  18.1549 13.78268808 40387
FENGYUN 1C DEB          
1 35191U 99025DNX 26276.20790176  .00000045  00000+0  66405-4 0  9992
2 35191  99.0487 255.2225 0103328 127.5294 233.5310 13.91334866919963
FENGYUN 1C DEB          
1 35194U 99025DPA 26274.58033491  .00002063  00000+0  38389-3 0  9995
2 35194  98.9493  26.6980 0108619 258.9321  99.9648 14.62671392696683
FENGYUN 1C DEB          
1 35195U 99025DPB 26275.13166415  .00001932  00000+0  40481-3 0  9991
2 35195  98.9979  37.4894 0098834 257.2524 101.7612 14.58071761951991
FENGYUN 1C DEB          
1 35196U 99025DPC 26276.30780763  .00000683  00000+0  26931-3 0  9996
2 35196  98.5279 286.3607 0211923 203.5030 167.7442 14.20780363933166
FENGYUN 1C DEB          
1 35200U 99025DPG 26276.09416954  .00000247  00000+0  34678-3 0  9999
2 35200  98.9048 223.9657 0353243  39.1350 337.7861 13.42128288698529
FENGYUN 1C DEB          
1 35201U 99025DPH 26275.96884884  .00000063  00000+0  58521-4 0  9996
2 35201  98.7077 281.0793 0007601 130.6811 260.0241 14.11151161911698
FENGYUN 1C DEB          
1 35202U 99025DPJ 26275.88226898  .00000263  00000+0  40601-3 0  9994
2 35202 100.0667 322.2726 0377139  25.2510 336.6536 13.35087293609012
FENGYUN 1C DEB          
1 35203U 99025DPK 26274.90452487  .00000889  00000+0  10237-2 0  9997
2 35203 102.0824 296.1312 0515440 239.1730 115.7699 13.27400450635390
FENGYUN 1C DEB          
1 35204U 99025DPL 26275.07851814  .00003294  00000+0  81019-3 0  9994
2 35204  98.9876 129.0704 0034637 159.9313 351.8895 14.52656547951841
FENGYUN 1C DEB          
1 35207U 99025DPP 26274.29416570  .00003049  00000+0  63609-3 0  9999
2 35207  98.7019  30.7235 0051305  80.1975 280.5012 14.59888037691677
FENGYUN 1C DEB          
1 35208U 99025DPQ 26276.30793492  .00000653  00000+0  44659-3 0  9997
2 35208  98.8799 292.3982 0105858  57.4580 303.6758 14.00424666946858
FENGYUN 1C DEB          
1 35210U 99025DPS 26276.03897100  .00002921  00000+0  99142-3 0  9998
2 35210  99.0914 300.7344 0048927 100.0889 289.1640 14.36816468943454
FENGYUN 1C DEB          
1 35217U 99025DPZ 26273.20669103  .00001380  00000+0  14728-2 0  9995
2 35217 101.8858 254.0886 0299893 340.9472  18.0633 13.58607214651766
FENGYUN 1C DEB          
1 35220U 99025DQC 26276.16969123  .00001747  00000+0  76887-3 0  9994
2 35220  99.0124 358.5244 0044906 182.0687 178.0312 14.24274684673724
FENGYUN 1C DEB          
1 35223U 99025DQF 26276.35270067  .00002936  00000+0  25451-3 0  9992
2 35223  98.9747 304.1814 0122176 101.9046 259.5898 14.92473332982724
FENGYUN 1C DEB          
1 35229U 99025DQM 26276.51268247  .00013367  00000+0  19933-2 0  9990
2 35229  98.4454  10.1234 0033584   9.6873 350.4974 14.74586558688326
FENGYUN 1C DEB          
1 35231U 99025DQP 26276.06238926 -.00000028  00000+0  78867-5 0  9999
2 35231  98.6800 316.6573 0036289 325.9319  33.9525 14.14548308956632
FENGYUN 1C DEB          
1 35233U 99025DQR 26276.25660100  .00002742  00000+0  78809-3 0  9993
2 35233  98.7760  29.3184 0040400 102.9366 287.9586 14.45199289954260
FENGYUN 1C DEB          
1 35234U 99025DQS 26276.03851834  .00002461  00000+0  40853-3 0  9992
2 35234  98.0435 303.8244 0097203  51.8452 309.1462 14.67981459986707
FENGYUN 1C DEB          
1 35236U 99025DQU 26263.58442415  .00001254  00000+0  34638-3 0  9994
2 35236  98.8254 206.9452 0085325  66.4156 294.5967 14.46513079 16342
FENGYUN 1C DEB          
1 35239U 99025DQX 26276.37939652  .00000448  00000+0  47241-3 0  9990
2 35239  99.2982  71.6823 0221786 322.1475  36.4252 13.69904452621644
FENGYUN 1C DEB          
1 35240U 99025DQY 26274.90591752  .00001826  00000+0  78772-3 0  9998
2 35240  99.3650 261.2887 0047573  38.9419 321.5169 14.25282229973386
FENGYUN 1C DEB          
1 35241U 99025DQZ 26270.21188676  .00002148  00000+0  12943-2 0  9991
2 35241  98.6327 189.4466 0135790 117.8566 243.6435 14.03182910916506
FENGYUN 1C DEB          
1 35242U 99025DRA 26274.65437882  .00001111  00000+0  12830-2 0  9994
2 35242  99.9633 334.0134 0308424 182.4092 331.2030 13.53008199620876
FENGYUN 1C DEB          
1 35243U 99025DRB 26276.60714629  .00012719  00000+0  10244-2 0  9992
2 35243  98.8776  38.2608 0049482  26.2437 334.1274 14.99141748954024
FENGYUN 1C DEB          
1 35244U 99025DRC 26275.92780857  .00000256  00000+0  17467-3 0  9991
2 35244  98.8097 314.0469 0071432  51.9697 308.7891 14.07100223699585
FENGYUN 1C DEB          
1 35245U 99025DRD 26276.53570902  .00001665  00000+0  87439-3 0  9999
2 35245  99.0794  11.6860 0059817 159.9619 269.7681 14.14659320919431
FENGYUN 1C DEB          
1 35247U 99025DRF 26265.48533342  .00002008  00000+0  61252-3 0  9997
2 35247  98.6609 354.1777 0047978 285.0570  74.5313 14.42423930 40219
FENGYUN 1C DEB          
1 36142U 99025DRP 26274.53643196  .00000975  00000+0  77997-3 0  9991
2 36142  98.4191 188.5645 0207772 264.6404  93.1019 13.83476914662113
FENGYUN 1C DEB          
1 36147U 99025DRU 26276.32121913  .00000679  00000+0  65249-3 0  9991
2 36147  98.5007 306.5441 0438315 225.5064 130.9459 13.47251043639631
FENGYUN 1C DEB          
1 36148U 99025DRV 26273.75641957  .00001749  00000+0  11306-2 0  9994
2 36148  98.4126 100.7688 0275490 267.4839  89.4759 13.87092495942904
FENGYUN 1C DEB          
1 36152U 99025DRZ 26274.35066378  .00001020  00000+0  50847-3 0  9990
2 36152  98.7349 314.6780 0055603  94.4232 266.3299 14.18294270683036
FENGYUN 1C DEB          
1 36153U 99025DSA 26276.03004819  .00003584  00000+0  86445-3 0  9990
2 36153  98.5918  17.8332 0030164 231.0175 128.8333 14.53561606692346
FENGYUN 1C DEB          
1 36160U 99025DSH 26276.30837001  .00000193  00000+0  11275-3 0  9997
2 36160  98.1362  96.5027 0134941  19.9182 340.7190 14.13477445642138
FENGYUN 1C DEB          
1 36162U 99025DSK 26271.10900214  .00002550  00000+0  12176-2 0  9998
2 36162  97.6204  28.6006 0242270   5.2373 355.1249 14.05668987745837
FENGYUN 1C DEB          
1 36163U 99025DSL 26275.40074882  .00006500  00000+0  11415-2 0  9993
2 36163  99.0721 154.2753 0031244 260.8849  98.8817 14.67765844934848
FENGYUN 1C DEB          
1 36167U 99025DSQ 26275.55075135  .00001690  00000+0  42605-3 0  9996
2 36167  98.8099 201.2629 0068937  76.7593 284.1278 14.51112700715388
FENGYUN 1C DEB          
1 36173U 99025DSW 26274.07759036  .00000450  00000+0  18477-3 0  9991
2 36173  98.2464 218.4468 0147555  44.3855 316.9043 14.25608336632559
FENGYUN 1C DEB          
1 36177U 99025DTA 26271.84110466  .00001109  00000+0  53846-3 0  9996
2 36177  98.6064 305.7619 0040632  92.1606 268.4224 14.19852717281441
FENGYUN 1C DEB          
1 36180U 99025DTD 26276.44102399  .00000599  00000+0  23699-3 0  9992
2 36180  98.4213 332.1746 0208364 252.5613 105.2691 14.21436661747691
FENGYUN 1C DEB          
1 36182U 99025DTF 26276.15047171  .00001716  00000+0  59756-3 0  9993
2 36182  99.1025 224.7507 0020520 304.7730  55.1523 14.36698039921820
FENGYUN 1C DEB          
1 36184U 99025DTH 26269.75832563  .00001575  00000+0  84311-3 0  9998
2 36184  98.5627 251.0812 0126363 239.2437 119.6241 14.10500721665722
FENGYUN 1C DEB          
1 36188U 99025DTM 26276.06259036  .00006381  00000+0  11232-2 0  9993
2 36188  98.5929  34.1025 0043434 112.1421 248.4401 14.67333595923604
FENGYUN 1C DEB          
1 36196U 99025DTV 26273.81719642  .00003777  00000+0  96298-3 0  9998
2 36196  99.0663 120.5126 0026930  16.7307 343.4768 14.51019392689723
FENGYUN 1C DEB          
1 36197U 99025DTW 26261.43617588  .00002039  00000+0  79854-3 0  9999
2 36197  98.6899 335.4843 0051289  77.9731 282.7193 14.29841579656342
FENGYUN 1C DEB          
1 36198U 99025DTX 26275.00256714  .00001477  00000+0  83808-3 0  9997
2 36198  98.6023 296.2167 0095509   4.3194 355.8780 14.09183379677167
FENGYUN 1C DEB          
1 36199U 99025DTY 26272.98996682  .00000280  00000+0  11937-3 0  9992
2 36199  98.2770 285.0157 0090294 284.0418  75.0741 14.30010265691420
FENGYUN 1C DEB          
1 36200U 99025DTZ 26275.55503502  .00011751  00000+0  19506-2 0  9990
2 36200  99.3849  35.4960 0030382 197.5179 162.4978 14.70057931776629
FENGYUN 1C DEB          
1 36203U 99025DUC 26275.24562648  .00004990  00000+0  58230-3 0  9990
2 36203  99.1231 264.0094 0074101 308.2963  51.1598 14.83787376677744
FENGYUN 1C DEB          
1 36204U 99025DUD 26276.59707172  .00001403  00000+0  49721-3 0  9994
2 36204  99.3054  41.2910 0018306  30.2098 330.0137 14.36199484986586
FENGYUN 1C DEB          
1 36206U 99025DUF 26276.31056081  .00000585  00000+0  28135-3 0  9998
2 36206  98.4615 292.7726 0029009 238.8224 121.0110 14.22260367686072
FENGYUN 1C DEB          
1 36207U 99025DUG 26269.93316207  .00002098  00000+0  12372-2 0  9994
2 36207  98.5839 143.8083 0138329 232.2277 126.6296 14.04245179640087
FENGYUN 1C DEB          
1 36211U 99025DUL 26274.78491476  .00000729  00000+0  21994-3 0  9990
2 36211  98.5244 265.3388 0266014  89.5791 273.5864 14.26891261985478
FENGYUN 1C DEB          
1 36216U 99025DUR 26273.78327435  .00000281  00000+0  15329-3 0  9995
2 36216  98.5928 290.3316 0043377 253.3374 106.3039 14.19203061685149
FENGYUN 1C DEB          
1 36218U 99025DUT 26274.62543704  .00002205  00000+0  33181-3 0  9994
2 36218  99.0465 154.4291 0069922 105.1057 255.7897 14.74047008634548
FENGYUN 1C DEB          
1 36222U 99025DUX 26274.41255609  .00001840  00000+0  53100-3 0  9997
2 36222  98.4921 343.7407 0041952 271.4493  88.1893 14.45327589693552
FENGYUN 1C DEB          
1 36224U 99025DUZ 26275.87132357  .00000060  00000+0  52394-4 0  9992
2 36224  98.7395 321.8494 0113831 234.7429 124.3050 14.12883901685853
FENGYUN 1C DEB          
1 36225U 99025DVA 26275.74217393  .00056708  00000+0  13695-2 0  9992
2 36225  98.8291  92.9205 0019418  12.2772 347.8939 15.40796218712453
FENGYUN 1C DEB          
1 36226U 99025DVB 26273.88524188  .00001228  00000+0  67221-3 0  9991
2 36226  98.5895 308.9936 0093710 267.6215  91.4226 14.11503460678822
FENGYUN 1C DEB          
1 36229U 99025DVE 26276.52639755  .00001865  00000+0  10646-2 0  9990
2 36229 100.9138 202.5144 0103890  68.9284 292.2950 14.08639507674045
FENGYUN 1C DEB          
1 36230U 99025DVF 26276.47489370  .00000707  00000+0  65192-3 0  9993
2 36230  99.5142 356.3970 0213014  91.9597 270.5961 13.76239277659399
FENGYUN 1C DEB          
1 36231U 99025DVG 26276.16174047  .00000075  00000+0  63456-4 0  9992
2 36231  98.7260 247.6527 0060091 214.5206 145.2057 14.12132492896981
FENGYUN 1C DEB          
1 36232U 99025DVH 26276.20160393  .00000232  00000+0  13925-3 0  9997
2 36232  98.7354 257.5610 0116923 269.8153  88.9621 14.12795474658935
FENGYUN 1C DEB          
1 36234U 99025DVK 26276.38728901  .00000102  00000+0  17411-3 0  9993
2 36234  98.9634 320.8745 0316820   4.1468 356.2182 13.45812256919105
FENGYUN 1C DEB          
1 36236U 99025DVM 26276.29961852  .00000134  00000+0  15036-3 0  9995
2 36236  98.8183 303.2334 0148443 283.8545  74.6134 13.82138046638161
FENGYUN 1C DEB          
1 36238U 99025DVP 26276.17741887  .00000033  00000+0  40566-4 0  9993
2 36238  98.6863 244.0302 0021431 159.4360 200.7680 14.12464175911748
FENGYUN 1C DEB          
1 36244U 99025DVV 26275.27980559  .00001860  00000+0  77540-3 0  9991
2 36244  98.9413  36.5460 0050085 158.1831 202.1497 14.26829335961626
FENGYUN 1C DEB          
1 36247U 99025DVY 26275.82411714  .00000460  00000+0  14960-3 0  9999
2 36247  98.2649 281.1493 0183660 234.7370 123.6513 14.34339118744777
FENGYUN 1C DEB          
1 36255U 99025DWG 26273.69559206  .00001194  00000+0  40433-3 0  9999
2 36255  99.4531 227.6405 0064566  38.8067  86.0761 14.37728582682044
FENGYUN 1C DEB          
1 36258U 99025DWK 26275.95927104  .00000816  00000+0  10293-3 0  9990
2 36258  99.0510 346.0741 0167931 288.1315  70.1667 14.76228177951614
FENGYUN 1C DEB          
1 36259U 99025DWL 26274.38930957  .00004765  00000+0  94419-3 0  9996
2 36259  98.7974  61.6770 0003647 138.3707 250.2103 14.62770347764143
FENGYUN 1C DEB          
1 36260U 99025DWM 26275.77691604  .00000104  00000+0  74729-4 0  9991
2 36260  98.6707 274.7388 0016855 126.2482 234.0253 14.15546950919687
FENGYUN 1C DEB          
1 36261U 99025DWN 26276.57102251  .00000286  00000+0  38886-3 0  9990
2 36261 101.3591 212.7857 0355084 111.2755 252.6670 13.45690627883986
FENGYUN 1C DEB          
1 36262U 99025DWP 26273.52010980  .00000260  00000+0  12072-3 0  9991
2 36262  98.9246 166.0450 0060691 148.3590 212.1262 14.28126321936614
FENGYUN 1C DEB          
1 36263U 99025DWQ 26274.96332144  .00002984  00000+0  79740-3 0  9990
2 36263  98.9776 179.2388 0035945 104.0443 256.4748 14.48767495922271
FENGYUN 1C DEB          
1 36267U 99025DWU 26272.29406238  .00001291  00000+0  69816-3 0  9997
2 36267  98.5756 210.8582 0127490 103.0804  50.3276 14.10115805906230
FENGYUN 1C DEB          
1 36269U 99025DWW 26273.63423123  .00000646  00000+0  21184-3 0  9999
2 36269  99.1404 233.6965 0231408 157.7385 203.4041 14.28060954918813
FENGYUN 1C DEB          
1 36272U 99025DWZ 26274.42981570  .00000317  00000+0  15541-3 0  9991
2 36272  99.1009 163.5746 0167714 157.9407 202.9096 14.17694907677636
FENGYUN 1C DEB          
1 36273U 99025DXA 26274.94435902  .00000225  00000+0  13211-3 0  9992
2 36273  99.5671 171.9965 0095274 250.7677 108.3167 14.16856265703852
FENGYUN 1C DEB          
1 36274U 99025DXB 26276.50312797  .00003157  00000+0  13030-2 0  9998
2 36274  99.1336   7.7278 0059405 108.7102 316.7327 14.26578758671846
FENGYUN 1C DEB          
1 36278U 99025DXF 26276.55109970  .00000373  00000+0  20223-3 0  9994
2 36278  99.1307 207.8535 0060487 173.7529 186.4413 14.17789042976536
FENGYUN 1C DEB          
1 36279U 99025DXG 26275.72083853  .00000091  00000+0  67842-4 0  9990
2 36279  98.5972 247.3894 0060754 292.4611  67.0137 14.14863748931961
FENGYUN 1C DEB          
1 36280U 99025DXH 26276.33318382  .00000684  00000+0  40136-3 0  9992
2 36280  98.7431 302.4799 0061057 311.1466 115.0563 14.10518369905067
FENGYUN 1C DEB          
1 36281U 99025DXJ 26274.21958113  .00002243  00000+0  22474-2 0  9997
2 36281  99.2533 186.2528 0289452  78.6345 284.7164 13.61750645884963
FENGYUN 1C DEB          
1 36283U 99025DXL 26275.32790954  .00017502  00000+0  72420-3 0  9990
2 36283  99.4142 315.5422 0046937 165.3403 194.9201 15.23035306711122
FENGYUN 1C DEB          
1 36644U 99025DXN 26274.23228612  .00000342  00000+0  38522-3 0  9996
2 36644  98.4435  17.6893 0286251 131.8511 230.7451 13.59831825655425
FENGYUN 1C DEB          
1 36645U 99025DXP 26275.25783359  .00001210  00000+0  12762-2 0  9996
2 36645  98.5142  28.2707 0289919 353.1477   6.5741 13.59555379615343
FENGYUN 1C DEB          
1 36647U 99025DXR 26257.86873210  .00002460  00000+0  15836-2 0  9994
2 36647  96.1240 309.7292 0236203 213.0206 145.6024 13.90819101342488
FENGYUN 1C DEB          
1 36652U 99025DXW 26276.54209688  .00002092  00000+0  90430-3 0  9993
2 36652  98.9339   8.5007 0051439 222.7217 136.9958 14.24812932685208
FENGYUN 1C DEB          
1 36656U 99025DYA 26259.41838302  .00000704  00000+0  73895-3 0  9999
2 36656  97.4284 327.4204 0335044 138.8659 223.8268 13.55058505626050
FENGYUN 1C DEB          
1 36657U 99025DYB 26272.29982082  .00001572  00000+0  26939-3 0  9997
2 36657  99.4283 111.2260 0101059 263.9651  95.0026 14.67365892705156
FENGYUN 1C DEB          
1 36659U 99025DYD 26275.85828724  .00000368  00000+0  32739-3 0  9993
2 36659  99.8451 300.3184 0134962  20.7825 339.8746 13.87777128645045
FENGYUN 1C DEB          
1 36660U 99025DYE 26272.79973789  .00000540  00000+0  29682-3 0  9992
2 36660  98.6308 268.5631 0047911 118.3199 242.2820 14.15057308674979
FENGYUN 1C DEB          
1 36664U 99025DYJ 26275.85503325  .00000048  00000+0  39030-4 0  9993
2 36664  98.5821 296.1907 0171702 332.1207  27.0847 14.18072398679193
FENGYUN 1C DEB          
1 36668U 99025DYN 26276.25905901  .00000602  00000+0  32221-3 0  9998
2 36668  98.6080 281.6513 0052754 100.8169 259.8950 14.16020601615850
FENGYUN 1C DEB          
1 36675U 99025DYV 26275.84570685  .00002610  00000+0  72311-3 0  9992
2 36675  99.2281 301.2908 0024357 337.0240  22.9859 14.47405266714773
FENGYUN 1C DEB          
1 36676U 99025DYW 26274.53863479  .00000696  00000+0  20722-3 0  9995
2 36676  98.7518 187.5289 0094467 337.4285 198.7955 14.43972917692907
FENGYUN 1C DEB          
1 36678U 99025DYY 26275.17116808  .00000293  00000+0  97492-4 0  9997
2 36678  98.3246 253.2127 0149910 190.5186 169.2856 14.38550838692076
FENGYUN 1C DEB          
1 36679U 99025DYZ 26266.23212654  .00000354  00000+0  23814-3 0  9995
2 36679  98.8512 260.1856 0085670  18.1427 342.2766 14.05072577285433
FENGYUN 1C DEB          
1 36680U 99025DZA 26275.72229038  .00000413  00000+0  18168-3 0  9997
2 36680  98.5712 262.9865 0189011 119.3977  53.7220 14.19217676684665
FENGYUN 1C DEB          
1 36681U 99025DZB 26263.20948072  .00000587  00000+0  34906-3 0  9994
2 36681  98.7102 257.9491 0042174 270.2011  89.4328 14.10806050767268
FENGYUN 1C DEB          
1 36682U 99025DZC 26275.11284922  .00000526  00000+0  52432-3 0  9992
2 36682  98.4608 149.5962 0230680 212.8990 145.7624 13.70808762654116
FENGYUN 1C DEB          
1 36686U 99025DZG 26276.39104385  .00002717  00000+0  33447-3 0  9990
2 36686  98.9733 147.5232 0096971 206.7318 152.8875 14.80708723702086
FENGYUN 1C DEB          
1 36687U 99025DZH 26275.98391177 -.00000082  00000+0 -24205-4 0  9990
2 36687  98.6977 355.4299 0091683 158.4001 202.1073 14.04710049668534
FENGYUN 1C DEB          
1 36689U 99025DZK 26272.09120321  .00001249  00000+0  95096-3 0  9991
2 36689  98.4659 139.1346 0305289 233.6422 123.6203 13.75573082622032
FENGYUN 1C DEB          
1 36691U 99025DZM 26276.22605481  .00001745  00000+0  95496-3 0  9993
2 36691  98.6463 269.0419 0127203 120.3741 241.0077 14.09098525637546
FENGYUN 1C DEB          
1 36692U 99025DZN 26270.03907991  .00000578  00000+0  45265-3 0  9990
2 36692  99.9959 204.2259 0114245 330.6412  28.8359 13.93803647638217
FENGYUN 1C DEB          
1 36694U 99025DZQ 26276.39261635  .00000803  00000+0  36973-3 0  9992
2 36694  99.0437 331.3982 0102682 200.8278 158.8700 14.21244698678334
FENGYUN 1C DEB          
1 36695U 99025DZR 26275.65132115  .00000740  00000+0  15612-3 0  9998
2 36695  98.2548 253.1455 0253412 317.0340  41.1302 14.44477967938102
FENGYUN 1C DEB          
1 36696U 99025DZS 26272.30327507  .00002324  00000+0  71865-3 0  9991
2 36696  98.9792 300.9837 0023505 184.7261 175.3708 14.42136473685803
FENGYUN 1C DEB          
1 36699U 99025DZV 26276.21256850  .00000307  00000+0  14408-3 0  9999
2 36699  98.5780 268.5568 0093498 353.0498   6.9378 14.24619345775198
FENGYUN 1C DEB          
1 36701U 99025DZX 26276.35610455  .00001310  00000+0  11909-2 0  9990
2 36701 102.7529 331.8573 0256188 301.6971  55.9417 13.72611155651793
FENGYUN 1C DEB          
1 36703U 99025DZZ 26272.16084296  .00003429  00000+0  14341-2 0  9991
2 36703  97.8198  52.2918 0098194 165.2818 195.1259 14.24050044624011
FENGYUN 1C DEB          
1 36707U 99025EAD 26276.35933972  .00000731  00000+0  37361-3 0  9995
2 36707  98.7239 322.6789 0047818 357.8153   2.2806 14.18094397682549
FENGYUN 1C DEB          
1 36710U 99025EAG 26275.43206780  .00001898  00000+0  46552-3 0  9994
2 36710  98.3527 336.0771 0063473   4.3240 355.8491 14.52373879692131
FENGYUN 1C DEB          
1 36711U 99025EAH 26265.48786480  .00005664  00000+0  15006-2 0  9993
2 36711 100.7906   5.7598 0094520 135.8227 225.0554 14.46658574684084
FENGYUN 1C DEB          
1 36716U 99025EAN 26275.53292648  .00000110  00000+0  11708-3 0  9990
2 36716  99.2291 196.6286 0148651 157.7346 203.0355 13.88574358670084
FENGYUN 1C DEB          
1 36719U 99025EAR 26275.21212415  .00001581  00000+0  53532-3 0  9996
2 36719  98.5545  59.6005 0080146 318.4080  41.1027 14.36381132685626
FENGYUN 1C DEB          
1 36724U 99025EAW 26274.65273284  .00001589  00000+0  63440-3 0  9997
2 36724  99.4526 334.7920 0100757  86.1684  67.1348 14.27290868616481
FENGYUN 1C DEB          
1 36729U 99025EBB 26273.18084447  .00000147  00000+0  10555-3 0  9998
2 36729  98.7397 251.3964 0046519 148.6078 211.7885 14.10559451913607
FENGYUN 1C DEB          
1 36733U 99025EBF 26274.94165076  .00002260  00000+0  12046-2 0  9990
2 36733  99.3248 276.3250 0125593  32.1692 328.7062 14.10462056694693
FENGYUN 1C DEB          
1 36734U 99025EBG 26276.38755046  .00001544  00000+0  64107-3 0  9993
2 36734  99.0377 338.1863 0035009  94.4604 266.0576 14.27690513869368
FENGYUN 1C DEB          
1 36736U 99025EBJ 26276.45338869  .00001495  00000+0  61932-3 0  9991
2 36736  98.7913 356.3083 0057282   4.6231 355.5467 14.27241742928178
FENGYUN 1C DEB          
1 36743U 99025EBR 26276.35822803  .00001462  00000+0  56951-3 0  9993
2 36743  98.6326 327.5414 0046971 225.7819 133.9502 14.30662257649486
FENGYUN 1C DEB          
1 36986U 99025EBS 26255.68234757  .00002160  00000+0  10716-2 0  9994
2 36986  99.1334 333.5018 0085848 189.0604 170.9024 14.16367449856206
FENGYUN 1C DEB          
1 36987U 99025EBT 26274.51453141  .00000672  00000+0  88154-3 0  9996
2 36987 100.7969 183.2575 0319933  72.1854 291.3903 13.46240434648166
FENGYUN 1C DEB          
1 36990U 99025EBW 26273.36814249  .00000275  00000+0  32051-3 0  9996
2 36990  96.5669 131.1395 0288552 304.8700  52.5626 13.57227993868438
FENGYUN 1C DEB          
1 36994U 99025ECA 26276.11621440  .00000018  00000+0  44207-4 0  9997
2 36994  98.6801 223.6528 0114745 203.2133 156.3821 13.90879418849994
FENGYUN 1C DEB          
1 36995U 99025ECB 26275.89869503  .00000308  00000+0  21400-3 0  9997
2 36995  98.3002 135.4348 0039050 192.8860 167.1315 14.04926954676877
FENGYUN 1C DEB          
1 36996U 99025ECC 26275.66619465  .00001677  00000+0  68433-3 0  9990
2 36996  98.2592  49.7706 0250915 220.3027 154.5496 14.12959543638410
FENGYUN 1C DEB          
1 37003U 99025ECK 26275.80849036  .00000676  00000+0  49699-3 0  9996
2 37003  98.8281 292.8040 0097065  71.0710 104.1748 13.96681100647613
FENGYUN 1C DEB          
1 37006U 99025ECN 26270.60362082  .00001586  00000+0  27920-3 0  9997
2 37006  99.2809 193.9052 0251349 108.7545 254.1097 14.50716726693003
FENGYUN 1C DEB          
1 37008U 99025ECQ 26276.06990263  .00000994  00000+0  59439-3 0  9995
2 37008  99.1620  43.9273 0059406 155.3665 205.0362 14.08676819644574
FENGYUN 1C DEB          
1 37012U 99025ECU 26272.34353187  .00001747  00000+0  10446-2 0  9996
2 37012  98.5336 116.7859 0186912 245.3602 112.7995 14.00030077630235
FENGYUN 1C DEB          
1 37017U 99025ECZ 26276.61095716  .00001296  00000+0  25588-3 0  9999
2 37017  98.8211 236.0489 0271232 204.8487 153.9439 14.43652865654127
FENGYUN 1C DEB          
1 37018U 99025EDA 26273.83853088  .00006829  00000+0  14686-2 0  9998
2 37018  98.4968 133.1658 0185178 115.9711 246.0689 14.48658324677489
FENGYUN 1C DEB          
1 37019U 99025EDB 26276.49764224  .00001557  00000+0  46632-3 0  9997
2 37019  98.5702   3.9649 0167711 171.2845 189.1318 14.36456796689909
FENGYUN 1C DEB          
1 37021U 99025EDD 26273.83150508  .00001087  00000+0  34509-3 0  9997
2 37021  98.3754 286.1671 0175456 103.5900  69.7388 14.33463310742370
FENGYUN 1C DEB          
1 37028U 99025EDL 26276.06365301  .00001964  00000+0  85834-3 0  9992
2 37028  99.2415 203.7922 0034894 344.9740  15.0397 14.24765375646641
FENGYUN 1C DEB          
1 37036U 99025EDU 26276.21159298  .00000127  00000+0  10110-3 0  9999
2 37036  98.7373 262.2114 0122204 309.8978  49.1497 14.03859225678791
FENGYUN 1C DEB          
1 37042U 99025EEA 26272.22656736  .00011440  00000+0  13088-2 0  9998
2 37042  98.6103  57.8666 0044571 185.4154 174.6583 14.85454525770979
FENGYUN 1C DEB          
1 37044U 99025EEC 26275.52038827  .00001810  00000+0  80411-3 0  9996
2 37044  98.9648   9.0077 0497083 101.7528 263.9812 13.73735430878888
FENGYUN 1C DEB          
1 37046U 99025EEE 26274.24822034  .00000771  00000+0  33879-3 0  9998
2 37046  98.5358 285.7830 0049368 171.7774 188.4227 14.25690565683481
FENGYUN 1C DEB          
1 37047U 99025EEF 26276.35543594  .00001835  00000+0  13458-2 0  9996
2 37047  99.1208 326.1523 0233322 143.9942 217.7188 13.84866015661594
FENGYUN 1C DEB          
1 37048U 99025EEG 26273.38663576  .00000161  00000+0  19506-3 0  9992
2 37048  98.8568 115.1867 0253754 105.5415  15.7587 13.65329037661492
FENGYUN 1C DEB          
1 37049U 99025EEH 26264.83191210  .00002652  00000+0  77831-3 0  9996
2 37049  99.2526 284.5254 0033799  78.7099 281.7885 14.44435708678212
FENGYUN 1C DEB          
1 37053U 99025EEM 26275.61957584  .00002541  00000+0  57157-3 0  9999
2 37053  99.1628  54.5668 0039330   7.6977  48.1257 14.57008497693137
FENGYUN 1C DEB          
1 37054U 99025EEN 26273.75156889  .00000319  00000+0  16250-3 0  9992
2 37054  98.5815 251.8028 0099651 341.8881  17.8755 14.19791071685727
FENGYUN 1C DEB          
1 37056U 99025EEQ 26276.36306871  .00000609  00000+0  10803-3 0  9992
2 37056  98.9509 323.3908 0264499 338.9686  20.0787 14.51495709696840
FENGYUN 1C DEB          
1 37057U 99025EER 26275.84272789  .00000265  00000+0  15832-3 0  9990
2 37057  98.9147 286.9522 0284200  48.7189 313.8076 13.96471176677024
FENGYUN 1C DEB          
1 37060U 99025EEU 26276.42225317  .00000056  00000+0  66018-4 0  9995
2 37060  99.0508 336.8231 0078907 254.6308 104.6128 14.00932381668322
FENGYUN 1C DEB          
1 37061U 99025EEV 26273.27543835  .00001645  00000+0  83564-3 0  9993
2 37061  98.0562 276.2138 0797035   1.8352 358.5410 13.15637683119862
FENGYUN 1C DEB          
1 37064U 99025EEY 26275.67777021  .00003099  00000+0  14205-2 0  9998
2 37064  98.9086  73.7371 0099190 342.3288  17.4446 14.19510587857016
FENGYUN 1C DEB          
1 37065U 99025EEZ 26273.98308875  .00001221  00000+0  12881-2 0  9991
2 37065 103.2832 196.8702 0297699 329.3685  29.0350 13.60303749261748
FENGYUN 1C DEB          
1 37067U 99025EFB 26276.12560739  .00006514  00000+0  37956-2 0  9991
2 37067  99.5030 236.0567 0140389  24.6439 336.1350 14.04050040615352
FENGYUN 1C DEB          
1 37069U 99025EFD 26276.37756181  .00000935  00000+0  10644-2 0  9994
2 37069  95.8433 127.7689 0418531 181.7443 178.2261 13.39105137916500
FENGYUN 1C DEB          
1 37077U 99025EFM 26276.03764468  .00000617  00000+0  19378-3 0  9994
2 37077  99.0212  12.6731 0095424 177.6141 182.5521 14.41827869891956
FENGYUN 1C DEB          
1 37079U 99025EFP 26276.23789218  .00007119  00000+0  12182-2 0  9997
2 37079  98.8696  78.9564 0009942 307.9166  52.1138 14.69149157689289
FENGYUN 1C DEB          
1 37081U 99025EFR 26274.19989909  .00010375  00000+0  33775-2 0  9991
2 37081  98.6799  66.1685 0247984 226.6412 131.3868 14.22887586627228
FENGYUN 1C DEB          
1 37400U 99025EFS 26275.23326154  .00000261  00000+0  21566-3 0  9998
2 37400  98.8413  91.7726 0401344  87.6277 277.0748 13.63962139841948
FENGYUN 1C DEB          
1 37404U 99025EFW 26275.83398358  .00000684  00000+0  26499-3 0  9992
2 37404  98.4598 276.3358 0044138  14.2658 106.6487 14.32557882869508
FENGYUN 1C DEB          
1 37406U 99025EFY 26275.87620359  .00000676  00000+0  40231-3 0  9998
2 37406  98.4172 132.3674 0147935 152.3883 222.6178 14.05046641673621
FENGYUN 1C DEB          
1 37415U 99025EGH 26276.04697575  .00000144  00000+0  21238-3 0  9998
2 37415  98.9835   1.4952 0285148 151.0343 210.6961 13.52252284662991
FENGYUN 1C DEB          
1 37417U 99025EGK 26269.78240729  .00000245  00000+0  16565-3 0  9997
2 37417  98.8173 260.3949 0078952 169.1724 191.1168 14.07658404724025
FENGYUN 1C DEB          
1 37418U 99025EGL 26275.24450564  .00000269  00000+0  69806-3 0  9998
2 37418  98.6127  74.4313 1069591  99.3073 273.0319 11.95480753529916
FENGYUN 1C DEB          
1 37420U 99025EGN 26275.66883030  .00000441  00000+0  32138-3 0  9995
2 37420  98.8836 261.8035 0072009 175.2537 184.9327 13.99996249638779
FENGYUN 1C DEB          
1 37421U 99025EGP 26274.24369113  .00000284  00000+0  35385-3 0  9992
2 37421  98.9106 199.6645 0408201  70.6995 293.7810 13.40766671648653
FENGYUN 1C DEB          
1 37422U 99025EGQ 26270.19470614  .00006199  00000+0  16343-2 0  9995
2 37422  98.8626  43.8337 0025841 243.0094 116.8459 14.49152603670045
FENGYUN 1C DEB          
1 37423U 99025EGR 26271.93005407  .00000709  00000+0  43584-3 0  9992
2 37423  98.7601 318.9649 0048575  63.5437 297.0704 14.08168142676934
FENGYUN 1C DEB          
1 37424U 99025EGS 26275.97989762  .00000932  00000+0  36690-3 0  9994
2 37424  97.2073 354.7770 0213862 121.8834 240.3351 14.19087315727454
FENGYUN 1C DEB          
1 37427U 99025EGV 26276.24923925  .00002876  00000+0  16561-3 0  9991
2 37427  98.6419  95.7030 0168193  49.0557 312.5084 15.02209606647397
FENGYUN 1C DEB          
1 37428U 99025EGW 26273.78246912  .00002604  00000+0  86826-3 0  9992
2 37428  97.6978 110.9805 0053047 293.4059  66.1557 14.37480076676286
FENGYUN 1C DEB          
1 37429U 99025EGX 26274.18470731  .00000418  00000+0  24903-3 0  9995
2 37429  98.6638 258.2408 0102001 248.4618 110.5656 14.10035537672078
FENGYUN 1C DEB          
1 37430U 99025EGY 26273.04615565  .00001857  00000+0  72135-3 0  9995
2 37430  98.7506 353.9212 0016400 291.7284  68.2153 14.31050311658657
FENGYUN 1C DEB          
1 37432U 99025EHA 26274.28341364  .00001492  00000+0  28671-3 0  9998
2 37432  98.1753 286.2989 0179692 102.2765 259.8616 14.55298578126296
FENGYUN 1C DEB          
1 37433U 99025EHB 26275.71507420  .00002999  00000+0  14209-2 0  9999
2 37433  98.0912  91.3470 0206178  86.6993 275.7743 14.09665348278738
FENGYUN 1C DEB          
1 37435U 99025EHD 26275.92115931  .00001038  00000+0  47182-3 0  9996
2 37435  98.6245 311.5510 0039656 238.3032 121.4278 14.23480133931236
FENGYUN 1C DEB          
1 37436U 99025EHE 26270.37066015  .00000676  00000+0  42580-3 0  9993
2 37436  98.9015 325.6911 0059388  61.6671 299.0471 14.06773517680562
FENGYUN 1C DEB          
1 37437U 99025EHF 26276.23222405  .00000504  00000+0  24520-3 0  9996
2 37437  98.6080 264.4215 0110297 278.5142 146.6809 14.19413190681686
FENGYUN 1C DEB          
1 37438U 99025EHG 26275.91490926  .00000574  00000+0  31055-3 0  9994
2 37438  98.7116 313.8077 0029874 101.8249 258.6278 14.16127626642986
FENGYUN 1C DEB          
1 37439U 99025EHH 26261.51850877  .00001501  00000+0  72466-3 0  9993
2 37439  99.0275 354.6627 0053093  21.9117  45.6313 14.19466710652299
FENGYUN 1C DEB          
1 37441U 99025EHK 26275.22159388  .00000425  00000+0  63859-3 0  9998
2 37441  99.1467  88.1355 0507728  74.5503 291.1087 13.14736949860289
FENGYUN 1C DEB          
1 37444U 99025EHN 26274.76458454  .00002645  00000+0  48346-3 0  9995
2 37444  99.0813  22.7413 0238468 192.0032 167.5416 14.50160948693951
FENGYUN 1C DEB          
1 37445U 99025EHP 26276.51314276  .00000812  00000+0  29851-3 0  9998
2 37445  99.2506  12.0076 0168167 165.9332 194.6617 14.28121130686467
FENGYUN 1C DEB          
1 37447U 99025EHR 26271.39893317  .00000818  00000+0  41010-3 0  9996
2 37447  98.7576 333.0201 0040584 119.6736 240.8490 14.18920717675673
FENGYUN 1C DEB          
1 37448U 99025EHS 26276.01077913  .00000888  00000+0  54268-3 0  9993
2 37448  99.2999 345.1724 0301315 348.1867  11.2328 13.88350596664574
FENGYUN 1C DEB          
1 37453U 99025EHX 26274.91326777  .00001292  00000+0  98173-3 0  9994
2 37453  97.6323 156.0850 0356305 162.6321 198.7394 13.68911931936340
FENGYUN 1C DEB          
1 37457U 99025EJB 26273.47263912  .00001895  00000+0  82041-3 0  9995
2 37457  99.0868 356.5584 0059381 318.2935  41.3723 14.24645076642226
FENGYUN 1C DEB          
1 37460U 99025EJE 26275.95323392  .00003473  00000+0  86123-3 0  9992
2 37460  98.3909  95.4859 0052960 111.0139 249.6733 14.51682987867532
FENGYUN 1C DEB          
1 37461U 99025EJF 26266.41523305  .00001235  00000+0  22042-2 0  9993
2 37461  99.8605 125.8343 0662351  61.8362 304.8027 12.79839941556750
FENGYUN 1C DEB          
1 37464U 99025EJJ 26274.84737597  .00001224  00000+0  11086-2 0  9996
2 37464 102.7143 283.7656 0449374 194.3541 164.4455 13.48730629648717
FENGYUN 1C DEB          
1 37474U 99025EJU 26269.51195531  .00009610  00000+0  11258-2 0  9999
2 37474  99.1291 158.6108 0120753 318.3947  40.8120 14.80126265666266
FENGYUN 1C DEB          
1 37476U 99025EJW 26275.04255441  .00000500  00000+0  13508-2 0  9992
2 37476  98.9509 212.0671 1076889  15.4633 347.6774 11.91581346709361
FENGYUN 1C DEB          
1 37477U 99025EJX 26276.24643735  .00000973  00000+0  47053-3 0  9990
2 37477  98.6099 277.9430 0037016 337.0459  22.9062 14.20448484860948
FENGYUN 1C DEB          
1 37478U 99025EJY 26276.61035311  .00000555  00000+0  90655-3 0  9999
2 37478  99.6588 234.0795 0549159 359.9813   0.1195 13.03921077604039
FENGYUN 1C DEB          
1 37588U 99025EKG 26275.84994910  .00001281  00000+0  66250-3 0  9995
2 37588  98.1285 302.0432 0080611 282.9869 254.5985 14.14889951624101
FENGYUN 1C DEB          
1 37589U 99025EKH 26272.96856068  .00002555  00000+0  13743-2 0  9990
2 37589  99.0670 182.8359 0111433 165.7125 194.7241 14.10627523866875
FENGYUN 1C DEB          
1 37591U 99025EKK 26276.15034910  .00008612  00000+0  16377-2 0  9998
2 37591  98.4051 230.9757 0059152 160.6587 213.2601 14.63244486707575
FENGYUN 1C DEB          
1 37593U 99025EKM 26275.54254809  .00001761  00000+0  52501-3 0  9991
2 37593  98.9941 171.8485 0146786 333.4973 147.8517 14.38426022903420
FENGYUN 1C DEB          
1 37594U 99025EKN 26271.87678322  .00000240  00000+0  15058-3 0  9991
2 37594  98.7077 297.9267 0086124 165.3614 195.0082 14.11354122818542
FENGYUN 1C DEB          
1 37595U 99025EKP 26275.93295405  .00016744  00000+0  18427-2 0  9998
2 37595  99.0379 167.1480 0016911 151.6892 272.7967 14.87566766669574
FENGYUN 1C DEB          
1 37600U 99025EKU 26274.19800547  .00002228  00000+0  12356-2 0  9998
2 37600  98.9255  62.3422 0347418 338.1083  20.5531 13.85762981925347
FENGYUN 1C DEB          
1 37682U 99025EKX 26270.90633638  .00001180  00000+0  11014-2 0  9994
2 37682  98.5860 252.3981 0225304 307.0948  50.9797 13.72966029664009
FENGYUN 1C DEB          
1 37683U 99025EKY 26275.90444198  .00001125  00000+0  90147-3 0  9995
2 37683  97.9810 137.4331 0581664  94.6823 284.6530 13.32993401331580
FENGYUN 1C DEB          
1 37686U 99025ELB 26273.23351032  .00000244  00000+0  35173-3 0  9995
2 37686  99.0240 263.4088 0396297  38.9914 336.1060 13.35580856645184
FENGYUN 1C DEB          
1 37687U 99025ELC 26270.25561552  .00003697  00000+0  20564-2 0  9997
2 37687  98.1877 275.3578 0325006 280.9070 138.4814 13.88094723872531
FENGYUN 1C DEB          
1 37689U 99025ELE 26274.13353318  .00003590  00000+0  87916-3 0  9996
2 37689  98.9076 337.4016 0019850  85.8836 274.4627 14.53033261620535
FENGYUN 1C DEB          
1 37690U 99025ELF 26273.34532672  .00000860  00000+0  43717-3 0  9990
2 37690  98.7370 315.0513 0041618 177.7152 242.1644 14.18019098678970
FENGYUN 1C DEB          
1 37691U 99025ELG 26274.57405755  .00011136  00000+0  12387-2 0  9994
2 37691  98.3547 187.7542 0246733 315.8477  42.3263 14.67667975899169
FENGYUN 1C DEB          
1 37693U 99025ELJ 26276.21961899  .00000734  00000+0  43822-3 0  9996
2 37693  98.7064 270.7773 0070981 324.0574  97.4308 14.09026970662954
FENGYUN 1C DEB          
1 37694U 99025ELK 26276.38830126  .00001719  00000+0  76778-3 0  9993
2 37694  98.1824 326.2562 0143096 314.3450 100.7398 14.18583512558792
FENGYUN 1C DEB          
1 37695U 99025ELL 26275.82700497  .00000559  00000+0  34989-3 0  9998
2 37695  98.1882 279.8158 0459646 192.9119 294.8352 13.65817307932653
FENGYUN 1C DEB          
1 37701U 99025ELS 26254.10929778  .00004268  00000+0  21716-2 0  9993
2 37701  97.6462   6.2448 0247992 143.3018 343.5032 14.01548162798759
FENGYUN 1C DEB          
1 37704U 99025ELV 26275.92298190  .00000796  00000+0  75434-3 0  9995
2 37704  98.3404  75.2796 0240224 108.6889  41.8148 13.71187110663956
FENGYUN 1C DEB          
1 37707U 99025ELY 26275.97932111  .00001055  00000+0  21657-3 0  9998
2 37707 100.1964 351.0302 0139878 247.4537 291.9528 14.57797390898518
FENGYUN 1C DEB          
1 37712U 99025EMD 26276.22084291  .00000688  00000+0  23891-3 0  9993
2 37712  98.8572  68.0521 0078429 203.5022 331.7889 14.37154612681892
FENGYUN 1C DEB          
1 37714U 99025EMF 26267.56772978  .00003021  00000+0  10677-2 0  9999
2 37714  98.9053  32.3114 0045686 324.3464  35.4670 14.34839967616054
FENGYUN 1C DEB          
1 37715U 99025EMG 26276.26667066  .00000203  00000+0  17053-3 0  9993
2 37715  98.9574 280.8240 0114074  23.5576 350.5852 13.95789546619120
FENGYUN 1C DEB          
1 37716U 99025EMH 26276.03016384  .00001482  00000+0  58082-3 0  9997
2 37716  98.6614 341.2014 0032987  70.3013  49.3542 14.30614186647769
FENGYUN 1C DEB          
1 37717U 99025EMJ 26275.80438834  .00019753  00000+0  10434-2 0  9998
2 37717  98.7496 275.2277 0034829 211.4584 274.0163 15.15035130938213
FENGYUN 1C DEB          
1 37719U 99025EML 26268.01492105  .00002215  00000+0  48214-3 0  9999
2 37719  99.4750 338.7416 0044170 126.0880 357.4140 14.58620450 44092
FENGYUN 1C DEB          
1 37899U 99025EMY 26270.38026201  .00001915  00000+0  15396-2 0  9991
2 37899  98.7872 109.4790 0204057 276.8957  80.9024 13.82532291596583
FENGYUN 1C DEB          
1 37900U 99025EMZ 26272.24033226  .00002269  00000+0  11952-2 0  9993
2 37900 102.3085  95.5587 0207863 240.2080 117.8260 14.05143698638925
FENGYUN 1C DEB          
1 37902U 99025ENB 26275.96372997  .00001270  00000+0  14091-2 0  9996
2 37902  98.6701 105.5084 0318465 267.5153  88.9499 13.53613100669565
FENGYUN 1C DEB          
1 37906U 99025ENF 26269.39746280  .00000289  00000+0  28708-3 0  9990
2 37906  99.5698 319.4859 0162088 352.5761  20.0402 13.81089231634261
FENGYUN 1C DEB          
1 37907U 99025ENG 26276.17188781  .00002229  00000+0  93496-3 0  9993
2 37907  99.0890  44.4021 0056801  60.7156 299.9684 14.26139373874660
FENGYUN 1C DEB          
1 37908U 99025ENH 26275.43827817  .00000574  00000+0  20262-3 0  9994
2 37908  99.1180 330.2802 0073253  20.0334 340.3700 14.37326660682794
FENGYUN 1C DEB          
1 37911U 99025ENL 26262.05610300  .00001223  00000+0  81532-3 0  9998
2 37911  99.2883 349.8327 0137640  63.6673 297.8551 13.98595706806262
FENGYUN 1C DEB          
1 37912U 99025ENM 26274.40759253  .00001967  00000+0  10304-2 0  9995
2 37912  99.2410 257.0086 0089173 322.3682  37.1272 14.13503284814209
FENGYUN 1C DEB          
1 37914U 99025ENP 26275.24823068  .00000965  00000+0  49222-3 0  9995
2 37914  99.2190 283.4712 0066048 245.8003 113.6258 14.17135478663449
FENGYUN 1C DEB          
1 37917U 99025ENS 26265.06131827  .00000966  00000+0  51834-3 0  9995
2 37917  98.9320   8.0593 0045236 326.0174  33.8104 14.14901459678297
FENGYUN 1C DEB          
1 37918U 99025ENT 26272.37554102  .00000768  00000+0  27997-3 0  9996
2 37918  99.0603 240.5141 0055147 152.3863 208.0269 14.35302415 77104
FENGYUN 1C DEB          
1 37919U 99025ENU 26274.70492813  .00000456  00000+0  20355-3 0  9991
2 37919  99.0862 228.4663 0047249 251.0496 108.5559 14.27335734690871
FENGYUN 1C DEB          
1 37920U 99025ENV 26273.18174958  .00001751  00000+0  72280-3 0  9994
2 37920  98.8278 354.9647 0054385  98.9089 291.7102 14.27275816682956
FENGYUN 1C DEB          
1 37921U 99025ENW 26271.93875306 -.00000027  00000+0  11251-4 0  9999
2 37921  98.9863 311.1700 0083600  23.8641 336.6362 13.95299032671940
FENGYUN 1C DEB          
1 37925U 99025EPA 26274.51057036  .00005013  00000+0  56435-3 0  9993
2 37925  99.0597 188.3562 0050029 135.9801 224.5412 14.86304033700248
FENGYUN 1C DEB          
1 37926U 99025EPB 26275.71067366  .00001421  00000+0  60687-3 0  9997
2 37926  98.7025 341.7878 0052899  89.9473  37.7947 14.25829770784574
FENGYUN 1C DEB          
1 37927U 99025EPC 26275.75699941  .00011766  00000+0  13228-2 0  9993
2 37927  98.8182  93.0072 0005031  55.8520 304.3170 14.86883941694662
FENGYUN 1C DEB          
1 37928U 99025EPD 26275.44731855  .00000753  00000+0  25750-3 0  9999
2 37928  98.8799 165.3427 0070092 247.0418 112.3362 14.38012752854124
FENGYUN 1C DEB          
1 38115U 99025EPL 26255.15826422  .00005235  00000+0  25992-2 0  9996
2 38115  97.6988  36.0306 0253713 169.9089 190.7314 14.02084822278483
FENGYUN 1C DEB          
1 38116U 99025EPM 26275.36182039  .00000243  00000+0  13756-3 0  9991
2 38116  98.6831 312.8011 0070799  25.7527  40.5543 14.17498264686447
FENGYUN 1C DEB          
1 38119U 99025EPQ 26276.37326820  .00004374  00000+0  16259-2 0  9993
2 38119  98.5885 345.1998 0221192 101.8592 260.7481 14.19944861581840
FENGYUN 1C DEB          
1 38121U 99025EPS 26273.74606988  .00000695  00000+0  26859-3 0  9990
2 38121  99.1474  80.8682 0203130  13.3301 347.3132 14.22920204880716
FENGYUN 1C DEB          
1 38122U 99025EPT 26275.76913917  .00001210  00000+0  27352-3 0  9991
2 38122  98.3246 276.7123 0223673 346.7779  12.7608 14.43870070719807
FENGYUN 1C DEB          
1 38124U 99025EPV 26269.93453206  .00000082  00000+0  14286-3 0  9993
2 38124  97.8110 162.8588 0355080 279.8058  76.3163 13.41053528584447
FENGYUN 1C DEB          
1 38125U 99025EPW 26274.40967045  .00000612  00000+0  87047-3 0  9997
2 38125 100.2149 343.7585 0407820 338.4031  20.0311 13.31328510857280
FENGYUN 1C DEB          
1 38130U 99025EQB 26275.87434902  .00001022  00000+0  89607-3 0  9996
2 38130  98.5876 305.0111 0207042 152.7808 208.4380 13.78231094733339
FENGYUN 1C DEB          
1 38135U 99025EQG 26275.90162390  .00000447  00000+0  16248-3 0  9995
2 38135  98.6227 333.7042 0219259 293.4072  64.4188 14.25961043652327
FENGYUN 1C DEB          
1 38136U 99025EQH 26255.35653859  .00001471  00000+0  10019-2 0  9995
2 38136  98.5608  94.3947 0140501  55.6606 305.7761 13.96688321126021
FENGYUN 1C DEB          
1 38137U 99025EQJ 26272.91178860  .00000331  00000+0  22481-3 0  9992
2 38137  98.8298 314.0274 0045030 332.8832  26.9985 14.06394925678014
FENGYUN 1C DEB          
1 38138U 99025EQK 26272.54205196  .00002759  00000+0  90190-3 0  9993
2 38138  98.8051  19.9453 0037259 190.3298 169.7127 14.38973737679822
FENGYUN 1C DEB          
1 38143U 99025EQQ 26273.97075905  .00000557  00000+0  36525-3 0  9996
2 38143  98.9934 332.9480 0056316 128.1120 232.5145 14.05391653643875
FENGYUN 1C DEB          
1 38144U 99025EQR 26275.19609942  .00000866  00000+0  92385-3 0  9996
2 38144  98.9904  80.5714 0289186 152.6075 209.0654 13.59684488650245
FENGYUN 1C DEB          
1 38146U 99025EQT 26276.62108558  .00002005  00000+0  31764-3 0  9995
2 38146  99.4918  44.8113 0192772 296.0762  72.6501 14.62092190361853
FENGYUN 1C DEB          
1 38147U 99025EQU 26275.25931392  .00000605  00000+0  27761-3 0  9990
2 38147  98.5501 286.5296 0050494 163.4306 196.8537 14.24124868645640
FENGYUN 1C DEB          
1 38148U 99025EQV 26276.53437639  .00001569  00000+0  10379-2 0  9994
2 38148  99.0618  32.1997 0152936  34.9758 326.1337 13.97496262637529
FENGYUN 1C DEB          
1 38149U 99025EQW 26275.75091542  .00000275  00000+0  12804-3 0  9996
2 38149  98.3818 259.9291 0077998  18.8632 341.5410 14.26216566746788
FENGYUN 1C DEB          
1 38155U 99025ERC 26273.52134029  .00003566  00000+0  13797-2 0  9991
2 38155  98.4357 172.6615 0097866 352.6800   7.2947 14.28074163679364
FENGYUN 1C DEB          
1 38157U 99025ERE 26276.12509726  .00001581  00000+0  49948-3 0  9995
2 38157  99.6616 216.5184 0270486   6.7839 353.6882 14.23093437804339
FENGYUN 1C DEB          
1 38158U 99025ERF 26275.87816494  .00000599  00000+0  59619-3 0  9994
2 38158  99.2628 298.2665 0214152  38.5207 323.1008 13.72317586609163
FENGYUN 1C DEB          
1 38159U 99025ERG 26266.95578332  .00000602  00000+0  40630-3 0  9998
2 38159  99.2915 170.1907 0055564 275.7881  83.6951 14.03824178871131
FENGYUN 1C DEB          
1 38163U 99025ERL 26276.40539122  .00000868  00000+0  53663-3 0  9992
2 38163  99.1002 319.8752 0076637 142.6086 218.0449 14.06549338286833
FENGYUN 1C DEB          
1 38166U 99025ERP 26276.62518666  .00003942  00000+0  13851-2 0  9999
2 38166  99.0827  38.8615 0051348 262.8762  96.6581 14.34815610679961
FENGYUN 1C DEB          
1 38168U 99025ERR 26276.06754917  .00002420  00000+0  82397-3 0  9992
2 38168  98.7895  19.3356 0038017 323.9162  35.9459 14.37060876686890
FENGYUN 1C DEB          
1 38169U 99025ERS 26274.28009238  .00004710  00000+0  62750-3 0  9999
2 38169  98.9868 286.1293 0024798 230.4177 129.4842 14.80014912655851
FENGYUN 1C DEB          
1 38172U 99025ERV 26276.15339259  .00000463  00000+0  58183-3 0  9996
2 38172 100.4281  28.8595 0279405 328.4450  30.0188 13.55015712656590
FENGYUN 1C DEB          
1 38173U 99025ERW 26272.55478131  .00002429  00000+0  69131-3 0  9999
2 38173  98.9859 191.6077 0158384 337.0033  22.4116 14.39249733648246
FENGYUN 1C DEB          
1 38491U 99025ESA 26261.23334904  .00000552  00000+0  34729-3 0  9994
2 38491  98.9391 264.6711 0224669 336.6456  22.4624 13.96695371703612
FENGYUN 1C DEB          
1 38492U 99025ESB 26273.41931653  .00001644  00000+0  98895-3 0  9999
2 38492  98.6149 331.2026 0223814  61.1361 301.2065 13.96313528600712
FENGYUN 1C DEB          
1 38493U 99025ESC 26276.58352702  .00000114  00000+0  10850-3 0  9999
2 38493  99.1130 222.3475 0425484 200.0855 158.3097 13.62587667605133
FENGYUN 1C DEB          
1 38494U 99025ESD 26256.75469486  .00004512  00000+0  15533-2 0  9993
2 38494  98.4581 192.6591 0370632 311.8111  45.1943 14.04188392110092
FENGYUN 1C DEB          
1 38495U 99025ESE 26255.23939735  .00001647  00000+0  15306-2 0  9999
2 38495  99.1556 263.7063 0249487 142.5475 219.3351 13.70425779648574
FENGYUN 1C DEB          
1 38496U 99025ESF 26274.24798277  .00000709  00000+0  40998-3 0  9990
2 38496  98.7622 281.5995 0075662 257.9463 101.3222 14.10737044851441
FENGYUN 1C DEB          
1 38498U 99025ESH 26271.71949929  .00000182  00000+0  36764-3 0  9994
2 38498  99.6971 265.5385 0555345 132.4175 232.5312 12.97055752575029
FENGYUN 1C DEB          
1 38499U 99025ESJ 26276.34232969  .00001191  00000+0  10376-2 0  9999
2 38499  98.4014 143.1384 0227519  66.3604 296.1255 13.76383100796112
FENGYUN 1C DEB          
1 38500U 99025ESK 26274.41977369  .00001749  00000+0  13656-2 0  9991
2 38500  98.6478 343.8740 0203010 155.2333 205.8736 13.84224575272628
FENGYUN 1C DEB          
1 38510U 99025ESV 26258.22741018  .00000735  00000+0  39063-3 0  9998
2 38510  98.6022 261.8471 0099013  79.3616 281.8690 14.13909907925765
FENGYUN 1C DEB          
1 38512U 99025ESX 26273.03526461  .00000695  00000+0  63727-3 0  9998
2 38512  98.3559 124.2479 0228009  39.4854 322.2668 13.74652605635713
FENGYUN 1C DEB          
1 38513U 99025ESY 26273.51838780  .00006715  00000+0  52353-3 0  9994
2 38513  97.5983 165.4272 0226072  10.6066 349.9801 14.83450353679730
FENGYUN 1C DEB          
1 38514U 99025ESZ 26265.73623801  .00002408  00000+0  82807-3 0  9998
2 38514  98.0458 274.7021 0248143 260.5971  96.7079 14.21037321920241
FENGYUN 1C DEB          
1 38516U 99025ETB 26274.21114973  .00000165  00000+0  69970-4 0  9993
2 38516  98.4723 256.8543 0109907 337.3939  22.2425 14.34255548890650
FENGYUN 1C DEB          
1 38519U 99025ETE 26275.19618663  .00001459  00000+0  11154-2 0  9995
2 38519  99.5547 262.6493 0170089 341.1134  18.3763 13.88626399888097
FENGYUN 1C DEB          
1 38717U 99025ETJ 26273.04243110  .00001521  00000+0  70673-3 0  9990
2 38717  99.1447 303.5231 0054313 243.1408 146.4614 14.21469758625632
FENGYUN 1C DEB          
1 38722U 99025ETP 26264.61173363  .00005338  00000+0  86668-3 0  9992
2 38722  99.3632  45.4779 0128752 318.1728  40.9687 14.66273462745996
FENGYUN 1C DEB          
1 38724U 99025ETR 26274.97434110  .00003854  00000+0  17553-2 0  9991
2 38724  98.7333 283.7450 0118448 311.4812  47.6242 14.18599749607773
FENGYUN 1C DEB          
1 38725U 99025ETS 26272.85290049  .00003661  00000+0  10137-2 0  9995
2 38725  98.8900  56.2829 0032576 109.7669 250.7040 14.46969284775576
FENGYUN 1C DEB          
1 38727U 99025ETU 26275.77809235  .00001604  00000+0  96506-3 0  9994
2 38727  98.6179 263.2645 0103886 111.8651  11.5944 14.05452542759610
FENGYUN 1C DEB          
1 38728U 99025ETV 26275.92806806  .00002474  00000+0  37001-3 0  9994
2 38728  99.2565 309.2513 0068796 225.9510 256.7114 14.74298161699417
FENGYUN 1C DEB          
1 38789U 99025EUD 26275.51612545  .00000885  00000+0  20012-3 0  9999
2 38789  98.8281 179.6838 0201477 223.7037 311.7653 14.47388212660930
FENGYUN 1C DEB          
1 38795U 99025EUK 26254.18828045  .00000631  00000+0  71715-3 0  9995
2 38795  98.7047 240.8924 0494194 298.5404  56.6821 13.30882081821352
FENGYUN 1C DEB          
1 38797U 99025EUM 26275.95365744  .00000013  00000+0  59191-4 0  9996
2 38797  99.4521 165.3713 0244420 189.3988 170.2536 13.61866351632874
FENGYUN 1C DEB          
1 38798U 99025EUN 26276.03434484  .00000082  00000+0  15559-3 0  9990
2 38798  98.8255   4.6298 0409009  94.2916 270.5047 13.29257285226443
FENGYUN 1C DEB          
1 38799U 99025EUP 26275.49706932  .00002260  00000+0  49425-3 0  9999
2 38799  98.3826 355.0086 0159733 172.5186 187.8448 14.51121925682961
FENGYUN 1C DEB          
1 38801U 99025EUR 26271.38621987  .00001073  00000+0  25415-3 0  9997
2 38801  98.3366 314.0258 0342435 218.9478 152.1154 14.26049377684875
FENGYUN 1C DEB          
1 38809U 99025EUZ 26270.23560693  .00000498  00000+0  20547-3 0  9995
2 38809  98.5873 276.5153 0220579 214.6379 144.0264 14.18854888732969
FENGYUN 1C DEB          
1 38813U 99025EVD 26273.83483678  .00000449  00000+0  23096-3 0  9994
2 38813  99.3447 292.5313 0006085  22.5892 337.5549 14.20702832523974
FENGYUN 1C DEB          
1 38817U 99025EVH 26274.78306682  .00000792  00000+0  86368-3 0  9994
2 38817  98.5751 113.9623 0290555 359.9471   0.1596 13.58491859698123
FENGYUN 1C DEB          
1 38818U 99025EVJ 26269.38177234  .00000694  00000+0  22394-3 0  9994
2 38818  98.2632 321.1668 0085509 313.3119 106.8907 14.40141659713877
FENGYUN 1C DEB          
1 38819U 99025EVK 26262.26662007  .00000454  00000+0  22639-3 0  9998
2 38819  98.6377 252.9618 0080963 104.9165 269.8154 14.19843171674580
FENGYUN 1C DEB          
1 38824U 99025EVQ 26276.38332603  .00002359  00000+0  11503-2 0  9991
2 38824  99.2989  67.5997 0093322  96.4328 264.7481 14.16862387733064
FENGYUN 1C DEB          
1 38827U 99025EVT 26276.28304731  .00001029  00000+0  29634-3 0  9992
2 38827  98.3677 295.1011 0214260 155.5119 205.6428 14.34257847652804
FENGYUN 1C DEB          
1 38829U 99025EVV 26272.32449003  .00000593  00000+0  35969-3 0  9990
2 38829  98.7385 284.8878 0039468 288.0805  71.6068 14.09725825682263
FENGYUN 1C DEB          
1 38832U 99025EVY 26276.36941221  .00001107  00000+0  68959-3 0  9998
2 38832  99.2433 331.6129 0084494 307.5557  51.7955 14.05375573678959
FENGYUN 1C DEB          
1 39537U 99025EWE 26264.35551864  .00001106  00000+0  90239-3 0  9992
2 39537  99.1716  48.5732 0171283 302.9200  55.5580 13.85348966631684
FENGYUN 1C DEB          
1 39540U 99025EWH 26275.97752406  .00001631  00000+0  20542-2 0  9993
2 39540 106.1851 320.4179 0398995 151.9687 330.9169 13.38020922730327
FENGYUN 1C DEB          
1 39541U 99025EWJ 26275.37666064  .00000585  00000+0  28315-3 0  9996
2 39541  98.6480 316.7007 0069579 304.6615  54.8017 14.21030114631725
FENGYUN 1C DEB          
1 39543U 99025EWL 26272.30188290  .00000645  00000+0  51228-3 0  9994
2 39543  99.0191 290.0588 0338211  97.2048 266.7673 13.70748743531656
FENGYUN 1C DEB          
1 39544U 99025EWM 26275.90635253  .00000126  00000+0  10175-3 0  9990
2 39544  98.7024 149.1759 0052962 262.2118  97.3035 14.05881943609880
FENGYUN 1C DEB          
1 40688U 99025EWU 26273.59535757  .00000245  00000+0  24001-3 0  9997
2 40688  99.0066  55.5237 0141039 325.9154  33.3004 13.84080848339543
FENGYUN 1C DEB          
1 40689U 99025EWV 26271.50363863  .00001297  00000+0  11752-2 0  9990
2 40689  99.1165 177.7123 0310802  67.8860 295.4970 13.65545170588371
FENGYUN 1C DEB          
1 40690U 99025EWW 26252.88614898  .00000048  00000+0  66179-4 0  9997
2 40690  99.3935 298.5089 0094157 132.1281 228.7930 13.95966549651587
FENGYUN 1C DEB          
1 40691U 99025EWX 26276.31779115  .00000056  00000+0  75358-4 0  9994
2 40691  99.0258 305.3539 0128030 230.7543 128.2198 13.90068516595280
FENGYUN 1C DEB          
1 40695U 99025EXB 26275.26360637  .00001277  00000+0  20179-3 0  9992
2 40695  99.4648  74.9545 0278237 181.2298 178.8243 14.51961398361246
FENGYUN 1C DEB          
1 40696U 99025EXC 26262.71897610 -.00000005  00000+0  27452-4 0  9996
2 40696  98.9832 247.5937 0078913 304.3613  55.0103 13.96868754596024
FENGYUN 1C DEB          
1 40999U 99025EXD 26257.42211043  .00000726  00000+0  47221-3 0  9998
2 40999  99.1029 328.8122 0057701 210.8778 148.8991 14.04965814854315
FENGYUN 1C DEB          
1 41003U 99025EXH 26273.63511818  .00016227  00000+0  16810-2 0  9991
2 41003  98.9692 232.3143 0055282  87.3848 273.3692 14.88986914567425
FENGYUN 1C DEB          
1 41005U 99025EXK 26270.85702073  .00001507  00000+0  84236-3 0  9992
2 41005  98.9362 286.9791 0569673  72.6549 293.6060 13.51680306562855
FENGYUN 1C DEB          
1 41006U 99025EXL 26275.62827081  .00001995  00000+0  15421-2 0  9990
2 41006 102.3679 244.7155 0183872  30.9103 330.2714 13.87020235615614
FENGYUN 1C DEB          
1 41007U 99025EXM 26272.35778341  .00001026  00000+0  82773-3 0  9992
2 41007  99.9530 322.5987 0167745   3.3907 356.8343 13.86690503614258
FENGYUN 1C DEB          
1 41008U 99025EXN 26274.21666958  .00000542  00000+0  32688-3 0  9992
2 41008  99.3574  59.7404 0501379 123.2158 241.8091 13.61553806604247
FENGYUN 1C DEB          
1 41009U 99025EXP 26274.86463640  .00004070  00000+0  94754-3 0  9999
2 41009  99.2030 283.4265 0010250 288.3497  71.6582 14.55451257632456
FENGYUN 1C DEB          
1 41011U 99025EXR 26274.46099559  .00001720  00000+0  29252-3 0  9992
2 41011  99.1326 346.8726 0303988 210.9053 147.3933 14.44639397613815
FENGYUN 1C DEB          
1 41016U 99025EXW 26273.97007015  .00001342  00000+0  66193-3 0  9993
2 41016  98.2474 332.9264 0143980  55.4635 306.0034 14.13664876641362
FENGYUN 1C DEB          
1 41018U 99025EXY 26275.08513308  .00001297  00000+0  14913-2 0  9997
2 41018  99.9446 225.6787 0305796 112.8680 250.5048 13.53152556921417
FENGYUN 1C DEB          
1 41822U 99025EXZ 26275.17067302  .00001474  00000+0  62030-3 0  9999
2 41822  98.7125 344.8884 0054369  89.8241 270.9169 14.26475145515542
FENGYUN 1C DEB          
1 41823U 99025EYA 26276.14074934  .00001390  00000+0  60270-3 0  9998
2 41823  98.6981 341.8862 0054442  96.0855 264.6531 14.25039226515490
FENGYUN 1C DEB          
1 41824U 99025EYB 26275.73933676  .00001467  00000+0  62467-3 0  9995
2 41824  98.7107 342.9135 0056660  95.9553 264.8088 14.25802849515470
FENGYUN 1C DEB          
1 41825U 99025EYC 26269.18384747  .00002164  00000+0  89657-3 0  9992
2 41825  98.7253 342.2609 0055114 106.9562 253.7669 14.26786127514458
FENGYUN 1C DEB          
1 41826U 99025EYD 26276.15310523  .00001373  00000+0  59295-3 0  9995
2 41826  98.7134 344.9395 0055050  91.7050 269.0436 14.25260432515526
FENGYUN 1C DEB          
1 41827U 99025EYE 26274.14726513  .00001551  00000+0  64419-3 0  9995
2 41827  98.7244 347.4966 0057176  87.5689 273.2035 14.27021281514994
FENGYUN 1C DEB          
1 41828U 99025EYF 26276.40024396  .00007383  00000+0  15105-2 0  9993
2 41828  98.9205  70.1182 0031251 358.3281   1.7808 14.60825360517540
FENGYUN 1C DEB          
1 41829U 99025EYG 26276.47039420  .00001547  00000+0  64566-3 0  9997
2 41829  98.7273 349.7971 0055124  84.0476 276.6983 14.26815630515084
FENGYUN 1C DEB          
1 41830U 99025EYH 26275.43809778  .00001597  00000+0  64748-3 0  9992
2 41830  98.7370 352.5272 0053024  83.7394 276.9823 14.28333083514648
FENGYUN 1C DEB          
1 41831U 99025EYJ 26275.67567442  .00001539  00000+0  64936-3 0  9993
2 41831  98.7152 346.0054 0055234  89.6086 271.1423 14.26258956514478
FENGYUN 1C DEB          
1 41832U 99025EYK 26275.73505484  .00001514  00000+0  64399-3 0  9995
2 41832  98.7091 342.8803 0054910  93.8046 266.9414 14.25891714515387
FENGYUN 1C DEB          
1 41833U 99025EYL 26276.46506654  .00001737  00000+0  71153-3 0  9990
2 41833  98.7307 350.6385 0053041  88.2341 272.4914 14.27684766515678
FENGYUN 1C DEB          
1 43213U 99025EYM 26275.67217003  .00001476  00000+0  63410-3 0  9990
2 43213  98.7151 343.1772 0054349  96.8484 263.8883 14.25433237445585
FENGYUN 1C DEB          
1 43214U 99025EYN 26274.15114515  .00001480  00000+0  63179-3 0  9994
2 43214  98.7167 342.1730 0054634 100.4096 260.3248 14.25745670445689
FENGYUN 1C DEB          
1 43358U 99025EYP 26276.15902140  .00000736  00000+0  94252-3 0  9993
2 43358  98.6925   0.3595 0364648 178.1785 182.0774 13.41056999576761
FENGYUN 1C DEB          
1 43359U 99025EYQ 26276.22927530  .00002508  00000+0  10484-2 0  9995
2 43359  99.0462  10.0603 0073259 246.7499 112.5954 14.25639464519425
FENGYUN 1C DEB          
1 45526U 99025EYR 26275.13821402  .00001757  00000+0  71643-3 0  9993
2 45526  98.7472 352.5208 0052745  90.9836 269.7388 14.27922310475611
FENGYUN 1C DEB          
1 45527U 99025EYS 26276.45029179  .00001557  00000+0  65839-3 0  9999
2 45527  98.7194 346.6501 0054194  92.2620 268.4766 14.26177110437780
FENGYUN 1C DEB          
1 46439U 99025EYU 26269.19332588  .00000422  00000+0  19364-3 0  9998
2 46439  98.5525 252.3531 0119155 291.8596  66.9945 14.22649383644505
FENGYUN 1C DEB          
1 46440U 99025EYV 26275.87701683  .00000331  00000+0  14948-3 0  9990
2 46440  98.5695 299.3556 0174135   3.8315 118.2733 14.20712218665451
FENGYUN 1C DEB          
1 46443U 99025EYY 26275.44732730  .00001585  00000+0  84561-3 0  9993
2 46443  99.2007 354.9887 0096619 252.2424 166.3463 14.12495456637406
FENGYUN 1C DEB          
1 46444U 99025EYZ 26274.23708657  .00000717  00000+0  29623-3 0  9995
2 46444  98.5207 273.8419 0083321  14.5172  46.5339 14.27832646667558
FENGYUN 1C DEB          
1 46447U 99025EZC 26271.80928717  .00000591  00000+0  20436-3 0  9992
2 46447  98.4753 264.4967 0161220 284.8314  73.5061 14.32510836833743
FENGYUN 1C DEB          
1 46448U 99025EZD 26264.01718140  .00002045  00000+0  88825-3 0  9997
2 46448  99.0701 337.9904 0063217  13.3297 346.9533 14.24250172659824
FENGYUN 1C DEB          
1 46449U 99025EZE 26273.53943662  .00000489  00000+0  20524-3 0  9996
2 46449  98.6139 305.6091 0203104 148.0170 213.3525 14.19680598617769
FENGYUN 1C DEB          
1 46450U 99025EZF 26276.28581161  .00001709  00000+0  93160-3 0  9997
2 46450  98.0637 105.6944 0179281 299.1996  59.1344 14.05466952652546
FENGYUN 1C DEB          
1 46451U 99025EZG 26274.97578580  .00003902  00000+0  14982-2 0  9994
2 46451  98.1473 277.2184 0165641  44.3641 344.8656 14.23703691611752
FENGYUN 1C DEB          
1 46468U 99025EZK 26276.50214183  .00001896  00000+0  79294-3 0  9997
2 46468  98.8799  13.1510 0044219 100.3060 317.9158 14.26793520780177
FENGYUN 1C DEB          
1 46986U 99025EZL 26274.31547272  .00000788  00000+0  20967-3 0  9999
2 46986  98.2165 295.1484 0104850  39.0000 321.8695 14.48017123676339
FENGYUN 1C DEB          
1 46987U 99025EZM 26276.36436615  .00004466  00000+0  11836-2 0  9996
2 46987  98.9199  67.1662 0031444 181.5756 178.5342 14.48974817616026
FENGYUN 1C DEB          
1 46989U 99025EZP 26276.26097633  .00002217  00000+0  17076-2 0  9994
2 46989  99.5262  85.3757 0234236 282.1756 257.1119 13.82087002751074
FENGYUN 1C DEB          
1 46990U 99025EZQ 26276.30802836  .00009195  00000+0  18713-2 0  9991
2 46990  98.2156 109.4669 0327591 265.5966 274.5683 14.32546607127364
FENGYUN 1C DEB          
1 46992U 99025EZS 26271.23455278  .00000188  00000+0  15049-3 0  9997
2 46992  98.9583 256.5102 0072549  77.4623 283.4645 14.01044488650109
FENGYUN 1C DEB          
1 46993U 99025EZT 26274.51805880  .00000308  00000+0  31452-3 0  9990
2 46993  98.7394  10.9838 0262188 243.9242 173.2028 13.69401532642644
FENGYUN 1C DEB          
1 46995U 99025EZV 26275.13930696  .00001075  00000+0  82277-3 0  9998
2 46995  98.5892 338.6841 0182236  34.2117 327.0628 13.87799066645367
FENGYUN 1C DEB          
1 46997U 99025EZX 26275.37353280  .00001157  00000+0  47043-3 0  9997
2 46997  98.5349 314.7664 0025681 190.3291 182.0457 14.29270242666449
FENGYUN 1C DEB          
1 47001U 99025FAB 26276.50478337  .00002314  00000+0  72759-3 0  9999
2 47001  99.2861   4.3556 0049599 265.7166  93.8352 14.40838170781564
FENGYUN 1C DEB          
1 47003U 99025FAD 26274.55626431  .00000288  00000+0  40713-3 0  9997
2 47003  98.8512 176.3309 0334487  41.4602 321.1399 13.42978479692362
FENGYUN 1C DEB          
1 47005U 99025FAF 26276.56010709  .00002404  00000+0  12849-2 0  9997
2 47005  99.6013  31.2396 0063065 147.8385 226.2117 14.13250592869293
FENGYUN 1C DEB          
1 47006U 99025FAG 26267.43192448  .00000126  00000+0  11591-3 0  9998
2 47006  99.1626 330.8657 0082021  14.2763 346.0691 13.98505336867609
FENGYUN 1C DEB          
1 47007U 99025FAH 26273.80808964  .00001872  00000+0  10440-2 0  9994
2 47007  98.1872 110.3332 0231499 309.9789  48.1251 13.99332703829315
FENGYUN 1C DEB          
1 47009U 99025FAK 26269.71286784  .00000020  00000+0  79909-4 0  9992
2 47009  98.9740 224.6454 0351549 261.7607  94.3520 13.37442524626587
FENGYUN 1C DEB          
1 47012U 99025FAN 26273.41296318  .00000218  00000+0  23220-3 0  9995
2 47012  98.7160 133.9394 0162769   0.9986 359.1463 13.78159060585900
FENGYUN 1C DEB          
1 47013U 99025FAP 26247.88774666  .00001549  00000+0  64570-3 0  9996
2 47013  98.0633 301.7526 0057280  95.6132 265.1586 14.26626688770521
FENGYUN 1C DEB          
1 47015U 99025FAR 26275.53456808  .00004591  00000+0  36128-3 0  9994
2 47015  98.6828   6.3618 0161849 244.7074 113.7299 14.91649823687562
FENGYUN 1C DEB          
1 47018U 99025FAU 26275.54015427  .00007701  00000+0  15010-2 0  9998
2 47018  98.9105  26.3056 0018813 182.4932 238.6170 14.63210160825989
FENGYUN 1C DEB          
1 47025U 99025FBB 26275.92622757  .00002875  00000+0  75354-3 0  9993
2 47025  99.0168 147.5007 0035337 198.3593 174.2548 14.49748310670001
FENGYUN 1C DEB          
1 47029U 99025FBF 26274.42304199  .00018917  00000+0  85726-3 0  9996
2 47029  98.9236 328.8136 0091652 103.1015 258.0462 15.17162330 74889
FENGYUN 1C DEB          
1 47036U 99025FBN 26275.87213390  .00000083  00000+0  63641-4 0  9994
2 47036  98.6841 317.1645 0067197 337.4225 198.5908 14.15323856640874
FENGYUN 1C DEB          
1 47041U 99025FBT 26275.42932528  .00046882  00000+0  13891-2 0  9999
2 47041  98.2210 333.7141 0007839 247.9683 112.0725 15.34683192756501
FENGYUN 1C DEB          
1 47042U 99025FBU 26273.60865951  .00000238  00000+0  12431-3 0  9998
2 47042  98.9787 182.2059 0053349 276.7227 205.1637 14.23120873666723
FENGYUN 1C DEB          
1 47100U 99025FBY 26276.02323552  .00003401  00000+0  75884-3 0  9994
2 47100  99.0106 123.2033 0081344 186.0673 173.9544 14.55541168310449
FENGYUN 1C DEB          
1 47101U 99025FBZ 26276.38812455  .00003696  00000+0  15853-2 0  9994
2 47101  98.8174 341.4130 0102893 290.7037  68.3136 14.22603759388453
FENGYUN 1C DEB          
1 47102U 99025FCA 26270.29036083  .00001487  00000+0  69501-3 0  9990
2 47102  98.4476 199.8243 0115917 298.4304 214.4409 14.18292943660294
FENGYUN 1C DEB          
1 47104U 99025FCC 26275.33835449  .00000178  00000+0  10474-3 0  9996
2 47104  98.8796 311.0906 0040080 214.0853 145.7748 14.19660755665388
FENGYUN 1C DEB          
1 48518U 99025FCG 26275.70998346  .00002295  00000+0  11932-2 0  9994
2 48518  99.2686 250.9550 0130465 359.1301   0.9623 14.11445976643145
FENGYUN 1C DEB          
1 49389U 99025FCJ 26262.28230283  .00002006  00000+0  12521-2 0  9994
2 49389  98.7248  84.9872 0134498 127.4246 233.9249 14.01461741267765
COSMOS 2251             
1 22675U 93036A   26276.36974796  .00000021  00000+0  16882-4 0  9998
2 22675  74.0383 137.5353 0024287 152.7258 207.5175 14.33271494739946
COSMOS 2251 DEB         
1 33757U 93036E   26276.10201907  .00000019  00000+0  16549-4 0  9997
2 33757  74.0362 146.2199 0013677  92.7919  59.4513 14.32639809922119
COSMOS 2251 DEB         
1 33758U 93036F   26276.58768895  .00001399  00000+0  34334-3 0  9997
2 33758  74.0290  18.7718 0016658  12.9158   0.7192 14.53243897925869
COSMOS 2251 DEB         
1 33760U 93036H   26275.96725334  .00000097  00000+0  42525-4 0  9998
2 33760  74.0293 101.3966 0019748 133.7167  17.4423 14.35817118923474
COSMOS 2251 DEB         
1 33761U 93036J   26276.18578578  .00000657  00000+0  20269-3 0  9992
2 33761  74.0347  65.5040 0022191  76.8033  97.6013 14.43205718924814
COSMOS 2251 DEB         
1 33762U 93036K   26276.05129846  .00000031  00000+0  20351-4 0  9998
2 33762  74.0400 131.9314 0014434 128.5809  22.3737 14.33735631922653
COSMOS 2251 DEB         
1 33764U 93036M   26276.24442272  .00000398  00000+0  13447-3 0  9995
2 33764  74.0311  88.5906 0022298 339.6655 193.3858 14.39987408923955
COSMOS 2251 DEB         
1 33765U 93036N   26276.33961749  .00025121  00000+0  80033-3 0  9997
2 33765  73.9980 273.4141 0047998 284.1438  75.4434 15.31307352940977
COSMOS 2251 DEB         
1 33766U 93036P   26276.47920937  .00000532  00000+0  18858-3 0  9992
2 33766  74.1863 319.3524 0061252  78.2422 282.5594 14.35706487919744
COSMOS 2251 DEB         
1 33768U 93036R   26276.23772316  .00000094  00000+0  10221-3 0  9993
2 33768  74.0665 104.4458 0366721 196.9121 282.9428 13.58644845872951
COSMOS 2251 DEB         
1 33779U 93036U   26276.40019200  .00005923  00000+0  85988-3 0  9998
2 33779  74.0440 316.2173 0017464 282.2610  90.4245 14.76113097928693
COSMOS 2251 DEB         
1 33782U 93036X   26275.93450184  .00000530  00000+0  17259-3 0  9994
2 33782  74.0304  93.1367 0020017  90.7316  60.0368 14.41061773923638
COSMOS 2251 DEB         
1 33785U 93036AA  26276.48061547  .00005789  00000+0  85257-3 0  9993
2 33785  73.8642 199.2334 0015451  81.7971  41.0528 14.75535263928480
COSMOS 2251 DEB         
1 33789U 93036AE  26276.43672777  .00000375  00000+0  26035-3 0  9990
2 33789  74.0626 307.0858 0240354 353.4137  68.1742 13.89125437891876
COSMOS 2251 DEB         
1 33791U 93036AG  26276.59061796  .00001049  00000+0  31106-3 0  9997
2 33791  74.1732 213.9806 0029225 316.3953 218.0074 14.44299832923077
COSMOS 2251 DEB         
1 33792U 93036AH  26276.33186615  .00000174  00000+0  18784-3 0  9993
2 33792  73.8987 234.6258 0431909 247.2083 185.7667 13.46240853864060
COSMOS 2251 DEB         
1 33793U 93036AJ  26276.16937850  .00000627  00000+0  25266-3 0  9996
2 33793  73.9821 334.3884 0076026  56.7245 334.8331 14.28504538914100
COSMOS 2251 DEB         
1 33795U 93036AL  26276.51129021  .00017752  00000+0  82828-3 0  9994
2 33795  74.0440 185.5173 0029200 195.9324 337.0200 15.19434529944795
COSMOS 2251 DEB         
1 33797U 93036AN  26276.50920921  .00000739  00000+0  15998-3 0  9994
2 33797  74.0466 194.1679 0062587 207.3618 326.3471 14.58896267932826
COSMOS 2251 DEB         
1 33798U 93036AP  26275.78660941  .00000156  00000+0  50522-4 0  9993
2 33798  74.0288 308.0733 0091327 356.1543 125.2462 14.44866582928407
COSMOS 2251 DEB         
1 33799U 93036AQ  26276.28910620  .00004361  00000+0  49093-3 0  9994
2 33799  74.0306 218.1725 0025027 219.9075 298.1527 14.86753512931793
COSMOS 2251 DEB         
1 33805U 93036AW  26276.27916822  .00000447  00000+0  10067-3 0  9991
2 33805  74.0282 110.7144 0061366 224.8425 134.7773 14.58431328935201
COSMOS 2251 DEB         
1 33811U 93036BC  26276.63295910  .00019155  00000+0  94724-3 0  9994
2 33811  73.8269  44.8848 0028385  66.2152 306.6042 15.17429065944746
COSMOS 2251 DEB         
1 33816U 93036BH  26276.54963588  .00000380  00000+0  28738-3 0  9994
2 33816  73.8957 325.5097 0266559 282.8625  74.2844 13.82155790887462
COSMOS 2251 DEB         
1 33818U 93036BK  26276.38713571  .00117954  00000+0  17633-2 0  9990
2 33818  74.0652 260.0343 0009465 212.7434 147.3197 15.54471838943705
COSMOS 2251 DEB         
1 33819U 93036BL  26276.36201855  .00001153  00000+0  41142-3 0  9992
2 33819  74.1802  36.4719 0087898 175.2403 215.2350 14.33114417917150
COSMOS 2251 DEB         
1 33821U 93036BN  26276.29040518  .00030026  00000+0  61258-3 0  9995
2 33821  74.0215 230.0900 0033738 188.7816 171.2809 15.45435211795229
COSMOS 2251 DEB         
1 33822U 93036BP  26276.34895943  .00000831  00000+0  39887-3 0  9996
2 33822  74.0692  32.8398 0152802   7.5756  21.9987 14.14469312902180
COSMOS 2251 DEB         
1 33823U 93036BQ  26276.17139316  .00000489  00000+0  29288-3 0  9996
2 33823  73.8124 353.0325 0206381  66.7224 319.0141 13.99526953897289
COSMOS 2251 DEB         
1 33825U 93036BS  26276.44357583  .00003494  00000+0  51584-3 0  9999
2 33825  73.9823 172.5036 0074932  68.7326 105.2854 14.73767794932167
COSMOS 2251 DEB         
1 33826U 93036BT  26276.58867513  .00003380  00000+0  75630-3 0  9996
2 33826  74.0630 213.8829 0082254 185.5288 348.8781 14.55012426920533
COSMOS 2251 DEB         
1 33828U 93036BV  26276.64086575  .00000688  00000+0  20355-3 0  9998
2 33828  74.0462  49.3138 0028243  49.5552 323.8818 14.45051119925725
COSMOS 2251 DEB         
1 33830U 93036BX  26276.54262337  .00002425  00000+0  32192-3 0  9995
2 33830  74.0327  10.7535 0040324  55.0143 317.9717 14.79842602938293
COSMOS 2251 DEB         
1 33832U 93036BZ  26276.22241896  .00002652  00000+0  51143-3 0  9998
2 33832  74.0558   6.3854 0024208 323.2786  63.5107 14.63839926927307
COSMOS 2251 DEB         
1 33835U 93036CC  26276.41660743  .00001839  00000+0  34566-3 0  9994
2 33835  74.0535 256.2885 0056394 234.2225 280.2805 14.64411238931003
COSMOS 2251 DEB         
1 33836U 93036CD  26276.57853778  .00005093  00000+0  60961-3 0  9998
2 33836  73.9966  34.6871 0021944 169.1612 204.0986 14.84231674684579
COSMOS 2251 DEB         
1 33837U 93036CE  26276.52107910  .00000509  00000+0  13441-3 0  9992
2 33837  74.0118 220.3492 0033710   7.4339 352.7314 14.51199744930719
COSMOS 2251 DEB         
1 33838U 93036CF  26276.45555618  .00000536  00000+0  14785-3 0  9999
2 33838  74.0370 317.5145 0026774   1.7570  60.8577 14.49059443928375
COSMOS 2251 DEB         
1 33839U 93036CG  26276.51227315  .00000431  00000+0  82352-4 0  9997
2 33839  74.0413 359.7051 0082994  36.1184 335.3824 14.65079989938963
COSMOS 2251 DEB         
1 33841U 93036CJ  26275.95633627  .00000261  00000+0  94373-4 0  9991
2 33841  74.0350  96.1785 0019986 109.4366  50.0038 14.38175126923433
COSMOS 2251 DEB         
1 33842U 93036CK  26276.60109503  .00000416  00000+0  13017-3 0  9993
2 33842  74.0348  32.0674 0045864  67.4744 293.1258 14.43198077925908
COSMOS 2251 DEB         
1 33844U 93036CM  26276.31880981  .00000477  00000+0  17688-3 0  9994
2 33844  74.0649 234.6640 0048583 186.1380 324.5485 14.34285819919481
COSMOS 2251 DEB         
1 33848U 93036CR  26276.46821295  .00001486  00000+0  42225-3 0  9993
2 33848  74.0300 168.3670 0042941 157.4255  17.1087 14.45727429920888
COSMOS 2251 DEB         
1 33892U 93036CV  26276.28412638  .00000698  00000+0  29429-3 0  9994
2 33892  73.8001 284.3015 0115927 263.3080 109.1294 14.24098126911471
COSMOS 2251 DEB         
1 33894U 93036CX  26276.34680854  .00000478  00000+0  50828-3 0  9993
2 33894  73.7628 253.0859 0567954 130.8940 234.2807 13.22011013846003
COSMOS 2251 DEB         
1 33896U 93036CZ  26276.46376644  .00000550  00000+0  25223-3 0  9999
2 33896  73.7684 341.2377 0122577 107.7550 264.9854 14.19759802909228
COSMOS 2251 DEB         
1 33899U 93036DC  26276.34005689  .00001300  00000+0  25355-3 0  9997
2 33899  74.0508 242.0329 0057846 229.0042 282.0462 14.63047396931458
COSMOS 2251 DEB         
1 33900U 93036DD  26276.40296205  .00000697  00000+0  15152-3 0  9995
2 33900  74.0178 157.9234 0048488 235.3683 300.4802 14.59339062933337
COSMOS 2251 DEB         
1 33905U 93036DJ  26275.85886709  .00000689  00000+0  24095-3 0  9999
2 33905  73.8845 131.8287 0056661 318.6401  53.9762 14.36277239919098
COSMOS 2251 DEB         
1 33906U 93036DK  26276.04901962  .00003108  00000+0  63563-3 0  9993
2 33906  74.0268 120.1898 0034698  85.5096  69.8574 14.60888628923017
COSMOS 2251 DEB         
1 33907U 93036DL  26276.31345811  .00001768  00000+0  60352-3 0  9992
2 33907  74.0672 217.0644 0116087 201.6610 320.4388 14.33395550907971
COSMOS 2251 DEB         
1 33908U 93036DM  26276.62671653  .00000940  00000+0  44541-3 0  9996
2 33908  73.8369  41.5255 0219296  11.6852 348.9255 14.09172754896251
COSMOS 2251 DEB         
1 33911U 93036DQ  26276.24759720  .00004783  00000+0  61541-3 0  9998
2 33911  74.0889 304.9129 0009539 178.1169 303.5281 14.81372841929979
COSMOS 2251 DEB         
1 33912U 93036DR  26276.18288199  .00001041  00000+0  25685-3 0  9992
2 33912  74.0355 354.2718 0011395 355.8434  29.9041 14.53367764927093
COSMOS 2251 DEB         
1 33913U 93036DS  26276.50375257  .00000662  00000+0  17793-3 0  9990
2 33913  74.0357 350.8748 0046850  18.8484 354.4425 14.49447057927277
COSMOS 2251 DEB         
1 33914U 93036DT  26276.33723543  .00000420  00000+0  34891-3 0  9997
2 33914  74.0880 249.3950 0305116 283.7148 144.2041 13.72296123881223
COSMOS 2251 DEB         
1 33915U 93036DU  26276.58991479  .00000534  00000+0  18222-3 0  9996
2 33915  74.0425 213.3811 0106986 233.5404 302.2154 14.35740620919889
COSMOS 2251 DEB         
1 33916U 93036DV  26276.43724865  .00000300  00000+0  25905-3 0  9991
2 33916  74.0490 276.2944 0323320  22.4236  46.3679 13.68825085879234
COSMOS 2251 DEB         
1 33917U 93036DW  26276.48086948  .00000832  00000+0  65855-3 0  9998
2 33917  74.1079 358.7747 0331678  29.7220 332.2291 13.70058850877690
COSMOS 2251 DEB         
1 33920U 93036DZ  26275.91307095  .00002671  00000+0  53565-3 0  9996
2 33920  74.0573  97.4970 0033443  34.1397 326.1911 14.61894031924099
COSMOS 2251 DEB         
1 33922U 93036EB  26276.35645588  .00000494  00000+0  13363-3 0  9992
2 33922  74.0468 314.9385 0023109 346.4969  25.9733 14.50267887928487
COSMOS 2251 DEB         
1 33924U 93036ED  26276.37047061  .00000274  00000+0  27666-3 0  9995
2 33924  73.9125 156.4842 0401429 138.3597 224.8828 13.50539299867164
COSMOS 2251 DEB         
1 33928U 93036EH  26276.56582244  .00000448  00000+0  12594-3 0  9994
2 33928  73.9249 217.1983 0058771  88.1415 272.6473 14.47916669929113
COSMOS 2251 DEB         
1 33932U 93036EM  26276.34745823  .00000545  00000+0  18223-3 0  9992
2 33932  74.0319 132.2220 0036087 140.3313 220.0492 14.39409431922366
COSMOS 2251 DEB         
1 33933U 93036EN  26275.59404910  .00000338  00000+0  12651-3 0  9997
2 33933  74.0867 244.2877 0071614 179.6180 180.5040 14.33973630919961
COSMOS 2251 DEB         
1 33934U 93036EP  26276.35946626  .00001716  00000+0  35580-3 0  9995
2 33934  74.0341 258.2458 0017688 297.9178  62.0196 14.60913665930399
COSMOS 2251 DEB         
1 33936U 93036ER  26276.17081926  .00001223  00000+0  24951-3 0  9993
2 33936  74.0169 193.9272 0028798 270.8276  88.9590 14.61832445931901
COSMOS 2251 DEB         
1 33938U 93036ET  26276.61601017  .00000712  00000+0  20030-3 0  9999
2 33938  74.0472  16.1732 0016035  23.1499  39.3446 14.47637006926661
COSMOS 2251 DEB         
1 33939U 93036EU  26276.16965936  .00344506  00000+0  41066-2 0  9996
2 33939  73.9832 180.6115 0019957 170.7578 189.4012 15.59638403932305
COSMOS 2251 DEB         
1 33940U 93036EV  26276.04059065  .00001503  00000+0  31263-3 0  9998
2 33940  74.0373 301.9577 0013462 301.4541  84.1283 14.60941792928896
COSMOS 2251 DEB         
1 33942U 93036EX  26276.18924946  .00000267  00000+0  96064-4 0  9991
2 33942  74.0338  92.3827 0019749 108.4644  12.5391 14.38301374923678
COSMOS 2251 DEB         
1 33944U 93036EZ  26276.33824953  .00000358  00000+0  11875-3 0  9994
2 33944  74.0381 126.6867 0112808 154.9216  17.6307 14.37781971922614
COSMOS 2251 DEB         
1 33945U 93036FA  26275.82610261  .00000103  00000+0  45537-4 0  9994
2 33945  74.0278 127.3130 0022290 147.8165 212.4353 14.34777992922330
COSMOS 2251 DEB         
1 33948U 93036FD  26276.33252614  .00000194  00000+0  75651-4 0  9998
2 33948  74.0336 124.5029 0022768 133.7868 226.5174 14.35880189922519
COSMOS 2251 DEB         
1 33971U 93036FE  26276.36971395  .00000390  00000+0  13169-3 0  9994
2 33971  74.0234  68.9907 0017953 102.4888 279.1610 14.40137344923809
COSMOS 2251 DEB         
1 33972U 93036FF  26276.03035565  .00001994  00000+0  60547-3 0  9992
2 33972  73.9961   7.3184 0119075 106.3307  66.9723 14.38771209913038
COSMOS 2251 DEB         
1 33973U 93036FG  26276.26459604  .00000218  00000+0  68806-4 0  9997
2 33973  74.0059 272.8551 0045554  18.9644 353.9757 14.45619938928566
COSMOS 2251 DEB         
1 33975U 93036FJ  26276.04422340  .00000153  00000+0  10237-3 0  9994
2 33975  73.7990 286.9324 0190207   8.3458 352.0761 14.00871590899505
COSMOS 2251 DEB         
1 33980U 93036FP  26276.60149479  .00001526  00000+0  32152-3 0  9996
2 33980  74.0189 216.6136 0030093 282.6691 252.0083 14.60121322930967
COSMOS 2251 DEB         
1 33982U 93036FR  26276.41495994  .00000761  00000+0  15432-3 0  9995
2 33982  74.0691 157.9217 0073717 126.8764  45.4841 14.61327491934623
COSMOS 2251 DEB         
1 33983U 93036FS  26276.51617109  .00000704  00000+0  18231-3 0  9998
2 33983  74.0494 312.9057 0021527 335.7483  94.3612 14.51569075929056
COSMOS 2251 DEB         
1 33984U 93036FT  26276.33389185  .00001501  00000+0  26285-3 0  9993
2 33984  74.0057 137.0574 0023557 253.9628 221.1598 14.68598556933882
COSMOS 2251 DEB         
1 33986U 93036FV  26276.28329205  .00000777  00000+0  23147-3 0  9994
2 33986  74.0331 114.9980 0041153 118.8113  56.2833 14.44272924922793
COSMOS 2251 DEB         
1 33990U 93036FZ  26276.46658139  .00000236  00000+0  23953-3 0  9995
2 33990  73.9278 172.7071 0404314 138.4427  33.4696 13.50308517867074
COSMOS 2251 DEB         
1 33992U 93036GB  26276.35724191  .00001493  00000+0  25950-3 0  9992
2 33992  74.0204 128.3879 0052947 172.7620   1.3123 14.68194425934465
COSMOS 2251 DEB         
1 33994U 93036GD  26276.61938981  .00000114  00000+0  43272-4 0  9994
2 33994  74.0459   4.6385 0022015  66.7107   0.8502 14.41372575926687
COSMOS 2251 DEB         
1 33995U 93036GE  26276.05185493  .00000986  00000+0  34133-3 0  9997
2 33995  74.0591 300.3131 0062095 242.8126 116.6690 14.35919100917420
COSMOS 2251 DEB         
1 33999U 93036GJ  26276.21913988  .00005364  00000+0  55743-3 0  9992
2 33999  73.9170   0.1787 0038422 185.7761 174.2983 14.89615113936279
COSMOS 2251 DEB         
1 34001U 93036GL  26276.23288520  .00000205  00000+0  77235-4 0  9996
2 34001  74.0359  99.9480 0019477 113.9511   1.9199 14.37353038923770
COSMOS 2251 DEB         
1 34003U 93036GN  26276.04465044  .00001050  00000+0  70349-3 0  9992
2 34003  74.0761 149.2208 0275672 192.6988 166.7101 13.85168027884996
COSMOS 2251 DEB         
1 34004U 93036GP  26276.00878473  .00001647  00000+0  42026-3 0  9996
2 34004  74.0317 120.2338 0030562  66.1099 294.3258 14.51074168922969
COSMOS 2251 DEB         
1 34005U 93036GQ  26276.57799944  .00000149  00000+0  55114-4 0  9993
2 34005  74.0472  28.8084 0019379  75.6902 298.3956 14.40488338926244
COSMOS 2251 DEB         
1 34006U 93036GR  26276.38623818  .00055759  00000+0  22033-2 0  9998
2 34006  74.0520 256.1158 0004760 248.2003 261.7041 15.25218195931145
COSMOS 2251 DEB         
1 34007U 93036GS  26276.33180851  .00001286  00000+0  23367-3 0  9997
2 34007  74.0161 138.8264 0046223 199.3768 160.5646 14.66614546933968
COSMOS 2251 DEB         
1 34008U 93036GT  26276.42700451  .00000099  00000+0  45375-4 0  9997
2 34008  74.0338 151.8984 0022411  78.3864  95.3086 14.33301160921863
COSMOS 2251 DEB         
1 34009U 93036GU  26276.11716958  .00000126  00000+0  54699-4 0  9993
2 34009  74.0371 158.8903 0027327 161.4449 349.7433 14.33406393921634
COSMOS 2251 DEB         
1 34011U 93036GW  26276.36268137  .00001060  00000+0  32148-3 0  9996
2 34011  74.0123 142.7740 0038135 159.0199 201.2533 14.43029936921646
COSMOS 2251 DEB         
1 34014U 93036GZ  26276.37596670  .00003026  00000+0  43955-3 0  9998
2 34014  74.0151  64.3936 0037302 130.2873 255.1596 14.75965143936479
COSMOS 2251 DEB         
1 34015U 93036HA  26276.40866682  .00001710  00000+0  34493-3 0  9991
2 34015  74.0224 315.5740 0022192 332.9392  38.3410 14.62141316928351
COSMOS 2251 DEB         
1 34018U 93036HD  26276.34934149  .00000312  00000+0  24245-3 0  9992
2 34018  73.8771 312.6547 0266683 294.1722  75.9786 13.81374847887255
COSMOS 2251 DEB         
1 34019U 93036HE  26276.57521042  .00001234  00000+0  43426-3 0  9998
2 34019  73.9517 228.0205 0061418 339.6568 137.1713 14.34904122917482
COSMOS 2251 DEB         
1 34021U 93036HG  26276.41938750  .00000496  00000+0  13313-3 0  9993
2 34021  74.0341 296.1189 0020036   0.5094  65.1405 14.50696376929026
COSMOS 2251 DEB         
1 34022U 93036HH  26275.92411969  .00000267  00000+0  94189-4 0  9994
2 34022  74.0516  88.5588 0021558  83.4627  76.5979 14.39288392924275
COSMOS 2251 DEB         
1 34023U 93036HJ  26276.40184954  .00000443  00000+0  14565-3 0  9995
2 34023  74.0236  66.1621 0017839  94.4898 295.3166 14.41048007924587
COSMOS 2251 DEB         
1 34024U 93036HK  26276.40168389  .00000196  00000+0  76601-4 0  9995
2 34024  74.0450 135.7990 0020526 119.7769  54.9452 14.35646382922525
COSMOS 2251 DEB         
1 34026U 93036HM  26276.26887366  .00000936  00000+0  77625-3 0  9992
2 34026  73.7670 207.3400 0345630  31.4931 118.2813 13.65824861875520
COSMOS 2251 DEB         
1 34028U 93036HP  26276.41323715  .00000314  00000+0  37618-3 0  9992
2 34028  73.8798 255.3238 0545874 343.4989 170.1304 13.20831673848989
COSMOS 2251 DEB         
1 34031U 93036HS  26276.31239844  .00001919  00000+0  38630-3 0  9991
2 34031  74.0096 291.7767 0023800 331.6989  41.1716 14.62102521928687
COSMOS 2251 DEB         
1 34035U 93036HW  26276.42995383  .00002014  00000+0  47149-3 0  9996
2 34035  74.0630 153.4384 0040546  85.9629 331.9692 14.54749303922481
COSMOS 2251 DEB         
1 34036U 93036HX  26276.37867139  .00069456  00000+0  24701-2 0  9999
2 34036  73.9981 259.4746 0015317 246.2609 113.6986 15.28542503930199
COSMOS 2251 DEB         
1 34037U 93036HY  26276.61021619  .00000588  00000+0  21033-3 0  9999
2 34037  74.0496 230.3697 0054717 209.6053 150.2000 14.35378350919475
COSMOS 2251 DEB         
1 34040U 93036JB  26276.33640880  .00000851  00000+0  67274-3 0  9999
2 34040  73.9552 298.6782 0338884 194.6735 164.4358 13.69308637876317
COSMOS 2251 DEB         
1 34045U 93036JG  26276.34202730  .00000082  00000+0  38502-4 0  9992
2 34045  74.0373 131.7299 0025947 147.7564  25.3510 14.34191669922569
COSMOS 2251 DEB         
1 34046U 93036JH  26276.20240556  .00001556  00000+0  40629-3 0  9995
2 34046  74.0375 179.5306 0076718 190.8802 323.2571 14.48564053920872
COSMOS 2251 DEB         
1 34050U 93036JM  26276.63003148  .00000280  00000+0  17893-3 0  9991
2 34050  74.0866 223.8499 0219063 217.8085 319.3584 13.96773011895489
COSMOS 2251 DEB         
1 34053U 93036JQ  26276.31279873  .00000178  00000+0  18443-3 0  9997
2 34053  73.8426 127.3016 0422801 226.8722 129.6300 13.49419165866579
COSMOS 2251 DEB         
1 34056U 93036JT  26276.25671376  .00001419  00000+0  60014-3 0  9997
2 34056  74.0553 268.9014 0128308 246.4364 125.9753 14.22116153905962
COSMOS 2251 DEB         
1 34058U 93036JV  26276.37185859  .00000076  00000+0  87912-4 0  9993
2 34058  73.9318  60.3957 0378562 359.7320  25.3444 13.56373989871375
COSMOS 2251 DEB         
1 34059U 93036JW  26276.45770569  .00000974  00000+0  23579-3 0  9996
2 34059  74.0394 349.5441 0018514 349.5393  23.7496 14.54319586927426
COSMOS 2251 DEB         
1 34061U 93036JY  26276.19161882  .00000449  00000+0  14818-3 0  9995
2 34061  74.0373  78.8537 0019706  87.2870  87.6009 14.40842802924203
COSMOS 2251 DEB         
1 34062U 93036JZ  26276.33758492  .00007479  00000+0  81472-3 0  9991
2 34062  74.0241 274.4303 0069752 277.3395 145.0386 14.86367895929636
COSMOS 2251 DEB         
1 34064U 93036KB  26276.24015134  .00000767  00000+0  23573-3 0  9993
2 34064  74.0297  84.0973 0021654  82.2875  92.1786 14.43127196923891
COSMOS 2251 DEB         
1 34065U 93036KC  26275.91908674  .00000201  00000+0  74609-4 0  9997
2 34065  74.0338  76.1279 0015640 107.1116  15.4445 14.38297757924348
COSMOS 2251 DEB         
1 34070U 93036KH  26276.40225059  .00007171  00000+0  84520-3 0  9992
2 34070  73.9969 253.1661 0021295 288.1178 225.0451 14.84779339929742
COSMOS 2251 DEB         
1 34114U 93036KK  26276.27649348  .00003682  00000+0  74603-3 0  9991
2 34114  74.0562 203.2400 0042209 130.7444  28.5629 14.61055087920976
COSMOS 2251 DEB         
1 34115U 93036KL  26275.57017449  .00003699  00000+0  44987-3 0  9995
2 34115  74.0068  20.4039 0027806 128.2732 232.0954 14.83584652937647
COSMOS 2251 DEB         
1 34116U 93036KM  26276.47631804  .00001171  00000+0  28115-3 0  9991
2 34116  74.0419 345.9984 0012207 343.6789  27.1014 14.54504940927702
COSMOS 2251 DEB         
1 34117U 93036KN  26276.38123235  .00000771  00000+0  24371-3 0  9991
2 34117  74.0387 158.9554 0056617 165.3104 194.9714 14.40969390923665
COSMOS 2251 DEB         
1 34118U 93036KP  26276.52981204  .00014592  00000+0  98244-3 0  9992
2 34118  73.9490   6.7526 0048143 121.3158 251.8936 15.05755376935979
COSMOS 2251 DEB         
1 34120U 93036KR  26276.17300516  .00000344  00000+0  22153-3 0  9993
2 34120  73.9912  66.0678 0182195 189.7898 343.7636 13.98932252900973
COSMOS 2251 DEB         
1 34121U 93036KS  26276.36624699  .00000788  00000+0  49853-3 0  9994
2 34121  73.9916 311.8347 0234378  93.8583 282.4018 13.92869753892263
COSMOS 2251 DEB         
1 34122U 93036KT  26275.72145236  .00002407  00000+0  40475-3 0  9990
2 34122  74.0332 271.3299 0076333  93.0541  81.6871 14.68277790929956
COSMOS 2251 DEB         
1 34127U 93036KY  26276.32958017  .00003387  00000+0  11497-2 0  9990
2 34127  74.1755 230.4403 0110172 345.0958 166.4671 14.33653463909906
COSMOS 2251 DEB         
1 34128U 93036KZ  26276.38442204  .00039144  00000+0  16577-2 0  9997
2 34128  73.9883  45.0608 0020720  83.4286 301.7981 15.22787529936200
COSMOS 2251 DEB         
1 34129U 93036LA  26276.27222294  .00003396  00000+0  44863-3 0  9991
2 34129  74.0297 120.8432 0032925 131.9078 228.4915 14.80052226656503
COSMOS 2251 DEB         
1 34136U 93036LH  26276.45354492  .00001087  00000+0  13416-3 0  9990
2 34136  74.0191 180.4888 0085584 227.1795 248.3853 14.81740670943738
COSMOS 2251 DEB         
1 34139U 93036LL  26276.39449928  .00002856  00000+0  56228-3 0  9998
2 34139  74.0290  50.5428 0040795  50.5899 340.1480 14.62516501924533
COSMOS 2251 DEB         
1 34141U 93036LN  26276.24874802  .00002237  00000+0  54899-3 0  9993
2 34141  74.0086 194.0032 0051826 210.2524 305.0672 14.52179363919651
COSMOS 2251 DEB         
1 34270U 93036LQ  26275.92933385  .00001507  00000+0  27166-3 0  9998
2 34270  74.0075  98.9075 0049139 179.0265 181.1009 14.66697409934070
COSMOS 2251 DEB         
1 34271U 93036LR  26276.47953101  .00005454  00000+0  77000-3 0  9995
2 34271  74.0194 343.1010 0018788 328.0588  45.0231 14.77319195925796
COSMOS 2251 DEB         
1 34273U 93036LT  26276.34753922  .00001981  00000+0  38911-3 0  9991
2 34273  74.0331 243.0211 0016660 283.3650 227.0842 14.63298404929284
COSMOS 2251 DEB         
1 34274U 93036LU  26276.55480417  .00002807  00000+0  49817-3 0  9996
2 34274  74.0019 219.0611 0023542 287.1642 189.0469 14.67553790929979
COSMOS 2251 DEB         
1 34276U 93036LW  26275.37116810  .00001490  00000+0  32472-3 0  9996
2 34276  74.0201 246.2529 0023423 311.4633 199.5578 14.58698368928723
COSMOS 2251 DEB         
1 34297U 93036MT  26275.97163441  .00000133  00000+0  53746-4 0  9998
2 34297  74.0457 103.8468 0016388 105.2739  45.8989 14.36819542922905
COSMOS 2251 DEB         
1 34301U 93036MX  26276.32579784  .00011571  00000+0  92000-3 0  9998
2 34301  74.0010 293.2370 0015329 288.6372  84.0738 15.00403094927977
COSMOS 2251 DEB         
1 34302U 93036MY  26276.38310019  .00001176  00000+0  36528-3 0  9992
2 34302  74.1769 303.8011 0074373  74.6609 300.6860 14.40527710919621
COSMOS 2251 DEB         
1 34303U 93036MZ  26276.21973885  .00003553  00000+0  70297-3 0  9993
2 34303  74.0021  88.3434 0132739 155.3548  18.4352 14.57217751922483
COSMOS 2251 DEB         
1 34304U 93036NA  26276.34287348  .00001587  00000+0  47120-3 0  9994
2 34304  74.0105 298.2476 0125962   3.9731   8.8307 14.39580781915343
COSMOS 2251 DEB         
1 34307U 93036ND  26276.48884440  .00000719  00000+0  66132-3 0  9998
2 34307  74.0541 199.9433 0392083 326.5878 151.4851 13.54790638868533
COSMOS 2251 DEB         
1 34314U 93036NL  26276.39038433  .00000327  00000+0  16329-3 0  9997
2 34314  74.0044 142.2719 0104412 181.8577 353.5156 14.17967610908334
COSMOS 2251 DEB         
1 34316U 93036NN  26276.24107070  .00011272  00000+0  83226-3 0  9998
2 34316  74.0591 100.8557 0012109 131.2187 229.0048 15.03255531936202
COSMOS 2251 DEB         
1 34317U 93036NP  26275.39401233  .00000357  00000+0  31673-3 0  9993
2 34317  73.9208 272.1560 0336548 206.6095 284.2291 13.65460361876272
COSMOS 2251 DEB         
1 34321U 93036NT  26276.10088639  .00000785  00000+0  20513-3 0  9995
2 34321  74.0288 322.7846 0014879  12.5750  14.2178 14.51046110927559
COSMOS 2251 DEB         
1 34323U 93036NV  26276.40592119  .00005647  00000+0  70876-3 0  9992
2 34323  73.9482 261.0702 0056023 238.8145 272.2786 14.81284259927944
COSMOS 2251 DEB         
1 34325U 93036NX  26276.59104655  .00001331  00000+0  70552-3 0  9995
2 34325  73.8709  32.6306 0191046 354.2163  18.1785 14.05720652896575
COSMOS 2251 DEB         
1 34327U 93036NZ  26276.33213437  .00005267  00000+0  47231-3 0  9998
2 34327  73.9909 298.1329 0029210  34.6727 338.3211 14.95704001939042
COSMOS 2251 DEB         
1 34340U 93036PN  26276.50931218  .00000081  00000+0  73369-4 0  9997
2 34340  74.0771 175.2022 0288755 214.9068 322.4343 13.80235677883345
COSMOS 2251 DEB         
1 34343U 93036PR  26276.31057924  .00003918  00000+0  60433-3 0  9991
2 34343  74.0167 236.0860 0016587  77.5666  73.8351 14.73643120930643
COSMOS 2251 DEB         
1 34344U 93036PS  26275.54673601  .00001252  00000+0  55926-3 0  9992
2 34344  73.9758 305.0386 0148108  62.4518  64.2840 14.18013116902597
COSMOS 2251 DEB         
1 34346U 93036PU  26276.12584297  .00000164  00000+0  10617-3 0  9990
2 34346  73.9945 160.9606 0206836 274.1089 239.6546 14.00594212895301
COSMOS 2251 DEB         
1 34387U 93036QC  26276.26444906  .00000499  00000+0  15136-3 0  9994
2 34387  74.0424  24.1594 0037443  48.0732 337.6928 14.44384057924337
COSMOS 2251 DEB         
1 34388U 93036QD  26276.29401441  .00001152  00000+0  29990-3 0  9995
2 34388  74.0399  29.9488 0013285   5.0133  25.5574 14.50683827924255
COSMOS 2251 DEB         
1 34389U 93036QE  26276.38044562  .00000628  00000+0  19794-3 0  9991
2 34389  74.0177  63.1425 0028559 106.7683 280.6707 14.42132401922595
COSMOS 2251 DEB         
1 34396U 93036QM  26275.41395082  .00005210  00000+0  67920-3 0  9994
2 34396  74.0259 266.9351 0009865 256.6137 252.9753 14.80793625926852
COSMOS 2251 DEB         
1 34409U 93036RA  26276.28185973  .00000379  00000+0  84588-4 0  9992
2 34409  74.0605 107.1825 0078910 106.1721  67.7503 14.58492610934869
COSMOS 2251 DEB         
1 34412U 93036RD  26276.32899200  .00001899  00000+0  40644-3 0  9998
2 34412  73.9445 129.3255 0184866 158.8898 202.0023 14.49332493919162
COSMOS 2251 DEB         
1 34413U 93036RE  26276.27978586  .00001399  00000+0  52118-3 0  9992
2 34413  74.0275  89.1164 0091166  96.3656 318.7791 14.30624100913414
COSMOS 2251 DEB         
1 34420U 93036RM  26276.38282794  .00000562  00000+0  94231-4 0  9995
2 34420  74.0306 253.7536 0106283 298.4895 214.4822 14.68796431940950
COSMOS 2251 DEB         
1 34425U 93036RS  26276.23772471  .00001676  00000+0  32717-3 0  9997
2 34425  74.0170 209.2516 0027797 256.4329 103.3742 14.63560769930477
COSMOS 2251 DEB         
1 34430U 93036RX  26276.32147384  .00000500  00000+0  16283-3 0  9997
2 34430  74.0490 119.5242 0060075 117.9110 242.8146 14.40236644921959
COSMOS 2251 DEB         
1 34431U 93036RY  26276.53031960  .00000669  00000+0  26515-3 0  9998
2 34431  74.0775   1.2012 0068821 273.3184  86.0094 14.29535496913543
COSMOS 2251 DEB         
1 34432U 93036RZ  26276.06103087  .00000861  00000+0  48730-3 0  9994
2 34432  73.8259 303.4291 0183839 332.6002  54.6158 14.03557069898130
COSMOS 2251 DEB         
1 34433U 93036SA  26275.31685457  .00000623  00000+0  30545-3 0  9999
2 34433  74.0117 354.2828 0148624  64.8609 296.7866 14.14125375900982
COSMOS 2251 DEB         
1 34434U 93036SB  26276.32553428  .00002915  00000+0  16748-2 0  9998
2 34434  74.0594 227.9324 0279137 294.8772 219.7012 13.91984164880628
COSMOS 2251 DEB         
1 34446U 93036SP  26276.25408320  .00000234  00000+0  67410-4 0  9999
2 34446  74.0408 224.8396 0052095 287.0274  72.5181 14.49600583929612
COSMOS 2251 DEB         
1 34449U 93036SS  26276.21320108  .00024760  00000+0  12595-2 0  9997
2 34449  74.0272 186.0352 0023770 168.5196 348.2540 15.16498675931267
COSMOS 2251 DEB         
1 34451U 93036SU  26276.22968805  .00035970  00000+0  16573-2 0  9998
2 34451  74.0385 202.1101 0018585 160.2966 199.8953 15.19965096930748
COSMOS 2251 DEB         
1 34452U 93036SV  26276.29190552  .00007905  00000+0  35374-3 0  9990
2 34452  74.0252 288.4413 0057438 286.1114  73.3764 15.19928551951270
COSMOS 2251 DEB         
1 34454U 93036SX  26275.91981234  .00000277  00000+0  97272-4 0  9996
2 34454  74.0560  95.6836 0034409  86.7481 273.7609 14.39144523922996
COSMOS 2251 DEB         
1 34459U 93036TC  26275.96091557  .00000273  00000+0  16878-3 0  9994
2 34459  74.0762 105.3437 0190688 104.7259 257.5094 14.00849629898310
COSMOS 2251 DEB         
1 34468U 93036TM  26276.31918414  .00000468  00000+0  12884-3 0  9993
2 34468  74.0106 285.0456 0075039 356.9946   3.0751 14.48124654927251
COSMOS 2251 DEB         
1 34472U 93036TR  26275.96494096  .00000722  00000+0  56957-3 0  9995
2 34472  74.0843 333.8929 0326692  36.0449 326.2221 13.71027655877589
COSMOS 2251 DEB         
1 34474U 93036TT  26276.40779112  .00001291  00000+0  64421-3 0  9999
2 34474  74.0751 170.8906 0200033 174.5555 308.9544 14.07958039896540
COSMOS 2251 DEB         
1 34476U 93036TV  26276.08314412  .00001583  00000+0  10111-2 0  9993
2 34476  74.0074 305.3488 0300744 100.8831 262.6287 13.84276558877080
COSMOS 2251 DEB         
1 34477U 93036TW  26276.63410198  .00001740  00000+0  36852-3 0  9999
2 34477  73.9762 226.7664 0074104 341.6192 194.0890 14.58341606929229
COSMOS 2251 DEB         
1 34481U 93036UA  26276.28618237  .00000728  00000+0  26706-3 0  9991
2 34481  73.9775 233.4273 0069401 337.8048  91.0368 14.33292691916684
COSMOS 2251 DEB         
1 34482U 93036UB  26276.60449426  .00004770  00000+0  70185-3 0  9991
2 34482  74.0363   9.4152 0041338 355.9073  68.2017 14.75124085925285
COSMOS 2251 DEB         
1 34544U 93036UE  26275.81644767  .00000258  00000+0  25245-3 0  9991
2 34544  73.9123  87.7790 0381737  61.7148   1.0177 13.55058848868657
COSMOS 2251 DEB         
1 34546U 93036UG  26276.54898302  .00000927  00000+0  26474-3 0  9998
2 34546  74.0295  58.9334 0021026  63.5224  55.7275 14.46430258922872
COSMOS 2251 DEB         
1 34547U 93036UH  26276.33633843  .00004411  00000+0  62263-3 0  9991
2 34547  74.0276 244.4833 0021200 252.7770 107.1084 14.77365526928662
COSMOS 2251 DEB         
1 34553U 93036UP  26276.40337919  .00001965  00000+0  41206-3 0  9996
2 34553  74.0256 349.9242 0019478 351.3646 134.8949 14.60267367923943
COSMOS 2251 DEB         
1 34554U 93036UQ  26276.31671709  .00000350  00000+0  12297-3 0  9990
2 34554  74.0361 116.3551 0022721 111.6050  63.4732 14.38377950919904
COSMOS 2251 DEB         
1 34556U 93036US  26275.40825792  .00007518  00000+0  86722-3 0  9991
2 34556  74.0119 263.4846 0012112 262.7643 247.4735 14.85764386926806
COSMOS 2251 DEB         
1 34560U 93036UW  26276.00397270  .00004776  00000+0  66367-3 0  9994
2 34560  74.0145 285.8183 0017647 291.1245  96.6088 14.78048147925923
COSMOS 2251 DEB         
1 34563U 93036UZ  26276.53510475  .00000638  00000+0  18145-3 0  9993
2 34563  74.0403  12.8828 0012889  31.5915 341.4452 14.47331716924614
COSMOS 2251 DEB         
1 34564U 93036VA  26276.64003933  .00000347  00000+0  11587-3 0  9992
2 34564  74.0328  52.1877 0018062  87.2162 286.7030 14.41085434922543
COSMOS 2251 DEB         
1 34567U 93036VD  26276.17098920  .00000173  00000+0  83682-4 0  9996
2 34567  74.0440 346.7451 0074161 348.7062  38.2476 14.24243367913161
COSMOS 2251 DEB         
1 34569U 93036VF  26276.01722604  .00000801  00000+0  30857-3 0  9997
2 34569  73.9928  25.6346 0155293 147.3279 330.6462 14.25484791911607
COSMOS 2251 DEB         
1 34570U 93036VG  26275.78297517  .00000538  00000+0  32555-3 0  9996
2 34570  73.9571  66.6387 0190770 247.2756 178.2764 14.00343347897161
COSMOS 2251 DEB         
1 34571U 93036VH  26276.21127564  .00003235  00000+0  76445-3 0  9993
2 34571  74.0394 348.1683 0064802 311.5349  48.0264 14.53291497915664
COSMOS 2251 DEB         
1 34572U 93036VJ  26275.99195238  .00003310  00000+0  76927-3 0  9990
2 34572  74.0075 279.8329 0066069 281.4937 106.5770 14.54015566916501
COSMOS 2251 DEB         
1 34574U 93036VL  26276.46296387  .00002502  00000+0  37307-3 0  9993
2 34574  74.0672 190.3158 0063248 136.4208 344.4530 14.74058798931172
COSMOS 2251 DEB         
1 34576U 93036VN  26276.04570638  .00001128  00000+0  25720-3 0  9992
2 34576  74.0318 299.7865 0008422 342.8324  45.9946 14.56994652927510
COSMOS 2251 DEB         
1 34579U 93036VR  26275.60109976  .00000607  00000+0  17696-3 0  9993
2 34579  74.0538  36.4075 0026345  30.9915 342.3519 14.46040900924212
COSMOS 2251 DEB         
1 34582U 93036VU  26276.19407278  .00000960  00000+0  28309-3 0  9993
2 34582  74.0165  84.2668 0048276 125.0620 235.5080 14.44272658921978
COSMOS 2251 DEB         
1 34588U 93036WA  26276.24042047  .00000611  00000+0  19116-3 0  9993
2 34588  74.0408  82.1895 0017998  66.0486 109.1238 14.42700190921969
COSMOS 2251 DEB         
1 34589U 93036WB  26276.24244185  .00000262  00000+0  19280-3 0  9995
2 34589  73.9225 273.9911 0248098 160.5402 216.6789 13.86518885887937
COSMOS 2251 DEB         
1 34590U 93036WC  26276.34318611  .00000205  00000+0  52755-4 0  9996
2 34590  74.0418 125.1075 0069265 180.8098 353.8279 14.55108908934059
COSMOS 2251 DEB         
1 34609U 93036WE  26276.37454953  .00000788  00000+0  32930-3 0  9998
2 34609  73.7301 287.7488 0139220 100.7786 323.2134 14.22697243908213
COSMOS 2251 DEB         
1 34610U 93036WF  26275.95915055  .00001174  00000+0  60458-3 0  9994
2 34610  74.0143 105.6771 0179527 169.2546 191.2512 14.08290887897008
COSMOS 2251 DEB         
1 34611U 93036WG  26276.37678316  .00004468  00000+0  68024-3 0  9994
2 34611  74.0505 248.3249 0023462 219.7355 292.4868 14.74067085927266
COSMOS 2251 DEB         
1 34613U 93036WJ  26275.77455843  .00001383  00000+0  53432-3 0  9997
2 34613  73.9605 103.8622 0108487 229.7230 144.7863 14.27942046906584
COSMOS 2251 DEB         
1 34614U 93036WK  26276.14332073  .00004339  00000+0  16521-2 0  9990
2 34614  73.8735 171.3530 0181963 111.5223  37.3796 14.22464370889470
COSMOS 2251 DEB         
1 34615U 93036WL  26275.48260284  .00000575  00000+0  54606-3 0  9996
2 34615  74.0070 182.9543 0397749  29.3846 145.7004 13.52534297867869
COSMOS 2251 DEB         
1 34619U 93036WQ  26275.56061611  .00000377  00000+0  71672-4 0  9995
2 34619  74.0467 354.9694 0092627  13.6392 346.7246 14.65278845936014
COSMOS 2251 DEB         
1 34620U 93036WR  26275.29932587  .00003786  00000+0  87002-3 0  9996
2 34620  74.0508  26.7976 0074525 351.2303   8.7551 14.54107974910882
COSMOS 2251 DEB         
1 34622U 93036WT  26276.37397049  .00000903  00000+0  38963-3 0  9996
2 34622  74.0396 137.9190 0106210 151.5915  22.9108 14.22898008906497
COSMOS 2251 DEB         
1 34626U 93036WX  26276.00002003  .00002192  00000+0  32956-3 0  9991
2 34626  74.0444 110.2790 0027611 127.3124  30.9915 14.74894440934797
COSMOS 2251 DEB         
1 34634U 93036XF  26276.52766694  .00000588  00000+0  13721-3 0  9996
2 34634  74.0516 196.4615 0046378 227.9902 307.0957 14.56408307930726
COSMOS 2251 DEB         
1 34635U 93036XG  26276.58660073  .00002971  00000+0  47983-3 0  9992
2 34635  74.0428 219.1380 0031128 214.8372 318.8925 14.71539504775525
COSMOS 2251 DEB         
1 34637U 93036XJ  26276.20627248  .00001482  00000+0  29638-3 0  9993
2 34637  74.0460 258.5567 0051505 253.0024 118.4998 14.61984709928284
COSMOS 2251 DEB         
1 34641U 93036XN  26276.15657753  .00001720  00000+0  41746-3 0  9995
2 34641  73.8358 239.4028 0013682 102.1039 270.5403 14.53674090925329
COSMOS 2251 DEB         
1 34642U 93036XP  26276.19502605  .00000951  00000+0  55262-3 0  9998
2 34642  74.0044 189.3075 0207197 302.2562 211.5851 13.99898431894121
COSMOS 2251 DEB         
1 34671U 93036XR  26276.26609833  .00003528  00000+0  57873-3 0  9992
2 34671  74.0238 283.5071 0014902 288.8016  83.8108 14.71021143926236
COSMOS 2251 DEB         
1 34672U 93036XS  26276.27460941  .00000253  00000+0  94449-4 0  9992
2 34672  74.0315 124.2722 0023874 129.7924 352.5834 14.36742718694071
COSMOS 2251 DEB         
1 34678U 93036XY  26276.54251641 -.00000001  00000+0  95896-5 0  9993
2 34678  74.0385 189.7208 0025236 171.8114   3.1834 14.30102347915934
COSMOS 2251 DEB         
1 34680U 93036YA  26276.31538020  .00001925  00000+0  38141-3 0  9993
2 34680  74.0403 286.1588 0009009 292.2874  80.5949 14.62981133926337
COSMOS 2251 DEB         
1 34681U 93036YB  26276.19495497  .00005051  00000+0  54462-3 0  9998
2 34681  74.0599  65.4609 0022954  51.5757 122.7171 14.88489691936456
COSMOS 2251 DEB         
1 34682U 93036YC  26276.37395997  .00001605  00000+0  33600-3 0  9995
2 34682  74.0362 240.9819 0020133 290.8881 223.1246 14.60508767929852
COSMOS 2251 DEB         
1 34683U 93036YD  26276.37524848  .00002846  00000+0  50823-3 0  9999
2 34683  74.0263 244.2207 0021101 277.7504 234.9789 14.67302720926669
COSMOS 2251 DEB         
1 34685U 93036YF  26276.45718929  .00001618  00000+0  34618-3 0  9995
2 34685  74.0279 307.3203 0015375 329.0197  97.1092 14.59553674928294
COSMOS 2251 DEB         
1 34689U 93036YK  26276.40999966  .00003139  00000+0  14840-2 0  9990
2 34689  74.0864  69.1607 0224758  66.3010 324.5941 14.07677027884845
COSMOS 2251 DEB         
1 34721U 93036YP  26276.46825528  .00001171  00000+0  69289-3 0  9997
2 34721  73.9223 174.4796 0215071  54.4872 118.8980 13.97860217892669
COSMOS 2251 DEB         
1 34722U 93036YQ  26276.43795564  .00000803  00000+0  39503-3 0  9998
2 34722  73.8715 170.2223 0162370  39.4493 136.5683 14.12558526904058
COSMOS 2251 DEB         
1 34726U 93036YU  26276.42034029  .00000690  00000+0  14662-3 0  9996
2 34726  74.0269 143.6516 0043923 219.0127 140.7868 14.60499187928036
COSMOS 2251 DEB         
1 34728U 93036YW  26276.49779065  .00002366  00000+0  36965-3 0  9993
2 34728  74.0170  37.7238 0040526 121.8517 238.6611 14.72892606931372
COSMOS 2251 DEB         
1 34729U 93036YX  26276.41629851  .00006483  00000+0  66915-3 0  9995
2 34729  74.0136 130.7358 0015825 174.5891 245.1877 14.90287303928382
COSMOS 2251 DEB         
1 34732U 93036ZA  26275.67754693  .00000211  00000+0  64316-4 0  9996
2 34732  74.0427 263.7932 0039816 338.1883 138.4560 14.47529080923964
COSMOS 2251 DEB         
1 34738U 93036ZG  26276.37181625  .00000416  00000+0  12090-3 0  9997
2 34738  74.0153 312.3166 0045651  25.3551 347.8840 14.46816126921196
COSMOS 2251 DEB         
1 34750U 93036ZU  26276.41552992  .00002401  00000+0  45765-3 0  9996
2 34750  74.1084 359.1823 0036200 232.0050 254.3016 14.64195420925406
COSMOS 2251 DEB         
1 34752U 93036ZW  26275.99045043  .00006885  00000+0  45147-3 0  9998
2 34752  74.0092 117.9267 0045333 169.6356 190.5781 15.07007590942732
COSMOS 2251 DEB         
1 34754U 93036ZY  26276.63013027  .00000347  00000+0  11607-3 0  9990
2 34754  74.0314  41.9426 0028417  87.9332 285.2531 14.40807595923805
COSMOS 2251 DEB         
1 34755U 93036ZZ  26276.16838951  .00000325  00000+0  31946-3 0  9994
2 34755  73.9242 176.5901 0404741 142.2941   8.7148 13.51018178864994
COSMOS 2251 DEB         
1 34756U 93036AAA 26276.42184466  .00000580  00000+0  47514-3 0  9990
2 34756  74.0058 339.4696 0338761 153.9621 207.8988 13.67918665874504
COSMOS 2251 DEB         
1 34758U 93036AAC 26276.47477919  .00000327  00000+0  29432-3 0  9993
2 34758  74.1067 184.7527 0385779 240.5370 115.6740 13.58670777869129
COSMOS 2251 DEB         
1 34760U 93036AAE 26276.39111936  .00000584  00000+0  27264-3 0  9997
2 34760  74.0615 136.2532 0096139 118.0920  56.1320 14.20115669908702
COSMOS 2251 DEB         
1 34761U 93036AAF 26276.16108619  .00000699  00000+0  23327-3 0  9990
2 34761  74.0284 179.7318 0037099 148.2658 212.0744 14.38961509918831
COSMOS 2251 DEB         
1 34784U 93036AAM 26276.30906287  .00000881  00000+0  17916-3 0  9998
2 34784  74.0039 119.9264 0050378 215.6046 144.1757 14.61906388928385
COSMOS 2251 DEB         
1 34790U 93036AAT 26276.17441156  .00000630  00000+0  26352-3 0  9995
2 34790  74.0517  73.1678 0099236  63.9094 110.1690 14.25401372907677
COSMOS 2251 DEB         
1 34792U 93036AAV 26276.29050381  .00001327  00000+0  29523-3 0  9993
2 34792  74.0175 329.5789 0013206 343.8660 134.1024 14.57962224919406
COSMOS 2251 DEB         
1 34793U 93036AAW 26276.60199868  .00000390  00000+0  13293-3 0  9999
2 34793  74.0016  65.4115 0050709 151.4839 333.2682 14.39010661915711
COSMOS 2251 DEB         
1 34796U 93036AAZ 26276.28339775  .00000849  00000+0  21402-3 0  9999
2 34796  74.0314  23.4579 0097678  52.6972 337.1186 14.49875595922951
COSMOS 2251 DEB         
1 34797U 93036ABA 26274.37756490  .00001951  00000+0  54547-3 0  9996
2 34797  73.9738 273.4011 0073345 315.9355  43.5970 14.45300867916406
COSMOS 2251 DEB         
1 34813U 93036ABC 26275.27102074  .00001255  00000+0  10328-2 0  9993
2 34813  73.9251  20.5582 0447951 359.4004   0.6507 13.52035702856202
COSMOS 2251 DEB         
1 34814U 93036ABD 26276.36275932  .00000822  00000+0  27663-3 0  9999
2 34814  73.8933 138.5398 0053436 323.9819 211.8419 14.37960233915669
COSMOS 2251 DEB         
1 34815U 93036ABE 26276.45200502  .00002346  00000+0  29606-3 0  9993
2 34815  74.0458  21.3482 0054536  13.8628 346.4030 14.81511082929889
COSMOS 2251 DEB         
1 34816U 93036ABF 26276.54441153  .00000242  00000+0  22732-3 0  9999
2 34816  73.8888  21.8685 0373184  33.0791 341.2460 13.58809189867873
COSMOS 2251 DEB         
1 34818U 93036ABH 26275.83401767  .00000257  00000+0  94582-4 0  9998
2 34818  74.0335 116.0236 0023987 124.7814 248.6819 14.37288752915957
COSMOS 2251 DEB         
1 34819U 93036ABJ 26275.82895166  .00002509  00000+0  44856-3 0  9998
2 34819  74.0161 295.4463 0017956 309.6857 225.1475 14.67365288925388
COSMOS 2251 DEB         
1 34823U 93036ABN 26276.24441406  .00000916  00000+0  18406-3 0  9996
2 34823  74.0378 264.1842 0154324 273.9054  84.4479 14.55997594926660
COSMOS 2251 DEB         
1 34845U 93036ABP 26275.81764347  .00000304  00000+0  92052-4 0  9995
2 34845  74.0252 319.1955 0020539  46.0196 314.2651 14.46317757917176
COSMOS 2251 DEB         
1 34846U 93036ABQ 26276.55145650  .00001184  00000+0  32106-3 0  9998
2 34846  74.0282  69.7225 0025227  67.4848 292.8979 14.48556833916713
COSMOS 2251 DEB         
1 34852U 93036ABW 26276.13132914  .00000144  00000+0  57056-4 0  9995
2 34852  74.0307  81.4570 0015626 118.9011 241.3712 14.37177192917639
COSMOS 2251 DEB         
1 34854U 93036ABY 26276.34694704  .00001825  00000+0  24474-3 0  9994
2 34854  74.0269 299.8895 0064048 334.0168  25.7795 14.78777807762344
COSMOS 2251 DEB         
1 34856U 93036ACA 26276.52736340  .00021429  00000+0  93015-3 0  9998
2 34856  74.0024 190.9008 0028911 245.0443 174.4436 15.21880303935743
COSMOS 2251 DEB         
1 34857U 93036ACB 26276.40994874  .00002134  00000+0  43041-3 0  9990
2 34857  74.0128 263.7396 0065792 312.7326 199.7191 14.60768208922013
COSMOS 2251 DEB         
1 34874U 93036ACM 26275.37713501  .00000750  00000+0  25517-3 0  9990
2 34874  74.0364 253.8364 0053142 211.5753 299.3923 14.37495504912621
COSMOS 2251 DEB         
1 34875U 93036ACN 26276.15533654  .00000588  00000+0  15961-3 0  9998
2 34875  74.0450 326.1834 0015271   9.8800  21.0366 14.49714045920218
COSMOS 2251 DEB         
1 34878U 93036ACR 26273.84403336  .00000115  00000+0  13352-3 0  9995
2 34878  73.9649 303.7384 0437207 231.4249 308.7884 13.44557297851982
COSMOS 2251 DEB         
1 34879U 93036ACS 26274.46909974  .00000221  00000+0  22180-3 0  9991
2 34879  73.9053 191.2076 0490154 219.7611 136.6600 13.39981541622608
COSMOS 2251 DEB         
1 34882U 93036ACV 26275.29576879  .00000330  00000+0  68847-4 0  9993
2 34882  74.0492  24.0832 0080515  75.8983 285.1116 14.62028145928142
COSMOS 2251 DEB         
1 34883U 93036ACW 26275.28667711  .00007842  00000+0  16135-2 0  9995
2 34883  74.1970 232.1027 0084560 322.1561  37.3677 14.58440186907107
COSMOS 2251 DEB         
1 34884U 93036ACX 26276.48087133  .00018596  00000+0  12771-2 0  9993
2 34884  74.0096 178.1685 0008662 195.4565 339.2047 15.05907546922203
COSMOS 2251 DEB         
1 34885U 93036ACY 26276.22257583  .00000990  00000+0  24717-3 0  9997
2 34885  74.0322 347.8126 0015173 356.0145  34.2927 14.52836335917543
COSMOS 2251 DEB         
1 34908U 93036ADD 26276.54333943  .00000724  00000+0  24459-3 0  9991
2 34908  74.0579 201.4831 0040258 149.3979  25.2590 14.38232834915161
COSMOS 2251 DEB         
1 34909U 93036ADE 26276.11698391  .00001693  00000+0  21848-3 0  9991
2 34909  74.0144 216.9492 0083499 276.4723  82.6950 14.79485379712034
COSMOS 2251 DEB         
1 34910U 93036ADF 26275.96616773  .00000080  00000+0  99400-4 0  9998
2 34910  73.8773 356.9316 0465221  65.3173 107.3789 13.38033492854594
COSMOS 2251 DEB         
1 34911U 93036ADG 26276.61942384  .00000296  00000+0  65559-4 0  9999
2 34911  74.0419  42.5609 0082417  93.7148 282.4434 14.59695710928895
COSMOS 2251 DEB         
1 34913U 93036ADJ 26275.88397170  .00000027  00000+0  18580-4 0  9990
2 34913  74.0256 103.4155 0020493 147.7609 278.0601 14.34705237694062
COSMOS 2251 DEB         
1 34918U 93036ADP 26273.32939720  .00002127  00000+0  40209-3 0  9990
2 34918  74.0668 115.3715 0026343   9.7398 165.2855 14.64842331696015
COSMOS 2251 DEB         
1 34924U 93036ADV 26276.36489074  .00001753  00000+0  34853-3 0  9998
2 34924  74.0372 246.2928 0056359 255.0626 256.5029 14.61933428920263
COSMOS 2251 DEB         
1 34944U 93036ADX 26276.39467612  .00001005  00000+0  42488-3 0  9990
2 34944  73.7479  60.0897 0219139 220.3347 138.1365 14.14865944682491
COSMOS 2251 DEB         
1 34946U 93036ADZ 26276.30752597  .00001024  00000+0  20076-3 0  9992
2 34946  74.0212 137.0227 0050727 200.3955 159.5188 14.63355249925163
COSMOS 2251 DEB         
1 34949U 93036AEC 26275.29202729  .00001591  00000+0  22846-3 0  9995
2 34949  74.0149 255.4751 0078652 324.5896  35.0068 14.75316340926890
COSMOS 2251 DEB         
1 34953U 93036AEG 26276.17259508  .00002103  00000+0  33557-3 0  9996
2 34953  74.0914 178.0494 0053474  93.1269  57.1093 14.71612101924562
COSMOS 2251 DEB         
1 34955U 93036AEJ 26276.50264067  .00003202  00000+0  21555-3 0  9997
2 34955  74.0365   4.3135 0070832 355.1943   4.8557 15.05144020944636
COSMOS 2251 DEB         
1 34962U 93036AER 26274.93241161  .00000625  00000+0  17784-3 0  9995
2 34962  74.0321   5.2645 0017618  44.8746 315.3834 14.47307148918195
COSMOS 2251 DEB         
1 34963U 93036AES 26276.54646133  .00002488  00000+0  59850-3 0  9992
2 34963  74.1692 211.5167 0040532 315.6385  44.1533 14.53347513910819
COSMOS 2251 DEB         
1 34964U 93036AET 26272.16253167  .00002330  00000+0  12791-2 0  9996
2 34964  73.9700 201.8139 0208756 357.0514   2.9371 14.01854109885467
COSMOS 2251 DEB         
1 34965U 93036AEU 26276.31699099  .00000424  00000+0  11806-3 0  9995
2 34965  74.0501 296.6988 0026058 344.8961  15.1418 14.49247553913805
COSMOS 2251 DEB         
1 34967U 93036AEW 26276.14144158  .00001148  00000+0  33158-3 0  9997
2 34967  73.9912  64.1011 0038598 142.3589 218.0281 14.45302490692090
COSMOS 2251 DEB         
1 34968U 93036AEX 26276.62411048  .00000315  00000+0  68945-4 0  9994
2 34968  74.0396  44.7479 0085301  90.9691 270.1250 14.59765178927803
COSMOS 2251 DEB         
1 34969U 93036AEY 26274.50616829  .00000384  00000+0  14644-3 0  9996
2 34969  74.0141 207.9571 0075737 270.5135  88.7337 14.32659876693299
COSMOS 2251 DEB         
1 34971U 93036AFA 26273.20287101  .00000319  00000+0  77072-4 0  9995
2 34971  73.9761  90.5321 0070637 246.5710 231.2568 14.56039670704141
COSMOS 2251 DEB         
1 34972U 93036AFB 26276.23391527  .00003802  00000+0  53015-3 0  9990
2 34972  73.9852 191.9527 0033727 270.9467 242.4608 14.77710558919945
COSMOS 2251 DEB         
1 34976U 93036AFF 26275.74292677  .00002277  00000+0  29764-3 0  9994
2 34976  74.0521  88.7693 0043467  60.6812 312.3257 14.80439866926209
COSMOS 2251 DEB         
1 34979U 93036AFJ 26276.04622085  .00003716  00000+0  44824-3 0  9994
2 34979  74.0387  45.9953 0045577  49.4569 311.0563 14.83446617925798
COSMOS 2251 DEB         
1 34990U 93036AFN 26272.13139351  .00000578  00000+0  18047-3 0  9993
2 34990  74.0435  72.6914 0015225  66.9749 293.3011 14.42977082915340
COSMOS 2251 DEB         
1 34997U 93036AFV 26276.28411374  .00001812  00000+0  47066-3 0  9993
2 34997  73.8761 115.3657 0091166  30.8396 329.8072 14.48000090750072
COSMOS 2251 DEB         
1 34998U 93036AFW 26276.14960196  .00000694  00000+0  18498-3 0  9994
2 34998  74.0105 326.3813 0019635  36.5544 354.9677 14.50273706916876
COSMOS 2251 DEB         
1 35012U 93036AFZ 26276.37701127  .00000244  00000+0  73942-4 0  9991
2 35012  74.0183 281.6994 0080650 348.7981  11.1377 14.45791622918193
COSMOS 2251 DEB         
1 35014U 93036AGB 26275.47321505  .00003905  00000+0  51218-3 0  9999
2 35014  73.9959 185.1037 0010308 256.6827 103.3200 14.80643219756779
COSMOS 2251 DEB         
1 35015U 93036AGC 26276.10684716  .00001801  00000+0  47259-3 0  9990
2 35015  73.9478  40.9295 0073197 203.2058 332.0801 14.48383707697004
COSMOS 2251 DEB         
1 35016U 93036AGD 26275.81685899  .00000348  00000+0  12166-3 0  9995
2 35016  73.9274 111.4847 0112771 324.1694  47.5205 14.35611323910027
COSMOS 2251 DEB         
1 35018U 93036AGF 26276.47396163  .00000901  00000+0  72110-3 0  9993
2 35018  73.9797 344.2660 0344113 194.2014 164.9242 13.67883556872156
COSMOS 2251 DEB         
1 35020U 93036AGH 26276.53379325  .00000270  00000+0  55570-4 0  9995
2 35020  74.0485 353.9953 0089196  31.9498 328.7034 14.63174601925493
COSMOS 2251 DEB         
1 35022U 93036AGK 26274.31322375  .00000662  00000+0  13676-3 0  9999
2 35022  74.0231 121.9790 0047314 245.8126 113.8091 14.61852745634174
COSMOS 2251 DEB         
1 35023U 93036AGL 26276.45225765  .00009205  00000+0  63708-3 0  9995
2 35023  74.0355 332.7280 0029981 334.7122  37.8152 15.05418539927011
COSMOS 2251 DEB         
1 35025U 93036AGN 26276.47980098  .00001340  00000+0  19833-3 0  9998
2 35025  73.9371 204.7292 0080539  49.4598 311.3551 14.74092061929842
COSMOS 2251 DEB         
1 35026U 93036AGP 26272.36605622  .00000100  00000+0  29834-4 0  9996
2 35026  74.0454 130.0933 0083340 170.8352   3.8078 14.53764900923666
COSMOS 2251 DEB         
1 35028U 93036AGR 26276.21340098  .00000214  00000+0  52313-4 0  9993
2 35028  74.0366  72.0481 0082382 132.4517  40.0121 14.56772871925736
COSMOS 2251 DEB         
1 35031U 93036AGU 26275.82761532  .00000222  00000+0  81085-4 0  9990
2 35031  74.0364  77.3116 0018020 103.1355 257.1812 14.38546669695123
COSMOS 2251 DEB         
1 35032U 93036AGV 26276.43956199  .00001454  00000+0  29611-3 0  9998
2 35032  73.8501 158.6498 0065339 307.0314 228.0748 14.60715720919748
COSMOS 2251 DEB         
1 35033U 93036AGW 26275.92472103  .00000903  00000+0  22929-3 0  9993
2 35033  74.0272 342.3299 0013967  10.7271 349.4185 14.52184504701965
COSMOS 2251 DEB         
1 35038U 93036AHB 26275.58953014  .00001368  00000+0  53730-3 0  9995
2 35038  74.1044 233.7795 0109656 145.3015 334.3156 14.26951828897581
COSMOS 2251 DEB         
1 35043U 93036AHG 26276.16028132  .00014517  00000+0  13699-2 0  9999
2 35043  73.9441 178.0905 0069473 309.7461  49.7611 14.91934569717884
COSMOS 2251 DEB         
1 35045U 93036AHJ 26275.27296248  .00000605  00000+0  36695-3 0  9992
2 35045  73.7165 254.0502 0178025  92.1985 269.9544 14.00907882887532
COSMOS 2251 DEB         
1 35060U 93036AHP 26275.09352598  .00000483  00000+0  15473-3 0  9995
2 35060  74.0365  60.6562 0017350  77.3288 282.9807 14.42112386914706
COSMOS 2251 DEB         
1 35061U 93036AHQ 26276.18823132  .00001727  00000+0  29202-3 0  9991
2 35061  74.0414  96.0853 0039800 133.0498 227.4018 14.69681482928985
COSMOS 2251 DEB         
1 35062U 93036AHR 26276.00288815  .00001866  00000+0  74225-3 0  9995
2 35062  74.0754 284.4816 0126875 214.0389 145.2575 14.25043165896883
COSMOS 2251 DEB         
1 35065U 93036AHU 26276.51380452  .00000623  00000+0  18041-3 0  9998
2 35065  74.0219   3.6663 0018546  56.3501 303.9423 14.46468735726122
COSMOS 2251 DEB         
1 35071U 93036AJA 26276.30113109  .00004891  00000+0  29608-3 0  9997
2 35071  73.9283 284.4943 0058531 109.1465 251.6075 15.09461388719730
COSMOS 2251 DEB         
1 35073U 93036AJC 26276.15531398  .00060229  00000+0  19851-2 0  9991
2 35073  73.9800  75.7949 0014514 112.3343 247.9400 15.31067729719396
COSMOS 2251 DEB         
1 35284U 93036AJN 26276.15811549  .00000211  00000+0  77541-4 0  9991
2 35284  74.0469  82.2027 0015662  90.2988  32.0802 14.38563948697593
COSMOS 2251 DEB         
1 35287U 93036AJR 26276.26044439  .00000145  00000+0  58337-4 0  9990
2 35287  74.0277  94.8425 0017287 126.0200  48.9572 14.36564400911214
COSMOS 2251 DEB         
1 35288U 93036AJS 26276.37665596  .00002298  00000+0  39828-3 0  9990
2 35288  73.9484 163.4203 0035813 322.5453  37.3221 14.68498661921997
COSMOS 2251 DEB         
1 35290U 93036AJU 26276.09658415  .00007638  00000+0  82450-3 0  9996
2 35290  74.0015 193.8542 0008212 232.5409 127.5025 14.88499589923278
COSMOS 2251 DEB         
1 35433U 93036AKB 26273.40194642  .00000297  00000+0  11271-3 0  9991
2 35433  74.0351 163.8710 0026260 153.5784 324.9506 14.35109583907649
COSMOS 2251 DEB         
1 35434U 93036AKC 26276.60201195  .00000550  00000+0  23002-3 0  9996
2 35434  74.0411  41.0194 0086094  40.6476 320.1055 14.26437734903213
COSMOS 2251 DEB         
1 35435U 93036AKD 26276.64489013  .00008700  00000+0  98756-3 0  9991
2 35435  74.0066 239.5146 0013863 260.4567 274.3013 14.86372456919102
COSMOS 2251 DEB         
1 35439U 93036AKH 26275.94319502  .00000796  00000+0  49056-3 0  9998
2 35439  74.0204 350.0572 0236543  93.1000 269.7222 13.93996186880596
COSMOS 2251 DEB         
1 35440U 93036AKJ 26276.49476115  .00000905  00000+0  15082-3 0  9999
2 35440  74.0161 355.7244 0067006  62.6927 298.1045 14.70143918730959
COSMOS 2251 DEB         
1 35441U 93036AKK 26276.22601905  .00003370  00000+0  60839-3 0  9997
2 35441  74.1314  95.1369 0031786 261.5863  98.1703 14.66539552917425
COSMOS 2251 DEB         
1 35442U 93036AKL 26276.27974371  .00011890  00000+0  10586-2 0  9992
2 35442  74.0210 228.5335 0007071 228.0209 132.0374 14.96085766917425
COSMOS 2251 DEB         
1 35443U 93036AKM 26275.70272535  .00788602  00000+0  74311-2 0  9991
2 35443  73.9497  73.1892 0014778 106.7004 253.5839 15.64444388913437
COSMOS 2251 DEB         
1 35445U 93036AKP 26276.21509058  .00004121  00000+0  70716-3 0  9996
2 35445  74.0324  96.4338 0137058 110.2654 251.3308 14.62995374916311
COSMOS 2251 DEB         
1 35446U 93036AKQ 26275.86601031  .00000160  00000+0  42725-4 0  9990
2 35446  74.0447 121.9343 0075411 166.3959 193.9261 14.54861549922854
COSMOS 2251 DEB         
1 35448U 93036AKS 26276.32127104  .00001454  00000+0  33638-3 0  9997
2 35448  73.9012 246.9995 0010493 339.3167  20.7569 14.56094882916205
COSMOS 2251 DEB         
1 35453U 93036AKX 26276.06367854  .00000978  00000+0  31682-3 0  9999
2 35453  74.0085 196.8216 0068782 258.9617 100.3796 14.39014976904517
COSMOS 2251 DEB         
1 35455U 93036AKZ 26275.94624846  .00002210  00000+0  52883-3 0  9991
2 35455  74.0246 101.4670 0099018 133.5680 227.3757 14.51214464908090
COSMOS 2251 DEB         
1 35456U 93036ALA 26275.64047054  .00004737  00000+0  69604-3 0  9994
2 35456  73.9478 262.3455 0056628  39.4808 321.0469 14.74669851702015
COSMOS 2251 DEB         
1 35459U 93036ALD 26274.52510804  .00000337  00000+0  12061-3 0  9998
2 35459  73.8740   2.8917 0017733 251.6963 108.2260 14.37863136625696
COSMOS 2251 DEB         
1 35462U 93036ALG 26273.85279540  .00001452  00000+0  54048-3 0  9996
2 35462  74.0321  97.2437 0084005  62.8805 298.0882 14.30982995705578
COSMOS 2251 DEB         
1 35465U 93036ALK 26275.98756030  .00000580  00000+0  17015-3 0  9993
2 35465  74.0012   7.8764 0062341  98.8804 261.9418 14.45010568914913
COSMOS 2251 DEB         
1 35469U 93036ALP 26276.47894292  .00000140  00000+0  42340-4 0  9997
2 35469  74.0177 189.7465 0078021 272.0209  87.2018 14.50031267923835
COSMOS 2251 DEB         
1 35475U 93036ALV 26276.39709033  .00004034  00000+0  60070-3 0  9998
2 35475  74.0206 311.1761 0022083 309.0185  50.9022 14.75089820699552
COSMOS 2251 DEB         
1 35476U 93036ALW 26275.55471337  .00004975  00000+0  62715-3 0  9991
2 35476  73.9754 200.5212 0013533 132.3910  40.8340 14.82190142922327
COSMOS 2251 DEB         
1 35580U 93036ALX 26275.62588980  .00000832  00000+0  55765-3 0  9993
2 35580  73.9012  38.4075 0281012 347.7399  11.6978 13.84952585663241
COSMOS 2251 DEB         
1 35583U 93036AMA 26276.25686970  .00000328  00000+0  30683-3 0  9996
2 35583  73.9134  94.4382 0386776  64.0257 300.0159 13.55926701864032
COSMOS 2251 DEB         
1 35585U 93036AMC 26276.58913432  .00001259  00000+0  93867-3 0  9997
2 35585  73.9707 215.7676 0303692  67.3353 104.7765 13.76119820681187
COSMOS 2251 DEB         
1 35586U 93036AMD 26274.48507154  .00000480  00000+0  45609-3 0  9991
2 35586  74.0172 193.4057 0402334   7.1018 106.7112 13.52366760643394
COSMOS 2251 DEB         
1 35587U 93036AME 26275.50054621  .00000778  00000+0  11934-3 0  9996
2 35587  74.0038 205.8966 0101043 319.1384  40.2242 14.72252283706683
COSMOS 2251 DEB         
1 35593U 93036AML 26275.83217649  .00000731  00000+0  29511-3 0  9999
2 35593  74.0824 118.5576 0103882  52.1616 308.8876 14.26686275892587
COSMOS 2251 DEB         
1 35594U 93036AMM 26274.57333797  .00006826  00000+0  62487-3 0  9993
2 35594  73.8047 230.5825 0030210 279.9634  79.8140 14.94805238925524
COSMOS 2251 DEB         
1 35602U 93036AMV 26276.41258838  .00014435  00000+0  25839-3 0  9995
2 35602  73.9894 261.9523 0069537 248.8618 263.1459 15.47241861946326
COSMOS 2251 DEB         
1 35606U 93036AMZ 26275.67866394  .00000303  00000+0  31740-3 0  9995
2 35606  73.8077 262.1898 0450547  61.1209 303.4324 13.41550308649811
COSMOS 2251 DEB         
1 35611U 93036ANE 26275.85912337  .00005328  00000+0  70831-3 0  9996
2 35611  74.0193 322.1731 0022292 320.0257  39.9277 14.79828016916321
COSMOS 2251 DEB         
1 35614U 93036ANH 26275.84180854  .00001697  00000+0  28104-3 0  9990
2 35614  73.9545 115.9369 0073182 258.8510 100.4426 14.69423608920469
COSMOS 2251 DEB         
1 35645U 93036ANL 26276.19970821  .00003079  00000+0  80863-3 0  9990
2 35645  73.9623 254.8231 0067977 339.4354  20.4070 14.48242056910310
COSMOS 2251 DEB         
1 35646U 93036ANM 26276.07914939  .00000387  00000+0  39640-3 0  9992
2 35646  73.8690 308.7446 0458206   8.0281  19.6471 13.41221585858040
COSMOS 2251 DEB         
1 35647U 93036ANN 26272.26338550  .00001038  00000+0  30282-3 0  9996
2 35647  74.0199 113.5293 0046702 144.5118 215.9163 14.44742831718588
COSMOS 2251 DEB         
1 35650U 93036ANR 26274.37948095  .00005697  00000+0  56922-3 0  9999
2 35650  74.0416 155.2534 0015641 148.0984 330.2071 14.91625959919870
COSMOS 2251 DEB         
1 35660U 93036APB 26276.33808814  .00000614  00000+0  16314-3 0  9997
2 35660  74.0385 299.8271 0017360   8.2144   5.1236 14.50691482701424
COSMOS 2251 DEB         
1 35661U 93036APC 26275.17671295  .00002734  00000+0  26917-3 0  9995
2 35661  74.0113 212.9921 0085458 241.2148 118.0432 14.89918628922342
COSMOS 2251 DEB         
1 35663U 93036APE 26276.28000347  .00003272  00000+0  55891-3 0  9995
2 35663  74.0181 274.9837 0010205 275.5715  84.4291 14.69314836777033
COSMOS 2251 DEB         
1 35667U 93036APJ 26276.32862944  .00001658  00000+0  33379-3 0  9996
2 35667  74.0527 297.4091 0022029 279.8781  79.9899 14.62253973751065
COSMOS 2251 DEB         
1 35668U 93036APK 26275.55846218  .00000448  00000+0  86263-4 0  9994
2 35668  74.0470  16.1600 0081012  45.6594 315.1175 14.64667880919485
COSMOS 2251 DEB         
1 35669U 93036APL 26275.03844374  .00000511  00000+0  45605-3 0  9994
2 35669  73.8616  40.6586 0384645 101.7312 262.7213 13.57673156647695
COSMOS 2251 DEB         
1 35670U 93036APM 26276.45612301  .00008186  00000+0  61702-3 0  9998
2 35670  73.8917 181.4363 0027566  80.6058 279.8244 15.02307623921420
COSMOS 2251 DEB         
1 35671U 93036APN 26275.69526672  .00000361  00000+0  10241-3 0  9998
2 35671  74.0155 247.9623 0040447 347.3302 187.7783 14.48698401910196
COSMOS 2251 DEB         
1 35674U 93036APR 26275.97816015  .00002390  00000+0  50725-3 0  9990
2 35674  74.0562 119.3339 0092304  90.7995 270.3747 14.57037323903936
COSMOS 2251 DEB         
1 35701U 93036APW 26276.36315717  .00001240  00000+0  85984-3 0  9996
2 35701  74.0036 166.4404 0288019 311.7964  45.8871 13.81881462662270
COSMOS 2251 DEB         
1 35703U 93036APY 26276.06144292  .00003108  00000+0  28274-3 0  9997
2 35703  74.0398 171.5128 0062209 165.0858 195.2180 14.94210146710071
COSMOS 2251 DEB         
1 35705U 93036AQA 26276.30684140  .00008476  00000+0  10547-2 0  9993
2 35705  74.2676 285.6812 0018058 150.0247 210.1971 14.82520802902786
COSMOS 2251 DEB         
1 35706U 93036AQB 26275.78931184  .00000664  00000+0  54832-3 0  9995
2 35706  73.8856 296.6094 0346612 292.8831  63.6040 13.66625633660788
COSMOS 2251 DEB         
1 35711U 93036AQG 26276.01689033  .00000372  00000+0  72819-4 0  9993
2 35711  74.0477  15.4257 0083202  40.6232 320.1102 14.64452454920788
COSMOS 2251 DEB         
1 35716U 93036AQM 26275.49458818  .00000198  00000+0  45130-4 0  9996
2 35716  73.9961 351.9129 0087948 122.8038 251.4343 14.60398367919153
COSMOS 2251 DEB         
1 35717U 93036AQN 26276.07839112  .00002273  00000+0  70134-3 0  9999
2 35717  74.1604  38.0665 0074552 174.6148 185.5828 14.40338807783350
COSMOS 2251 DEB         
1 35718U 93036AQP 26272.31068879  .00003260  00000+0  51190-3 0  9995
2 35718  74.0283 285.3421 0013889 267.5868  92.3715 14.72978400701137
COSMOS 2251 DEB         
1 35721U 93036AQS 26252.14038428  .00003318  00000+0  10168-2 0  9998
2 35721  73.9493  38.8727 0143480 125.4469 236.0178 14.36310157616697
COSMOS 2251 DEB         
1 35724U 93036AQV 26275.94133492  .00000478  00000+0  10628-3 0  9997
2 35724  74.0295 102.4529 0060222 182.5631 177.5236 14.58755183918186
COSMOS 2251 DEB         
1 35759U 93036ARD 26272.55092416  .00000591  00000+0  11019-3 0  9990
2 35759  74.0399  16.3643 0074872  60.4192 300.4411 14.65660004703955
COSMOS 2251 DEB         
1 35764U 93036ARJ 26269.89088928  .00005241  00000+0  67969-3 0  9994
2 35764  74.0208 136.0943 0025054 183.3695 176.7317 14.80825635703087
COSMOS 2251 DEB         
1 35771U 93036ARR 26276.05382501  .00004739  00000+0  18802-2 0  9994
2 35771  74.1554 150.5783 0201758  10.7383 349.7970 14.18545839870276
COSMOS 2251 DEB         
1 35773U 93036ART 26276.34259567  .00000974  00000+0  19120-3 0  9995
2 35773  74.0051 135.0393 0046623 220.4549 139.3149 14.63476380911479
COSMOS 2251 DEB         
1 35777U 93036ARX 26276.60384770  .00000430  00000+0  44449-3 0  9992
2 35777  73.7705 211.5550 0448367  62.5543 108.8921 13.41562876836386
COSMOS 2251 DEB         
1 35784U 93036ASE 26275.23332178  .00000490  00000+0  13101-3 0  9990
2 35784  74.0356 258.3222 0042180 312.5310  47.2291 14.50547334699610
COSMOS 2251 DEB         
1 35786U 93036ASG 26276.05335629  .00002286  00000+0  39241-3 0  9995
2 35786  74.0127 194.3128 0036296 247.4356 112.2972 14.68910833777263
COSMOS 2251 DEB         
1 35789U 93036ASK 26276.20085987  .00000128  00000+0  52309-4 0  9998
2 35789  74.0359 103.7931 0047197 133.5216 226.9874 14.36151999654545
COSMOS 2251 DEB         
1 35793U 93036ASP 26276.49795550  .00006086  00000+0  70926-3 0  9991
2 35793  74.0372 197.3287 0007537 211.9447 263.5442 14.85428216701655
COSMOS 2251 DEB         
1 35824U 93036ASW 26276.23107475  .00001264  00000+0  81725-3 0  9993
2 35824  73.8416 262.0737 0254393 294.9716  62.5180 13.89316362883164
COSMOS 2251 DEB         
1 35825U 93036ASX 26274.57852585  .00000548  00000+0  40284-3 0  9997
2 35825  74.1134  20.7422 0351767  46.6757 316.3119 13.71869417865231
COSMOS 2251 DEB         
1 35829U 93036ATB 26276.23870278  .00006442  00000+0  79661-3 0  9995
2 35829  74.0210 238.1646 0010606 240.1818 119.8306 14.82936057921320
COSMOS 2251 DEB         
1 35830U 93036ATC 26274.17328343  .00000905  00000+0  36112-3 0  9991
2 35830  73.8598  93.1474 0121268   5.6366 354.6112 14.26071736654302
COSMOS 2251 DEB         
1 35834U 93036ATG 26275.32717856  .00000271  00000+0  14997-3 0  9997
2 35834  73.9323 142.0047 0110692 240.7749 242.0772 14.13174096704104
COSMOS 2251 DEB         
1 35835U 93036ATH 26275.33360851  .00000624  00000+0  42107-3 0  9994
2 35835  74.0613 134.3667 0292309 208.3184 150.1788 13.83661589657590
COSMOS 2251 DEB         
1 35836U 93036ATJ 26276.10338798  .00004561  00000+0  65206-3 0  9995
2 35836  74.0309 318.0554 0024718 302.5596  57.3191 14.76746352678583
COSMOS 2251 DEB         
1 35837U 93036ATK 26276.16264071  .00001725  00000+0  11979-2 0  9990
2 35837  73.7228  76.8206 0410519 316.2068 156.7002 13.65754373619935
COSMOS 2251 DEB         
1 35840U 93036ATN 26275.87247492  .00002181  00000+0  64653-3 0  9994
2 35840  73.9319 331.5964 0108915 171.7368 188.5615 14.40554022895230
COSMOS 2251 DEB         
1 35883U 93036ATW 26276.32870203  .00000520  00000+0  13290-3 0  9990
2 35883  74.0224 235.5453 0084401 290.8834 220.4130 14.51104547666581
COSMOS 2251 DEB         
1 35884U 93036ATX 26276.37329996  .00001492  00000+0  57999-3 0  9997
2 35884  73.9889 161.6019 0110976 239.5598 119.4551 14.27409597265594
COSMOS 2251 DEB         
1 35885U 93036ATY 26276.30051024  .00000333  00000+0  11865-3 0  9990
2 35885  74.0257 112.2331 0023326 126.3606 233.9706 14.37928350692491
COSMOS 2251 DEB         
1 35887U 93036AUA 26276.37457377  .00002609  00000+0  65102-3 0  9991
2 35887  73.9772 310.7914 0075792  33.2660 327.3230 14.50388862687942
COSMOS 2251 DEB         
1 35888U 93036AUB 26274.04144777  .00000589  00000+0  12923-3 0  9999
2 35888  74.0325 159.7873 0050239 217.7982 141.9652 14.59223818905364
COSMOS 2251 DEB         
1 35890U 93036AUD 26276.07701597  .00003713  00000+0  74686-3 0  9992
2 35890  73.9359  37.9218 0052515  96.7994 263.9151 14.61083055694453
COSMOS 2251 DEB         
1 35891U 93036AUE 26275.04412054  .00683608  20731-3  14675-2 0  9991
2 35891  73.9649 164.6126 0020914 193.6834 166.3840 15.98013474717759
COSMOS 2251 DEB         
1 35895U 93036AUJ 26276.14786387  .00001028  00000+0  56607-3 0  9995
2 35895  74.0463 196.2490 0204995 226.0905 132.3152 14.02764578631393
COSMOS 2251 DEB         
1 35898U 93036AUM 26276.16820041  .00005469  00000+0  43241-3 0  9999
2 35898  73.9890  60.1254 0075398 129.0940  44.8683 14.98643205712157
COSMOS 2251 DEB         
1 35902U 93036AUR 26276.07932502  .00001259  00000+0  48877-3 0  9994
2 35902  73.9818  59.7100 0101398 108.2890 252.9323 14.28100801653307
COSMOS 2251 DEB         
1 35905U 93036AUU 26275.52791066  .00002382  00000+0  16847-3 0  9994
2 35905  74.0321 332.3395 0084468 333.3989  26.2875 15.02681905929914
COSMOS 2251 DEB         
1 35956U 93036AUW 26274.93073571  .00004131  00000+0  17759-2 0  9994
2 35956  74.0717  97.3522 0226464 103.8116 258.8336 14.12125228659966
COSMOS 2251 DEB         
1 35959U 93036AUZ 26276.03270872  .00000107  00000+0  47276-4 0  9991
2 35959  74.0311 133.2427 0021860 147.7535 212.4958 14.34293489891477
COSMOS 2251 DEB         
1 35961U 93036AVB 26269.11328329  .00001332  00000+0  69973-3 0  9994
2 35961  73.9268  58.1302 0186287 293.3450  64.8183 14.06665932667212
COSMOS 2251 DEB         
1 35975U 93036AVR 26275.06041999  .00001378  00000+0  52454-3 0  9991
2 35975  74.0488 158.6674 0111748 167.6824 192.7099 14.28421447682881
COSMOS 2251 DEB         
1 35979U 93036AVV 26272.31257866  .00002606  00000+0  36178-3 0  9992
2 35979  74.0112  28.4610 0056859  88.2476 302.5922 14.77344693929213
COSMOS 2251 DEB         
1 35980U 93036AVW 26273.29720332  .00002482  00000+0  48960-3 0  9999
2 35980  73.9088 281.1393 0052414 347.0560  12.9256 14.62181732657446
COSMOS 2251 DEB         
1 35982U 93036AVY 26276.35397544  .00001039  00000+0  19790-3 0  9992
2 35982  74.0555 142.1977 0063834 134.0653 226.5797 14.64123780904762
COSMOS 2251 DEB         
1 35987U 93036AWD 26274.32610028  .00001092  00000+0  31909-3 0  9992
2 35987  73.9954 141.2396 0049210 197.5469 162.3991 14.44577502652883
COSMOS 2251 DEB         
1 35989U 93036AWF 26276.24417580  .00000227  00000+0  84686-4 0  9995
2 35989  74.0350 102.1294 0021570 116.3037 244.0336 14.37361107914100
COSMOS 2251 DEB         
1 35993U 93036AWK 26275.26492113  .00001272  00000+0  23054-3 0  9998
2 35993  74.0115 126.2005 0029801 237.4526 122.3764 14.67139520647453
COSMOS 2251 DEB         
1 35996U 93036AWN 26275.50764268  .00004476  00000+0  22547-3 0  9996
2 35996  74.0321 214.2955 0084764 229.6934 129.6833 15.14371825767664
COSMOS 2251 DEB         
1 35997U 93036AWP 26276.46279373  .00000998  00000+0  25028-3 0  9993
2 35997  74.0453 352.2457 0015672 350.0148  10.0700 14.52627839751624
COSMOS 2251 DEB         
1 36000U 93036AWS 26275.55218687  .00016580  00000+0  11412-2 0  9994
2 36000  73.9837 209.5580 0030147 245.7312 114.0728 15.05500919645706
COSMOS 2251 DEB         
1 36005U 93036AWX 26275.65825263  .00000295  00000+0  85725-4 0  9990
2 36005  74.0242 263.9165 0061682 326.9784  32.7529 14.47654800918374
COSMOS 2251 DEB         
1 36008U 93036AXA 26271.89161823  .00003496  00000+0  12317-2 0  9991
2 36008  74.0009 103.5878 0162413 180.0938 180.0210 14.28037975647620
COSMOS 2251 DEB         
1 36045U 93036AXG 26274.50834408  .00004727  00000+0  67392-3 0  9991
2 36045  73.7605 198.5612 0044258 166.0775 194.1631 14.76408363127013
COSMOS 2251 DEB         
1 36046U 93036AXH 26276.18688005  .00001546  00000+0  27757-3 0  9995
2 36046  74.0137  68.4429 0055774 141.7181  32.7730 14.66609571683180
COSMOS 2251 DEB         
1 36047U 93036AXJ 26273.93606305  .00023431  00000+0  12514-2 0  9990
2 36047  74.0123  94.4644 0008680  78.9642 281.2529 15.15005074703386
COSMOS 2251 DEB         
1 36048U 93036AXK 26273.30544133  .00000275  00000+0  98870-4 0  9994
2 36048  74.0551 122.9071 0025695 104.3291   9.7868 14.38214624896932
COSMOS 2251 DEB         
1 36049U 93036AXL 26274.98504961  .00002113  00000+0  40129-3 0  9991
2 36049  74.0279 276.0462 0014219 286.1808  73.7795 14.64800759896555
COSMOS 2251 DEB         
1 36050U 93036AXM 26275.81941041  .00002751  00000+0  18263-3 0  9992
2 36050  74.0304 312.8755 0082339 313.2522  46.1813 15.05044528714546
COSMOS 2251 DEB         
1 36053U 93036AXQ 26275.76506408  .00002333  00000+0  48304-3 0  9998
2 36053  73.8699 306.6718 0028857 199.5993 160.4066 14.60635712917338
COSMOS 2251 DEB         
1 36058U 93036AXV 26276.10756991  .00001032  00000+0  21867-3 0  9996
2 36058  74.0222 191.7585 0046528 250.5846 109.0288 14.59938956704055
COSMOS 2251 DEB         
1 36060U 93036AXX 26275.66369337  .00000472  00000+0  15006-3 0  9998
2 36060  74.0293  49.2083 0014276  77.6215 282.6538 14.42528876892477
COSMOS 2251 DEB         
1 36061U 93036AXY 26274.48186520  .00000303  00000+0  11654-3 0  9997
2 36061  74.0247 183.7248 0039267 203.4073 156.5293 14.34110397693003
COSMOS 2251 DEB         
1 36073U 93036AYL 26276.31398790  .00000233  00000+0  90302-4 0  9998
2 36073  74.0312 142.4163 0024255 144.2694 216.0088 14.35247309744331
COSMOS 2251 DEB         
1 36074U 93036AYM 26275.91573726  .00001092  00000+0  31426-3 0  9993
2 36074  73.9896 151.1937 0044078 175.8510 184.3022 14.45433990901586
COSMOS 2251 DEB         
1 36366U 93036AYT 26275.83443742  .00001945  00000+0  65562-3 0  9997
2 36366  74.0627  95.1866 0087264  51.7522 309.1442 14.35522018905060
COSMOS 2251 DEB         
1 36367U 93036AYU 26265.26097051  .00001401  00000+0  92237-3 0  9998
2 36367  74.0998 112.7684 0262020 117.7621 245.0340 13.87223471614603
COSMOS 2251 DEB         
1 36369U 93036AYW 26275.17335144  .00004155  00000+0  56925-3 0  9992
2 36369  74.0284 215.5834 0014741 228.1588 131.8330 14.78731951902537
COSMOS 2251 DEB         
1 36371U 93036AYY 26274.36106986  .00003627  00000+0  52662-3 0  9992
2 36371  74.0105 309.7740 0012239 283.4181  76.5629 14.76340642757565
COSMOS 2251 DEB         
1 36379U 93036AZG 26274.36853517  .00000296  00000+0  10846-3 0  9996
2 36379  74.0107 128.5582 0046439 189.2296 345.6155 14.36460533690293
COSMOS 2251 DEB         
1 36385U 93036AZN 26276.41480709  .00005120  00000+0  62008-3 0  9998
2 36385  73.9669 295.3618 0127779  37.3574 323.6399 14.78195449894494
COSMOS 2251 DEB         
1 36420U 93036AZT 26275.20943378  .00000157  00000+0  61437-4 0  9991
2 36420  74.0348  95.8824 0017535 117.3404   1.2752 14.37111179892528
COSMOS 2251 DEB         
1 36430U 93036BAD 26270.78761350  .00000441  00000+0  17832-3 0  9993
2 36430  74.0033 303.6092 0095403  25.0572 335.5161 14.28251484686834
COSMOS 2251 DEB         
1 36437U 93036BAL 26274.45905347  .00003076  00000+0  45723-3 0  9991
2 36437  73.9398 180.0690 0019329 328.8175  31.1850 14.75331119703627
COSMOS 2251 DEB         
1 36439U 93036BAN 26271.72988090  .00000523  00000+0  49838-3 0  9991
2 36439  73.9686 293.5990 0428248 210.2692 147.3044 13.48566185625219
COSMOS 2251 DEB         
1 36441U 93036BAQ 26273.24295829  .00004183  00000+0  22347-3 0  9996
2 36441  73.8293 101.1282 0101556 139.0578 221.8299 15.11064915913636
COSMOS 2251 DEB         
1 36451U 93036BBA 26258.52384170  .00001671  00000+0  67851-3 0  9997
2 36451  73.9525 197.9457 0183507 321.0354  37.7681 14.19719852881529
COSMOS 2251 DEB         
1 36453U 93036BBC 26275.82251337  .00001222  00000+0  28535-3 0  9997
2 36453  73.9228 312.9845 0066838 153.2721 323.9854 14.54521911887413
COSMOS 2251 DEB         
1 36459U 93036BBJ 26272.46391952  .00001918  00000+0  72513-3 0  9995
2 36459  74.0425 193.5984 0116713 219.1768 140.0891 14.28226125120305
COSMOS 2251 DEB         
1 36528U 93036BCN 26276.43751571  .00000888  00000+0  33005-3 0  9998
2 36528  74.0168 327.7258 0086007 306.5889  52.7369 14.31552374686430
COSMOS 2251 DEB         
1 36529U 93036BCP 26271.32973471  .00035800  00000+0  29931-2 0  9991
2 36529  74.0010 133.3097 0049503 137.8159 340.9713 14.97366916654509
COSMOS 2251 DEB         
1 36531U 93036BCR 26275.21001904  .00003845  00000+0  11891-2 0  9999
2 36531  74.0859 196.8091 0151842 142.2039 218.9896 14.35138108637002
COSMOS 2251 DEB         
1 36533U 93036BCT 26276.39735069  .00000682  00000+0  17877-3 0  9994
2 36533  74.0088 280.4286 0048067 355.1644   4.9044 14.50548763887560
COSMOS 2251 DEB         
1 36539U 93036BCZ 26276.54722236  .00001397  00000+0  29057-3 0  9996
2 36539  74.0217 211.9792 0028842 277.6174  82.1716 14.60816769882504
COSMOS 2251 DEB         
1 36540U 93036BDA 26276.52737883  .00001861  00000+0  38493-3 0  9990
2 36540  74.0294 337.7503 0015895 331.1215  28.9070 14.60996318903126
COSMOS 2251 DEB         
1 36550U 93036BDL 26272.99827361  .00000614  00000+0  24978-3 0  9997
2 36550  74.0450  25.4743 0077478   4.9820 355.2081 14.27974916887526
COSMOS 2251 DEB         
1 36551U 93036BDM 26275.83075070  .00009011  00000+0  47438-3 0  9992
2 36551  73.8965 122.5477 0031459   6.6384 353.5220 15.15308529713692
COSMOS 2251 DEB         
1 36557U 93036BDT 26275.33342632  .00012067  00000+0  12949-2 0  9997
2 36557  73.9773 262.1561 0020511 325.1612  34.8224 14.88507035382520
COSMOS 2251 DEB         
1 36558U 93036BDU 26276.40480619  .00001251  00000+0  28431-3 0  9992
2 36558  74.0418 315.7655 0014065 322.4620  37.5561 14.57015485895582
COSMOS 2251 DEB         
1 36559U 93036BDV 26275.30244157  .00002129  00000+0  11239-2 0  9998
2 36559  74.1207 226.3149 0260620 188.9527 170.6915 13.98485767851948
COSMOS 2251 DEB         
1 36614U 93036BEC 26276.42485035  .00002253  00000+0  44378-3 0  9995
2 36614  74.0231 329.9837 0016668 324.1790  35.8258 14.63078636699192
COSMOS 2251 DEB         
1 36622U 93036BEL 26275.77946344  .00001691  00000+0  22970-3 0  9995
2 36622  74.0106 287.8108 0066277 346.9605  12.9853 14.78216310710924
COSMOS 2251 DEB         
1 36632U 93036BEW 26274.88675901  .00000979  00000+0  29050-3 0  9999
2 36632  73.9983 106.1431 0033784 146.9820 213.3457 14.44318047694462
COSMOS 2251 DEB         
1 37084U 93036BFE 26275.38834061  .00002803  00000+0  18532-3 0  9992
2 37084  74.0256 281.3409 0092114 282.7851  76.3057 15.04498928706792
COSMOS 2251 DEB         
1 37089U 93036BFK 26275.42623915  .00003951  00000+0  78157-3 0  9990
2 37089  74.0356 309.0040 0129805 333.9033  25.5623 14.57435499703834
COSMOS 2251 DEB         
1 37094U 93036BFQ 26274.36269238  .00000924  00000+0  29489-3 0  9993
2 37094  74.1068 303.9926 0082037 194.8547 165.0199 14.39185010887142
COSMOS 2251 DEB         
1 37095U 93036BFR 26275.59500111  .00000922  00000+0  50324-3 0  9998
2 37095  73.8481  31.7335 0192123  36.6709 324.7396 14.04513303667601
COSMOS 2251 DEB         
1 37101U 93036BFX 26260.72235816  .00003338  00000+0  58085-3 0  9998
2 37101  74.0302 275.5973 0045510 289.9873  69.6399 14.67846612697626
COSMOS 2251 DEB         
1 37108U 93036BGE 26275.35244503  .00001648  00000+0  47438-3 0  9995
2 37108  74.0401 256.1294 0094519 259.7136  99.3353 14.43021042897408
COSMOS 2251 DEB         
1 37118U 93036BGQ 26268.63116363  .00013900  00000+0  16181-2 0  9995
2 37118  74.0111 235.5086 0008321 252.9131 107.1137 14.85283992698028
COSMOS 2251 DEB         
1 37126U 93036BGY 26276.35609823  .00000452  00000+0  66944-4 0  9992
2 37126  73.9488 137.0217 0121242 304.9675  54.0158 14.73862554124383
COSMOS 2251 DEB         
1 37132U 93036BHE 26271.00730469  .00004364  00000+0  55375-3 0  9998
2 37132  74.0027  23.0810 0038330 106.8223 253.7164 14.81501664666957
COSMOS 2251 DEB         
1 37270U 93036BHJ 26276.26347375  .00001212  00000+0  95867-3 0  9993
2 37270  73.9302 214.3540 0393447 172.1323 188.6218 13.61657492810763
COSMOS 2251 DEB         
1 37278U 93036BHS 26267.49067481  .00003569  00000+0  11770-2 0  9990
2 37278  73.7861 193.0581 0295717 325.9007 154.5821 14.16537554678733
COSMOS 2251 DEB         
1 37280U 93036BHU 26275.63805059  .00001507  00000+0  65138-3 0  9997
2 37280  74.0277 250.9939 0133461 307.6151  51.2938 14.20613131614952
COSMOS 2251 DEB         
1 37284U 93036BHY 26275.47084490  .00001442  00000+0  68564-3 0  9995
2 37284  74.0180 356.1543 0157742  78.7958 296.1498 14.13932394633250
COSMOS 2251 DEB         
1 37292U 93036BJG 26268.72359176  .00001404  00000+0  73126-3 0  9998
2 37292  74.1229 271.9525 0207835 203.3250 155.8356 14.04967532638776
COSMOS 2251 DEB         
1 37293U 93036BJH 26249.39200573  .00001620  00000+0  44569-3 0  9996
2 37293  73.9192 138.5366 0065079 348.7883  11.1820 14.46555552692425
COSMOS 2251 DEB         
1 37295U 93036BJK 26275.48336837  .00001663  00000+0  30011-3 0  9994
2 37295  74.0036  74.5579 0044611 180.8187 179.2918 14.66697731866090
COSMOS 2251 DEB         
1 37305U 93036BJV 26276.25021415  .00000735  00000+0  25389-3 0  9996
2 37305  73.8670 103.7511 0047264   4.8859 355.2744 14.37027516710965
COSMOS 2251 DEB         
1 37312U 93036BKC 26276.01572768  .00000632  00000+0  18116-3 0  9996
2 37312  74.0335  14.4448 0017202  44.3231 315.9301 14.46933257904193
COSMOS 2251 DEB         
1 37316U 93036BKG 26276.05302969  .00017748  00000+0  10111-2 0  9990
2 37316  74.0165 138.3539 0027260 142.9909 217.3172 15.12464200905684
COSMOS 2251 DEB         
1 37320U 93036BKL 26274.52310275  .00002044  00000+0  25805-3 0  9994
2 37320  74.0475   1.1688 0044142  11.0521 349.1614 14.81959016704804
COSMOS 2251 DEB         
1 37326U 93036BKS 26271.04701726  .00001087  00000+0  21440-3 0  9996
2 37326  74.0230 140.1927 0056739 197.9693 161.9470 14.62784271897124
COSMOS 2251 DEB         
1 37330U 93036BKW 26276.16919091  .00000681  00000+0  14428-3 0  9992
2 37330  74.0148  92.6352 0057823 227.0114 132.6198 14.60272612906658
COSMOS 2251 DEB         
1 37331U 93036BKX 26274.26322892  .00000706  00000+0  24811-3 0  9994
2 37331  74.0715 252.5036 0056883 196.1991 163.7346 14.35809925889575
COSMOS 2251 DEB         
1 37336U 93036BLC 26276.06989283  .00000058  00000+0  30498-4 0  9991
2 37336  74.0414 153.8417 0029559 163.3342 196.8788 14.32856337693350
COSMOS 2251 DEB         
1 37340U 93036BLG 26276.19876492  .00000217  00000+0  81684-4 0  9997
2 37340  74.0225  95.2850 0017575 124.9640 235.3167 14.37185830882970
COSMOS 2251 DEB         
1 37483U 93036BLL 26275.77800596  .00000263  00000+0  81065-4 0  9994
2 37483  73.9742 314.5390 0090735  93.8109 267.3428 14.43961835695239
COSMOS 2251 DEB         
1 37484U 93036BLM 26270.04346159  .00001400  00000+0  42244-3 0  9999
2 37484  73.8239  26.5687 0038331   5.8256 107.5895 14.43028756695362
COSMOS 2251 DEB         
1 37486U 93036BLP 26275.84603919  .00001823  00000+0  74739-3 0  9997
2 37486  73.6915 301.4932 0215788 126.9509  46.6008 14.16026885675290
COSMOS 2251 DEB         
1 37487U 93036BLQ 26276.43797977  .00012371  00000+0  10723-2 0  9994
2 37487  73.8925 317.7948 0021282  69.1474 291.1987 14.96969622856336
COSMOS 2251 DEB         
1 37491U 93036BLU 26276.35923300  .00000855  00000+0  62965-3 0  9991
2 37491  73.9042 139.8711 0313164  77.3730 286.2211 13.76030178597982
COSMOS 2251 DEB         
1 37496U 93036BLZ 26275.13683381  .00014371  00000+0  94682-3 0  9992
2 37496  73.9433  81.6927 0050117  25.8009 334.5663 15.06475467704186
COSMOS 2251 DEB         
1 37498U 93036BMB 26275.93634771  .00001603  00000+0  36523-3 0  9995
2 37498  74.0373 346.1664 0012272 334.1103  25.9445 14.56676105696366
COSMOS 2251 DEB         
1 37499U 93036BMC 26275.89513321  .00000145  00000+0  60264-4 0  9998
2 37499  74.0369 143.5792 0027512 152.3397 207.9225 14.34553604893676
COSMOS 2251 DEB         
1 37518U 93036BMX 26250.29343112  .00137269  00000+0  27957-2 0  9994
2 37518  73.9600  98.3033 0019485 157.8491 202.3566 15.45465203699989
COSMOS 2251 DEB         
1 37528U 93036BNH 26276.31184603  .00000629  00000+0  16480-3 0  9993
2 37528  74.0347 288.1400 0020238 356.0733   4.0266 14.51286408902038
COSMOS 2251 DEB         
1 37530U 93036BNK 26273.43213348  .00000241  00000+0  93673-4 0  9995
2 37530  74.0360 159.2942 0026489 155.5228  17.2494 14.34799395894157
COSMOS 2251 DEB         
1 37531U 93036BNL 26269.82599630  .00007210  00000+0  12186-2 0  9996
2 37531  74.0062  68.3923 0034449  82.4911 278.0171 14.69150999742765
COSMOS 2251 DEB         
1 37532U 93036BNM 26275.58082359  .00000308  00000+0  10028-3 0  9997
2 37532  74.0521  30.9456 0014582  59.0260 313.7153 14.42789870891539
COSMOS 2251 DEB         
1 37533U 93036BNN 26273.72434355  .00001070  00000+0  51620-3 0  9999
2 37533  74.0690  36.3927 0157885  22.3592 338.4330 14.13500029670457
COSMOS 2251 DEB         
1 37535U 93036BNQ 26276.62924602  .00001500  00000+0  31719-3 0  9997
2 37535  74.0211 230.8981 0029156 290.5243 244.5442 14.59993830896266
COSMOS 2251 DEB         
1 37537U 93036BNS 26276.13581584  .00000305  00000+0  10850-3 0  9998
2 37537  74.0097  82.3897 0050911 154.1850 206.1861 14.37790425892646
COSMOS 2251 DEB         
1 37546U 93036BPB 26275.87188511  .00010353  00000+0  10762-2 0  9996
2 37546  74.0170 232.7058 0007820 223.1835 136.8735 14.89955060702564
COSMOS 2251 DEB         
1 37959U 93036BPJ 26276.19124108  .00001329  00000+0  27983-3 0  9999
2 37959  74.0088 215.0673 0058559 282.7774 141.9780 14.59534652844218
COSMOS 2251 DEB         
1 37960U 93036BPK 26267.74289682  .00000281  00000+0  13444-3 0  9994
2 37960  74.0595  45.2407 0247004 355.5442   4.3494 14.08709187814321
COSMOS 2251 DEB         
1 37961U 93036BPL 26274.34408017  .00001543  00000+0  32445-3 0  9998
2 37961  74.0386 299.6597 0041720 303.9201  55.8000 14.59923619843333
COSMOS 2251 DEB         
1 37967U 93036BPS 26276.37094068  .00001806  00000+0  48481-3 0  9995
2 37967  74.0132 310.3759 0146081  16.8610 343.7326 14.42707713689828
COSMOS 2251 DEB         
1 37968U 93036BPT 26275.59972486  .00005283  00000+0  34398-3 0  9993
2 37968  73.9998  29.0119 0072734  69.2827 291.6139 15.06008450646364
COSMOS 2251 DEB         
1 37969U 93036BPU 26270.91837241  .00003849  00000+0  98162-3 0  9999
2 37969  73.9755 112.6784 0100855 243.3471 115.7333 14.47888341556472
COSMOS 2251 DEB         
1 37971U 93036BPW 26275.16808749  .00002809  00000+0  68389-3 0  9998
2 37971  73.9908 208.7911 0069329 273.9114  85.4123 14.51804272649320
COSMOS 2251 DEB         
1 37973U 93036BPY 26271.94858495  .00000804  00000+0  24718-3 0  9996
2 37973  74.0291 125.1210 0036739 132.9016 227.5235 14.42775789691732
COSMOS 2251 DEB         
1 37975U 93036BQA 26276.21143342  .00008319  00000+0  86192-3 0  9994
2 37975  73.9957  99.7806 0071341  18.9924 341.3891 14.88262495741113
COSMOS 2251 DEB         
1 37985U 93036BQL 26275.15623805  .00000038  00000+0  22213-4 0  9999
2 37985  74.0228  87.1493 0020812 144.4334 215.8211 14.35553457691272
COSMOS 2251 DEB         
1 37988U 93036BQP 26274.15042647  .00001886  00000+0  29905-3 0  9996
2 37988  74.0612 177.3870 0061363 141.0783 219.4831 14.71680805276949
COSMOS 2251 DEB         
1 37993U 93036BQU 26276.39791593  .00002105  00000+0  41754-3 0  9992
2 37993  74.0230 322.7163 0022551 333.2833  26.7170 14.62731868696227
COSMOS 2251 DEB         
1 37994U 93036BQV 26276.16343029  .00000440  00000+0  14715-3 0  9992
2 37994  74.0335  91.7455 0022452 103.4380 256.9280 14.40113323813029
COSMOS 2251 DEB         
1 37998U 93036BQZ 26273.07253791  .00000826  00000+0  23707-3 0  9998
2 37998  74.0367  51.5492 0018510  56.6681 303.6246 14.46381818684981
COSMOS 2251 DEB         
1 38001U 93036BRC 26275.70012795  .00002614  00000+0  32629-3 0  9993
2 38001  73.9973 271.4731 0062641 345.0129 131.2982 14.81573317790585
COSMOS 2251 DEB         
1 38006U 93036BRH 26276.15705145  .00002717  00000+0  69585-3 0  9991
2 38006  73.8440 200.4154 0066379  94.8795 265.9947 14.49544303672222
COSMOS 2251 DEB         
1 38054U 93036BRL 26275.09914537  .00002149  00000+0  17955-2 0  9995
2 38054  73.9514 145.1784 0351583  65.9008  82.3641 13.63887194711771
COSMOS 2251 DEB         
1 38055U 93036BRM 26276.48209039  .00001994  00000+0  26077-3 0  9997
2 38055  74.0092 346.3867 0062314  39.0781 334.1664 14.79833781650397
COSMOS 2251 DEB         
1 38056U 93036BRN 26275.03759894  .00002170  00000+0  12752-2 0  9998
2 38056  73.9164 132.8576 0279239  62.8379 300.0923 13.90911768683495
COSMOS 2251 DEB         
1 38057U 93036BRP 26274.34675295  .00002196  00000+0  86198-3 0  9998
2 38057  73.9971 266.8264 0140098 347.9965  11.7852 14.24704817641036
COSMOS 2251 DEB         
1 38058U 93036BRQ 26273.06357222  .00001591  00000+0  11950-2 0  9995
2 38058  74.0007 175.9422 0398144 359.1867   0.8549 13.63507901622980
COSMOS 2251 DEB         
1 38060U 93036BRS 26270.80645017  .00001294  00000+0  24134-3 0  9998
2 38060  74.0391  99.8550 0058128 133.5944 227.0070 14.65013163761969
COSMOS 2251 DEB         
1 38062U 93036BRU 26276.11334027  .00021513  00000+0  13428-2 0  9995
2 38062  74.0020  48.6123 0014275  99.7442  75.0510 15.09353988674514
COSMOS 2251 DEB         
1 38064U 93036BRW 26275.08578948  .00001336  00000+0  29342-3 0  9998
2 38064  74.0195 286.3113 0047327 329.6089  30.2332 14.57926234761384
COSMOS 2251 DEB         
1 38067U 93036BRZ 26276.17511370  .00000950  00000+0  18966-3 0  9999
2 38067  74.0147  70.5239 0069510 145.7724  28.7650 14.61905567668570
COSMOS 2251 DEB         
1 38068U 93036BSA 26275.32702236  .00000261  00000+0  97942-4 0  9996
2 38068  74.0197 128.6118 0025726 150.8900 209.3694 14.36354034708615
COSMOS 2251 DEB         
1 38197U 93036BSM 26276.31753617  .00005710  00000+0  61068-3 0  9991
2 38197  73.9332 133.1163 0097295 297.9102  61.2249 14.85528728901135
COSMOS 2251 DEB         
1 38199U 93036BSP 26276.38322191  .00000293  00000+0  24517-3 0  9998
2 38199  73.9541 297.9209 0366059 166.8242 194.2761 13.65196209650426
COSMOS 2251 DEB         
1 38208U 93036BSY 26276.25879418  .00011366  00000+0  10478-2 0  9997
2 38208  74.0004 208.4188 0008717 233.4859 277.1463 14.94721752755454
COSMOS 2251 DEB         
1 38212U 93036BTC 26275.26849087  .00000955  00000+0  12481-3 0  9990
2 38212  74.0502 220.1711 0092454 209.8262 149.7628 14.79122248856481
COSMOS 2251 DEB         
1 38220U 93036BTL 26276.11855968  .00029195  00000+0  16325-2 0  9996
2 38220  74.0065 185.5623 0006129 188.9956 171.1129 15.13345106757957
COSMOS 2251 DEB         
1 38479U 93036BTP 26275.99730084  .00001729  00000+0  52923-3 0  9996
2 38479  74.0078 359.7509 0081470  37.4068 136.9435 14.40641841689226
COSMOS 2251 DEB         
1 38481U 93036BTR 26276.21217331  .00001134  00000+0  68390-3 0  9995
2 38481  73.9308 218.1440 0225158  99.8267 262.8365 13.95890208631681
COSMOS 2251 DEB         
1 38483U 93036BTT 26276.05069131  .00001064  00000+0  39395-3 0  9997
2 38483  74.2597 204.3559 0113818 221.5529 137.6931 14.29927984676833
COSMOS 2251 DEB         
1 38486U 93036BTW 26276.47362850  .00005750  00000+0  73119-3 0  9998
2 38486  73.9387 342.6958 0028901  50.2674 322.8505 14.81548827797892
COSMOS 2251 DEB         
1 38487U 93036BTX 26274.98802169  .00362359  00000+0  28251-2 0  9992
2 38487  73.9486 120.2319 0015585 178.5406 181.5866 15.70388441713054
COSMOS 2251 DEB         
1 39109U 93036BTY 26275.98087119  .00001142  00000+0  18112-3 0  9991
2 39109  74.0439  13.2386 0056984  40.5080  76.2810 14.72360103695026
COSMOS 2251 DEB         
1 39110U 93036BTZ 26276.08558035  .00001323  00000+0  19551-3 0  9994
2 39110  73.9585 205.3131 0093748   7.3751   5.4720 14.73435861668181
COSMOS 2251 DEB         
1 39546U 93036BUC 26275.66497355  .00006743  00000+0  54857-3 0  9996
2 39546  73.9951 261.5796 0039156 341.4123  18.5630 14.99134960688327
COSMOS 2251 DEB         
1 39553U 93036BUK 26276.41471586  .00000839  00000+0  48178-3 0  9995
2 39553  74.0278 179.0909 0205245 247.3551 110.5763 14.00859059797428
COSMOS 2251 DEB         
1 39583U 93036BUN 26275.62462820  .00003675  00000+0  61577-3 0  9990
2 39583  73.9321  39.8846 0128884  88.0014 273.5907 14.64743488660773
COSMOS 2251 DEB         
1 39585U 93036BUQ 26273.80223445  .00000503  00000+0  10980-3 0  9997
2 39585  74.0390 105.0389 0066102 152.9024 207.5618 14.59234655667809
COSMOS 2251 DEB         
1 39586U 93036BUR 26276.16139382  .00000470  00000+0  21412-3 0  9991
2 39586  74.0090  59.4315 0100194 126.5812  48.0831 14.21680393651553
COSMOS 2251 DEB         
1 39591U 93036BUW 26276.11297517  .00000645  00000+0  20204-3 0  9999
2 39591  74.0191  60.3818 0028597 104.6748  11.9993 14.42432217660204
COSMOS 2251 DEB         
1 40218U 93036BUX 26275.67738006  .00000506  00000+0  16159-3 0  9990
2 40218  74.0297  63.8369 0015853  79.6689 280.6254 14.42152238630983
COSMOS 2251 DEB         
1 40228U 93036BVH 26274.19929895  .00000419  00000+0  13688-3 0  9992
2 40228  74.0526  79.6393 0022708  70.4507 105.0244 14.41465186631344
COSMOS 2251 DEB         
1 40230U 93036BVK 26275.59703178  .00001028  00000+0  26851-3 0  9997
2 40230  74.0447  35.2537 0017065  19.5070 353.0675 14.50647091632314
COSMOS 2251 DEB         
1 40233U 93036BVN 26276.27870350  .00001912  00000+0  39223-3 0  9992
2 40233  73.9370 257.8760 0047502 265.5189  94.0549 14.60739432634353
COSMOS 2251 DEB         
1 40236U 93036BVR 26271.05123055  .00000638  00000+0  70749-3 0  9991
2 40236  73.5371  47.5405 0534507 261.5770  92.4417 13.25173632574567
COSMOS 2251 DEB         
1 40239U 93036BVU 26276.19114079  .00000892  00000+0  17196-3 0  9999
2 40239  74.0292  71.4389 0084371 109.3520  64.1433 14.62837054639154
COSMOS 2251 DEB         
1 40792U 93036BVV 26274.17594016  .00002244  00000+0  37476-3 0  9998
2 40792  74.0436 201.4144 0019202 230.5781 196.6911 14.70423144674790
COSMOS 2251 DEB         
1 40793U 93036BVW 26275.54853481  .00000377  00000+0  19796-3 0  9995
2 40793  73.9802   9.2303 0211257 101.2695 261.2264 14.06423366723755
COSMOS 2251 DEB         
1 40794U 93036BVX 26271.68099905  .00058615  00000+0  27825-2 0  9999
2 40794  73.9681 247.2689 0011606 281.1856 253.8158 15.18903162662881
COSMOS 2251 DEB         
1 40796U 93036BVZ 26274.29279378  .00002777  00000+0  32268-3 0  9991
2 40796  74.0094 281.7854 0053503 341.2871  31.2577 14.84868723804973
COSMOS 2251 DEB         
1 40797U 93036BWA 26274.50996380  .00008181  00000+0  36984-3 0  9999
2 40797  73.9327 201.4857 0055951  39.7932 320.7346 15.19647753690801
COSMOS 2251 DEB         
1 40799U 93036BWC 26275.55986453  .00002876  00000+0  20948-3 0  9995
2 40799  73.9249 218.6683 0111323  30.6872 330.0760 14.99417364543779
COSMOS 2251 DEB         
1 40802U 93036BWF 26276.33219101  .00001895  00000+0  24826-3 0  9995
2 40802  74.0383 293.8101 0061554 314.2022  45.4106 14.79833790687642
COSMOS 2251 DEB         
1 40803U 93036BWG 26269.60310449  .00000874  00000+0  22021-3 0  9996
2 40803  74.0102 228.7024 0032165  11.3200 348.8677 14.52403944629310
COSMOS 2251 DEB         
1 40808U 93036BWM 26276.34822847  .00003116  00000+0  50490-3 0  9993
2 40808  74.0397 294.4883 0011875 265.8939 106.7031 14.71643762679487
COSMOS 2251 DEB         
1 40810U 93036BWP 26276.59333661  .00001542  00000+0  32479-3 0  9992
2 40810  74.0331 232.3947 0019654 299.4310  60.4894 14.60259052659854
COSMOS 2251 DEB         
1 46271U 93036BWT 26274.63218602  .00000546  00000+0  14092-3 0  9993
2 46271  74.0441 246.9908 0041584 291.5209  68.1522 14.51977110888925
COSMOS 2251 DEB         
1 46430U 93036BWU 26259.48480097  .00006329  00000+0  13987-2 0  9991
2 46430  73.9120 187.8557 0089658  46.9265 313.9357 14.54974250837189
COSMOS 2251 DEB         
1 46432U 93036BWW 26275.59875383  .00000044  00000+0  62873-4 0  9997
2 46432  73.8741   8.0934 0471541  75.5272 348.8158 13.36973536708935
COSMOS 2251 DEB         
1 47045U 93036BWZ 26273.43506102  .00000081  00000+0  34586-4 0  9990
2 47045  74.0599 331.8216 0028496  38.3344 335.0637 14.39024252120017
COSMOS 2251 DEB         
1 47048U 93036BXC 26274.35072720  .00001883  00000+0  39739-3 0  9994
2 47048  73.9758 124.1195 0129162 241.6491 294.3048 14.55067766639426
COSMOS 2251 DEB         
1 47051U 93036BXF 26268.22428162  .00001245  00000+0  99312-3 0  9997
2 47051  74.0980  74.9811 0341565 121.4512  52.2255 13.67921555638548
COSMOS 2251 DEB         
1 47052U 93036BXG 26276.43640514  .00000302  00000+0  11105-3 0  9994
2 47052  74.0494 159.9686 0059164 163.5511  10.9450 14.35867144660182
COSMOS 2251 DEB         
1 47053U 93036BXH 26258.44354346  .00000439  00000+0  38508-3 0  9998
2 47053  74.0603 165.8997 0378198 278.2241 204.1965 13.60254609326507
COSMOS 2251 DEB         
1 47062U 93036BXS 26276.37235853  .00001070  00000+0  81628-3 0  9994
2 47062  74.0808 311.9220 0324126   8.7383   4.2169 13.72643985596441
COSMOS 2251 DEB         
1 47067U 93036BXX 26268.55835971  .00010466  00000+0  30606-2 0  9995
2 47067  74.2054 343.2900 0160344 115.2730 312.3819 14.36808777741680
COSMOS 2251 DEB         
1 47068U 93036BXY 26276.54438563  .00001377  00000+0  32584-3 0  9999
2 47068  74.0256   5.6851 0017865  18.0280 342.1512 14.54973875660421
COSMOS 2251 DEB         
1 47069U 93036BXZ 26269.59056365  .00016776  00000+0  17077-2 0  9991
2 47069  74.0077 259.1885 0006049 233.6513 126.4111 14.90714095767740
COSMOS 2251 DEB         
1 47073U 93036BYD 26275.65927918  .00000075  00000+0  54247-4 0  9998
2 47073  74.0826  50.2469 0161672  16.8634 343.7787 14.05193608644894
COSMOS 2251 DEB         
1 47074U 93036BYE 26275.37296380  .00002486  00000+0  74094-3 0  9999
2 47074  74.0896 130.3496 0139358  83.5933  89.8294 14.38067530 69006
COSMOS 2251 DEB         
1 47116U 93036BYJ 26274.94612446  .00017046  00000+0  95947-3 0  9991
2 47116  74.0256 358.4916 0018383  17.8888 105.5861 15.13080643639256
COSMOS 2251 DEB         
1 47119U 93036BYM 26276.37485605  .00011096  00000+0  19016-2 0  9999
2 47119  74.0842 309.9169 0093973 264.0916 110.7731 14.65940190645100
COSMOS 2251 DEB         
1 53093U 93036BYP 26276.00773124  .00000811  00000+0  24892-3 0  9995
2 53093  74.0327 115.3900 0020512 127.5711 232.7312 14.43116508219698
IRIDIUM 33              
1 24946U 97051C   26276.36197154  .00000152  00000+0  46368-4 0  9994
2 24946  86.3841 304.5623 0007104 348.5731  11.5302 14.35182525520604
IRIDIUM 33 DEB          
1 33773U 97051L   26276.03524946  .00000452  00000+0  12702-3 0  9996
2 33773  86.3967 295.8469 0008902 256.3111 103.7099 14.43778804925938
IRIDIUM 33 DEB          
1 33775U 97051N   26276.29253100  .00000653  00000+0  19212-3 0  9993
2 33775  86.3575 283.7238 0010282 268.5932 103.8062 14.42214179923854
IRIDIUM 33 DEB          
1 33776U 97051P   26276.39130043  .00000355  00000+0  10958-3 0  9992
2 33776  86.4035 317.0088 0012687 316.3192  54.2590 14.38642474923181
IRIDIUM 33 DEB          
1 33777U 97051Q   26276.33628474  .00001899  00000+0  41448-3 0  9999
2 33777  86.3718 266.8454 0006415   3.3447 356.7803 14.57379943928221
IRIDIUM 33 DEB          
1 33850U 97051T   26275.95276993  .00000794  00000+0  23186-3 0  9995
2 33850  86.3354 263.5783 0009252 280.0031 109.6537 14.42863003923945
IRIDIUM 33 DEB          
1 33853U 97051W   26276.62023727  .00001371  00000+0  75416-3 0  9993
2 33853  85.9998 220.3751 0213762  51.3388 122.4841 14.00016115894700
IRIDIUM 33 DEB          
1 33860U 97051AD  26276.36990318  .00003866  00000+0  62425-3 0  9998
2 33860  86.3775 256.3245 0010930  52.7028 107.2309 14.71130584930493
IRIDIUM 33 DEB          
1 33862U 97051AF  26276.30207358  .00002048  00000+0  30072-3 0  9993
2 33862  86.4042 267.0021 0050491 122.9284 302.8672 14.74119175931587
IRIDIUM 33 DEB          
1 33866U 97051AK  26276.47543006  .00000972  00000+0  36957-3 0  9990
2 33866  86.3048 328.1951 0109525 292.7998 131.9586 14.26835061910115
IRIDIUM 33 DEB          
1 33870U 97051AP  26276.36113637  .00001026  00000+0  27570-3 0  9998
2 33870  86.3698 291.8439 0018064 284.4541 139.6117 14.47104364923967
IRIDIUM 33 DEB          
1 33881U 97051BA  26276.17043017  .00003666  00000+0  68681-3 0  9993
2 33881  86.3867 337.8962 0053406 251.5755 136.4383 14.63636476917987
IRIDIUM 33 DEB          
1 33884U 97051BD  26276.19395917  .00005804  00000+0  68334-3 0  9998
2 33884  86.3641 235.9468 0012436  14.9585  47.1113 14.84603664932071
IRIDIUM 33 DEB          
1 33886U 97051BF  26276.36997722  .00000240  00000+0  75386-4 0  9996
2 33886  86.3800 303.2121 0014185  11.8529 359.6025 14.36327730922810
IRIDIUM 33 DEB          
1 33887U 97051BG  26276.38438109  .00000264  00000+0  81497-4 0  9994
2 33887  86.3028 236.3843 0006633  16.8064 137.4111 14.37451735923978
IRIDIUM 33 DEB          
1 33953U 97051BN  26275.01374419  .00001658  00000+0  35878-3 0  9999
2 33953  86.3797 286.2379 0015953 183.2005 206.4185 14.57607931925739
IRIDIUM 33 DEB          
1 33960U 97051BV  26276.42106690  .00008291  00000+0  72790-3 0  9991
2 33960  86.2569 149.1423 0003239  97.2467  24.4147 14.96472882932619
IRIDIUM 33 DEB          
1 33966U 97051CB  26276.31544074  .00000917  00000+0  22870-3 0  9998
2 33966  86.3860 279.4997 0005492 310.9469 111.4861 14.50615556927119
IRIDIUM 33 DEB          
1 34071U 97051CE  26276.36585351  .00001128  00000+0  28218-3 0  9991
2 34071  86.3410 249.6011 0006441 184.6342 175.4804 14.50643386926045
IRIDIUM 33 DEB          
1 34077U 97051CL  26276.29905537  .00003583  00000+0  60590-3 0  9997
2 34077  86.3797 281.2256 0012041  93.4653 279.6235 14.69075494926524
IRIDIUM 33 DEB          
1 34079U 97051CN  26276.34364594  .00008065  00000+0  79643-3 0  9996
2 34079  86.3729 233.5733 0009005  37.0857 121.5117 14.91803991933592
IRIDIUM 33 DEB          
1 34088U 97051CX  26276.36218242  .00025261  00000+0  15383-2 0  9993
2 34088  86.3642 252.9752 0006810 135.0529  25.8752 15.10262800931621
IRIDIUM 33 DEB          
1 34091U 97051DA  26276.02423404  .00027122  00000+0  21124-2 0  9996
2 34091  86.3427 289.9028 0022067 329.8556  30.1405 15.00906046922560
IRIDIUM 33 DEB          
1 34097U 97051DG  26276.31117811  .00002245  00000+0  72987-3 0  9999
2 34097  86.1980 231.1211 0082327 116.9463 244.0174 14.36482770913467
IRIDIUM 33 DEB          
1 34145U 97051DY  26276.52395306  .00001523  00000+0  43254-3 0  9996
2 34145  86.2162 201.0040 0050083 198.5400 161.3979 14.44088671918900
IRIDIUM 33 DEB          
1 34146U 97051DZ  26276.59944118  .00001983  00000+0  49857-3 0  9990
2 34146  86.2842 219.3348 0025412 328.2222 206.9744 14.50605101923790
IRIDIUM 33 DEB          
1 34159U 97051EN  26275.97396425  .00000551  00000+0  17091-3 0  9992
2 34159  86.3451 282.7373 0029269  44.7321 315.6230 14.39098857921907
IRIDIUM 33 DEB          
1 34350U 97051ES  26276.31992410  .00000714  00000+0  19451-3 0  9993
2 34350  86.3261 234.8843 0018701 238.7812 278.1295 14.46036509925494
IRIDIUM 33 DEB          
1 34366U 97051FJ  26276.00418727  .00001992  00000+0  44328-3 0  9990
2 34366  86.3632 281.0296 0017822 223.7123 165.7392 14.56420485924625
IRIDIUM 33 DEB          
1 34375U 97051FT  26276.38461303  .00000532  00000+0  23748-3 0  9991
2 34375  86.4265  63.8138 0099612 270.3611 117.7062 14.18456868908889
IRIDIUM 33 DEB          
1 34376U 97051FU  26276.14747087  .00004829  00000+0  84934-3 0  9999
2 34376  86.2937 233.5093 0020987 243.2756 116.6310 14.67314198923185
IRIDIUM 33 DEB          
1 34486U 97051GB  26276.62387259  .00029332  00000+0  16204-2 0  9995
2 34486  86.3769 233.5880 0009910 101.4339  73.6656 15.13741124934227
IRIDIUM 33 DEB          
1 34487U 97051GC  26276.35823771  .00000360  00000+0  99915-4 0  9992
2 34487  86.3400 245.4777 0028795 233.6740 281.8571 14.43574841924986
IRIDIUM 33 DEB          
1 34492U 97051GH  26276.10294341  .00009088  00000+0  29058-2 0  9991
2 34492  86.4706 215.1084 0180804   8.8067   3.7140 14.30594806892617
IRIDIUM 33 DEB          
1 34497U 97051GN  26276.30618939  .00000734  00000+0  27641-3 0  9997
2 34497  86.2724 286.4869 0081050 108.2071 265.0475 14.28280346910876
IRIDIUM 33 DEB          
1 34508U 97051GZ  26276.14957073  .00001378  00000+0  42133-3 0  9995
2 34508  86.3731 337.6130 0061028 285.1879  74.2576 14.40136464915447
IRIDIUM 33 DEB          
1 34521U 97051HN  26275.92408848  .00002579  00000+0  46141-3 0  9993
2 34521  86.3737 260.6128 0003702  28.5286 331.6130 14.66516006927807
IRIDIUM 33 DEB          
1 34525U 97051HS  26276.26968450  .00000561  00000+0  15984-3 0  9995
2 34525  86.3668 281.0719 0004364 167.4147 203.8780 14.43526173923360
IRIDIUM 33 DEB          
1 34529U 97051HW  26275.95975705  .00000269  00000+0  77647-4 0  9995
2 34529  86.3575 269.9516 0003592 340.5030  19.6031 14.40942056923785
IRIDIUM 33 DEB          
1 34538U 97051JF  26275.66804481  .00001340  00000+0  38365-3 0  9999
2 34538  86.2743 236.6210 0037483  72.0158 342.5787 14.43941577919968
IRIDIUM 33 DEB          
1 34540U 97051JH  26276.45472088  .00004325  00000+0  55895-3 0  9997
2 34540  86.3133 172.2392 0011565 218.1654 315.7730 14.80682004933759
IRIDIUM 33 DEB          
1 34648U 97051JZ  26275.93609787  .00002030  00000+0  90276-3 0  9999
2 34648  86.3982 162.8492 0167668  89.4233 272.6161 14.15230701891184
IRIDIUM 33 DEB          
1 34651U 97051KC  26275.23430951  .00001938  00000+0  69010-3 0  9999
2 34651  86.2841  15.1643 0128857 338.3770  21.2009 14.29307428900847
IRIDIUM 33 DEB          
1 34652U 97051KD  26276.29095237  .00002007  00000+0  37503-3 0  9991
2 34652  86.3339 208.5817 0028879  14.4522 137.6368 14.64188807927916
IRIDIUM 33 DEB          
1 34690U 97051KM  26276.23785538  .00002266  00000+0  50465-3 0  9996
2 34690  86.3719 268.8484 0011817  96.8277 275.7471 14.56492386923796
IRIDIUM 33 DEB          
1 34696U 97051KT  26276.39241537  .00016595  00000+0  20189-2 0  9994
2 34696  86.1777 248.1400 0044479 221.0575 291.1755 14.82648007910162
IRIDIUM 33 DEB          
1 34765U 97051LJ  26276.22035258  .00000674  00000+0  20303-3 0  9994
2 34765  86.3331 266.3173 0015224 336.0690  37.0369 14.41123115918548
IRIDIUM 33 DEB          
1 34833U 97051MH  26276.24948664  .00001272  00000+0  29666-3 0  9992
2 34833  86.3875 283.8972 0019017 179.9664 304.0972 14.53929303919923
IRIDIUM 33 DEB          
1 34870U 97051MQ  26275.20887755  .00003419  00000+0  43312-3 0  9990
2 34870  86.3144 179.0863 0012929 248.6206 263.4902 14.81439928932497
IRIDIUM 33 DEB          
1 34896U 97051MY  26276.53485016  .00002093  00000+0  35431-3 0  9999
2 34896  86.3338 194.1911 0023115 289.7821 194.1681 14.68693300919434
IRIDIUM 33 DEB          
1 34926U 97051NF  26276.32792542  .00010487  00000+0  19098-2 0  9991
2 34926  86.1311 230.3341 0073486  18.8612 133.4429 14.64216780907568
IRIDIUM 33 DEB          
1 34985U 97051NR  26276.32758425  .00000873  00000+0  25424-3 0  9997
2 34985  86.3646 291.1113 0019878 337.3371  81.7269 14.43040840914221
IRIDIUM 33 DEB          
1 35051U 97051NX  26275.18053959  .00001068  00000+0  27784-3 0  9993
2 35051  86.3212 240.7953 0007554 171.5526 188.5806 14.48746497912435
IRIDIUM 33 DEB          
1 35052U 97051NY  26275.92728532  .00000321  00000+0  97906-4 0  9997
2 35052  86.3259 254.3086 0010865 186.2265 173.8800 14.38799946915055
IRIDIUM 33 DEB          
1 35297U 97051PM  26276.36662936  .00000920  00000+0  25140-3 0  9997
2 35297  86.3825 296.9169 0013618 241.3145 118.6689 14.46237602746833
IRIDIUM 33 DEB          
1 35299U 97051PP  26275.96939648  .00001331  00000+0  38585-3 0  9995
2 35299  86.2829 264.8298 0052816 208.3185 179.1138 14.42911961905713
IRIDIUM 33 DEB          
1 35480U 97051QA  26275.68721220  .00001084  00000+0  26907-3 0  9991
2 35480  86.3508 257.3129 0012427 192.6965 167.3929 14.50948740912927
IRIDIUM 33 DEB          
1 35484U 97051QE  26274.54881355  .00039177  00000+0  15152-2 0  9998
2 35484  86.3432 212.3668 0016261 106.7468 253.5564 15.25926327664411
IRIDIUM 33 DEB          
1 35488U 97051QJ  26276.43444804  .00004699  00000+0  49867-3 0  9998
2 35488  86.3275 164.3833 0026354  73.9259 286.4866 14.88586056926439
IRIDIUM 33 DEB          
1 35616U 97051QN  26276.26959969  .00005944  00000+0  62882-3 0  9991
2 35616  86.3544 210.3926 0005358 204.5271 155.5701 14.89022208919489
IRIDIUM 33 DEB          
1 35618U 97051QQ  26276.12534346  .00001026  00000+0  24048-3 0  9995
2 35618  86.3352 224.6031 0030778 106.0548 254.4052 14.53270764696685
IRIDIUM 33 DEB          
1 35620U 97051QS  26275.92392152  .00005217  00000+0  13950-2 0  9997
2 35620  86.3835  92.7692 0127504  10.2971 350.0795 14.43392268642031
IRIDIUM 33 DEB          
1 35625U 97051QX  26275.71461985  .00002640  00000+0  91550-3 0  9990
2 35625  86.1857 253.7698 0101658 330.0224 151.3721 14.32424385702468
IRIDIUM 33 DEB          
1 35628U 97051RA  26275.61201053  .00003430  00000+0  54969-3 0  9991
2 35628  86.3538 237.4930 0013761  45.4963 314.7376 14.71397147907636
IRIDIUM 33 DEB          
1 35631U 97051RD  26275.90996969  .00000563  00000+0  14615-3 0  9992
2 35631  86.3620 254.2170 0014983 213.3618 175.8320 14.47918784914536
IRIDIUM 33 DEB          
1 35680U 97051RJ  26274.70832499  .00002654  00000+0  10294-2 0  9991
2 35680  86.1006 251.4605 0150794  65.7355  56.8667 14.23561038648666
IRIDIUM 33 DEB          
1 35744U 97051RX  26276.49823892  .00002861  00000+0  42700-3 0  9995
2 35744  86.3332 191.8386 0017470 260.6336  99.2907 14.74390449916705
IRIDIUM 33 DEB          
1 35797U 97051SF  26276.05762415  .00007222  00000+0  74209-3 0  9993
2 35797  86.3382 193.8198 0007992 185.2580 174.8565 14.90205659917147
IRIDIUM 33 DEB          
1 35806U 97051SQ  26275.22285721  .00002371  00000+0  48986-3 0  9995
2 35806  86.3416 251.0507 0013487 142.7652 217.4496 14.59933519906032
IRIDIUM 33 DEB          
1 35809U 97051ST  26276.53503419  .00005343  00000+0  68307-3 0  9991
2 35809  86.3298 200.4017 0010077 313.8285  46.2103 14.81186373911641
IRIDIUM 33 DEB          
1 35846U 97051SW  26275.78081142  .00000747  00000+0  21221-3 0  9999
2 35846  86.3703 293.2724 0015335 283.6566  76.2928 14.44101481755714
IRIDIUM 33 DEB          
1 35848U 97051SY  26271.22830222  .00006118  00000+0  71807-3 0  9990
2 35848  86.3849 245.1392 0003692 276.2763  83.8040 14.84792946709785
IRIDIUM 33 DEB          
1 35850U 97051TA  26274.58156081  .00005032  00000+0  58852-3 0  9998
2 35850  86.3503 210.2386 0005157 258.2462 101.8183 14.84901803756959
IRIDIUM 33 DEB          
1 35915U 97051TY  26273.56682328  .00006207  00000+0  67597-3 0  9996
2 35915  86.3445 208.6931 0006310 255.7910 104.2614 14.87850475124164
IRIDIUM 33 DEB          
1 35918U 97051UB  26276.38706826  .00001624  00000+0  38532-3 0  9997
2 35918  86.3994 309.1358 0023256 260.8191 109.1589 14.53252421894846
IRIDIUM 33 DEB          
1 35929U 97051UN  26276.01516298  .00036619  00000+0  13640-2 0  9995
2 35929  86.3413 170.7134 0011727  27.7228 332.4642 15.27243142922349
IRIDIUM 33 DEB          
1 36011U 97051US  26276.26732729  .00000785  00000+0  23258-3 0  9996
2 36011  86.3347 268.8316 0017476 337.2823  78.4925 14.42106290687848
IRIDIUM 33 DEB          
1 36012U 97051UT  26274.75010903  .00006257  00000+0  21611-2 0  9992
2 36012  86.4404 189.0495 0227090  44.5107 317.4076 14.22180476696450
IRIDIUM 33 DEB          
1 36028U 97051VK  26276.43840180  .00015049  00000+0  93129-3 0  9997
2 36028  86.3110 166.3171 0016636  66.8363 293.4625 15.09591899915517
IRIDIUM 33 DEB          
1 36080U 97051VM  26275.18186425  .00001226  00000+0  32726-3 0  9999
2 36080  86.3166 239.9856 0014386 268.8808  91.0747 14.47605327516585
IRIDIUM 33 DEB          
1 36083U 97051VQ  26272.74806268  .00000923  00000+0  26298-3 0  9995
2 36083  86.3368 268.7652 0025651 348.6268  11.4350 14.44102589896485
IRIDIUM 33 DEB          
1 36390U 97051VU  26276.42519735  .00002674  00000+0  37448-3 0  9999
2 36390  86.2928 163.9498 0027105 224.2137 135.6917 14.76911458706072
IRIDIUM 33 DEB          
1 36483U 97051VZ  26275.79308894  .00000811  00000+0  21899-3 0  9997
2 36483  86.3738 286.5365 0007426 221.7348 138.3289 14.46708918693967
IRIDIUM 33 DEB          
1 36490U 97051WG  26276.33326212  .00005657  00000+0  70269-3 0  9998
2 36490  86.3613 236.7486 0005842  88.0139 272.1753 14.82423706908411
IRIDIUM 33 DEB          
1 36493U 97051WK  26275.66731172  .00003034  00000+0  51795-3 0  9991
2 36493  86.3539 240.6318 0013214  64.5594 295.6986 14.68599458788286
IRIDIUM 33 DEB          
1 36497U 97051WP  26273.84155193  .00003357  00000+0  58122-3 0  9995
2 36497  86.1500 117.0311 0044047 198.9709 160.9867 14.67400545699307
IRIDIUM 33 DEB          
1 37136U 97051XG  26274.09288227  .00000877  00000+0  33112-3 0  9995
2 37136  86.1755 208.8697 0077482 124.8928 235.9579 14.28514620686717
IRIDIUM 33 DEB          
1 37548U 97051XH  26271.74467656  .00001994  00000+0  47600-3 0  9994
2 37548  86.3461 276.9525 0021687 303.0844  56.8280 14.53114566697411
IRIDIUM 33 DEB          
1 37550U 97051XK  26276.21233998  .00003266  00000+0  52969-3 0  9992
2 37550  86.3724 252.8690 0003896 128.3497 231.8070 14.70928274906576
IRIDIUM 33 DEB          
1 37562U 97051XX  26275.27801103  .00001931  00000+0  40628-3 0  9995
2 37562  86.3685 275.3119 0023141 186.3585 231.6984 14.58887746906057
IRIDIUM 33 DEB          
1 37565U 97051YA  26275.63814589  .00001025  00000+0  24522-3 0  9999
2 37565  86.3462 241.3844 0012647 163.1149 197.0481 14.52625231701029
IRIDIUM 33 DEB          
1 38017U 97051YD  26276.08763136  .00013984  00000+0  30624-2 0  9999
2 38017  86.3310  37.3317 0080120 199.3247 160.4919 14.55605107656755
IRIDIUM 33 DEB          
1 38022U 97051YJ  26275.64922933  .00001583  00000+0  46057-3 0  9998
2 38022  86.2646 247.4671 0044388 154.8411 205.4966 14.43080481734303
IRIDIUM 33 DEB          
1 38028U 97051YQ  26276.14268997  .00000798  00000+0  21364-3 0  9994
2 38028  86.3247 232.1787 0025768 221.5511 138.3734 14.46904953697510
IRIDIUM 33 DEB          
1 38228U 97051ZC  26272.31150767  .00000472  00000+0  18008-3 0  9996
2 38228  86.2879 284.9000 0062604 336.7580  35.7444 14.27697928889274
IRIDIUM 33 DEB          
1 38241U 97051ZR  26276.17126879  .00001470  00000+0  32639-3 0  9991
2 38241  86.3236 220.4898 0004893 107.1496 253.0248 14.56421154644846
IRIDIUM 33 DEB          
1 38474U 97051AAB 26274.62993490  .00001009  00000+0  24479-3 0  9999
2 38474  86.3401 242.2620 0024610 179.8235 180.2984 14.51817696695668
IRIDIUM 33 DEB          
1 38477U 97051AAE 26274.65479199  .00002343  00000+0  17467-2 0  9990
2 38477  86.4110 357.0763 0397986 107.2998 257.2101 13.62752373586646
IRIDIUM 33 DEB          
1 39777U 97051AAJ 26274.59960698  .00003847  00000+0  74224-3 0  9991
2 39777  85.9581  31.9809 0054823 271.6970  87.7962 14.62289267644588
IRIDIUM 33 DEB          
1 39778U 97051AAK 26275.96836607  .00001815  00000+0  40600-3 0  9990
2 39778  86.3708 275.2627 0009444 107.4141 252.8101 14.56207578649720
IRIDIUM 33 DEB          
1 39781U 97051AAN 26274.36651778  .00002013  00000+0  71150-3 0  9996
2 39781  86.3803 136.9412 0173220  54.7591  70.9451 14.26114005122713
IRIDIUM 33 DEB          
1 40996U 97051ABJ 26258.87718342  .00054324  00000+0  25031-2 0  9993
2 40996  86.3437 229.3184 0010804  95.7832 264.4643 15.20004132666664
IRIDIUM 33 DEB          
1 40998U 97051ABL 26276.31058047  .00000749  00000+0  20488-3 0  9997
2 40998  86.3773 287.7418 0007845 163.0937 253.7714 14.45958881109378
IRIDIUM 33 DEB          
1 46435U 97051ABN 26275.70959634  .00004778  00000+0  11819-2 0  9996
2 46435  86.2755  66.1315 0196299  29.6004 343.9653 14.40780640121412
IRIDIUM 33 DEB          
1 46734U 97051ABR 26274.15332568  .00001665  00000+0  48165-3 0  9994
2 46734  86.2615 234.2617 0041315  85.2610 288.6709 14.43475939672278
IRIDIUM 33 DEB          
1 46965U 97051ABX 26274.28893138  .00001570  00000+0  30751-3 0  9996
2 46965  86.3381 210.7251 0021434  52.9029  98.6390 14.62029989665406
IRIDIUM 33 DEB          
1 46971U 97051ACD 26269.05356433  .00070065  00000+0  33011-2 0  9990
2 46971  86.3136 195.2376 0007836  39.3222 333.1067 15.19190577685618
IRIDIUM 33 DEB          
1 46972U 97051ACE 26276.31183080  .00000971  00000+0  23659-3 0  9991
2 46972  86.3809 272.4667 0008428 184.1678 240.3703 14.51744852658453
IRIDIUM 33 DEB          
1 46974U 97051ACG 26275.45293511  .00004008  00000+0  99209-3 0  9997
2 46974  86.3002 336.4040 0083201 287.9418  71.2728 14.49686640617575
IRIDIUM 33 DEB          
1 46979U 97051ACM 26248.81219839  .00057352  00000+0  23678-2 0  9999
2 46979  86.3134 281.1039 0007714 340.3269  19.7677 15.23765769394466
COSMOS 1408 DEB         
1 50032U 82092RU  26276.30117121  .00002823  00000+0  52136-4 0  9995
2 50032  82.5599 115.8809 0013794 216.1483 143.8836 15.48478128271585
COSMOS 1408 DEB         
1 50058U 82092SW  26275.00230220  .00165075  99723-5  29415-3 0  9993
2 50058  82.5992 115.6012 0005696  72.9508 287.2394 16.01717851274306
COSMOS 1408 DEB         
1 50621U 82092ALR 26276.30958137  .00041073  00000+0  23838-3 0  9995
2 50621  82.5588 122.7361 0016960 124.3752 235.9121 15.78126498268628
