{"type":"FeatureCollection", "features": [
{"type":"Feature","geometry":{"type":"MultiPolygon","coordinates":[[[[93.7158,7.2193],[93.7137,7.2211],[93.7101,7.2299],[93.7075,7.2266],[93.7087,7.2202],[93.7121,7.214],[93.7113,7.2111],[93.7126,7.2074],[93.7187,7.2061],[93.7197,7.2114],[93.7158,7.2193]]],[[[93.8374,7.2405],[93.8349,7.2403],[93.8285,7.242],[93.8264,7.2404],[93.8229,7.2402],[93.8192,7.2378],[93.8165,7.2391],[93.8088,7.2383],[93.8031,7.2339],[93.7997,7.2334],[93.7952,7.2343],[93.7939,7.2285],[93.7973,7.2277],[93.7974,7.2237],[93.7939,7.2225],[93.7935,7.2203],[93.7955,7.2175],[93.7921,7.2153],[93.7886,7.2106],[93.7876,7.2135],[93.7824,7.2157],[93.7758,7.2139],[93.7728,7.2158],[93.7705,7.2141],[93.7658,7.2137],[93.7654,7.2093],[93.7619,7.2084],[93.7579,7.2089],[93.7535,7.2117],[93.7551,7.2138],[93.7498,7.216],[93.7433,7.213],[93.74,7.2087],[93.7399,7.2059],[93.7368,7.2027],[93.7341,7.202],[93.7274,7.1935],[93.7222,7.189],[93.7187,7.1899],[93.7152,7.1883],[93.7102,7.1897],[93.7081,7.1891],[93.7061,7.1925],[93.7022,7.1938],[93.6917,7.1933],[93.6894,7.1905],[93.6851,7.1935],[93.6809,7.1946],[93.6755,7.1925],[93.6709,7.1851],[93.6644,7.1808],[93.6608,7.1774],[93.6633,7.1729],[93.6623,7.1684],[93.6627,7.1635],[93.666,7.1572],[93.667,7.1511],[93.6653,7.1425],[93.6633,7.1394],[93.657,7.1409],[93.6554,7.1376],[93.6556,7.1341],[93.6529,7.1312],[93.6446,7.1309],[93.6433,7.1297],[93.6432,7.1206],[93.6449,7.1142],[93.647,7.1115],[93.6501,7.1104],[93.6533,7.1115],[93.6563,7.1171],[93.659,7.1177],[93.6645,7.1143],[93.6635,7.1105],[93.6587,7.1106],[93.6545,7.1054],[93.6508,7.1039],[93.648,7.1053],[93.6456,7.1039],[93.6444,7.1007],[93.6447,7.0937],[93.6484,7.0892],[93.6505,7.0846],[93.6551,7.0862],[93.6593,7.0841],[93.6601,7.0787],[93.6573,7.078],[93.6544,7.0747],[93.6526,7.0683],[93.6537,7.0656],[93.6591,7.0661],[93.6595,7.0608],[93.658,7.0592],[93.6583,7.0506],[93.6559,7.0474],[93.6569,7.0417],[93.6641,7.0369],[93.6637,7.0316],[93.6604,7.0316],[93.6597,7.0279],[93.6621,7.0236],[93.6645,7.0252],[93.6669,7.0229],[93.6632,7.0214],[93.6616,7.0176],[93.6632,7.0132],[93.6573,7.0104],[93.655,7.0055],[93.6588,7.0022],[93.666,7.0022],[93.669,7.0044],[93.6677,7.0076],[93.669,7.0094],[93.6708,7.0162],[93.676,7.0175],[93.6836,7.0157],[93.6929,7.0099],[93.6974,7.0043],[93.6985,6.9993],[93.6954,6.9965],[93.696,6.992],[93.6985,6.9903],[93.7018,6.9909],[93.7045,6.9934],[93.7074,6.9938],[93.7157,6.9899],[93.7235,6.9807],[93.7252,6.9773],[93.7226,6.971],[93.7242,6.9661],[93.7272,6.9661],[93.726,6.9593],[93.7304,6.9577],[93.733,6.961],[93.7369,6.9627],[93.7396,6.9573],[93.7376,6.9517],[93.7412,6.9496],[93.7427,6.9458],[93.7399,6.9427],[93.743,6.9388],[93.7413,6.9341],[93.7419,6.9305],[93.7375,6.9309],[93.7331,6.93],[93.7307,6.9259],[93.733,6.9192],[93.737,6.914],[93.7416,6.9067],[93.7453,6.9049],[93.7481,6.9074],[93.7503,6.9117],[93.7546,6.9132],[93.757,6.9108],[93.754,6.9064],[93.7564,6.9023],[93.7576,6.8954],[93.7673,6.8895],[93.7635,6.8851],[93.7671,6.8811],[93.7669,6.8775],[93.7622,6.8764],[93.7625,6.8736],[93.7654,6.8723],[93.7672,6.8682],[93.7629,6.8672],[93.7629,6.8621],[93.7688,6.8597],[93.7711,6.8552],[93.7754,6.8516],[93.7795,6.853],[93.7762,6.8451],[93.7799,6.8437],[93.7811,6.8383],[93.7781,6.8374],[93.7776,6.833],[93.7812,6.826],[93.7847,6.8249],[93.7907,6.819],[93.7899,6.8166],[93.7924,6.8147],[93.7947,6.8105],[93.7997,6.8075],[93.8025,6.8102],[93.8033,6.8129],[93.8066,6.8145],[93.8081,6.8115],[93.8059,6.8072],[93.8027,6.8059],[93.8017,6.8021],[93.8029,6.7994],[93.8015,6.7955],[93.806,6.7935],[93.8064,6.7909],[93.8021,6.7892],[93.8005,6.7866],[93.8038,6.7805],[93.808,6.779],[93.8045,6.774],[93.8016,6.7733],[93.7992,6.7662],[93.8018,6.7606],[93.8049,6.7613],[93.8086,6.7583],[93.8148,6.7549],[93.8209,6.753],[93.8291,6.7536],[93.8314,6.7547],[93.8334,6.7612],[93.8347,6.7695],[93.8416,6.7776],[93.8435,6.7847],[93.8443,6.7912],[93.8428,6.7938],[93.8419,6.7996],[93.8448,6.8011],[93.844,6.808],[93.847,6.8115],[93.8518,6.8134],[93.8579,6.8146],[93.863,6.813],[93.8668,6.8094],[93.8735,6.7995],[93.8744,6.795],[93.876,6.7932],[93.8823,6.7943],[93.884,6.7968],[93.8854,6.8037],[93.8888,6.8018],[93.8918,6.8029],[93.8942,6.8067],[93.8958,6.8123],[93.8986,6.8157],[93.8978,6.8187],[93.9003,6.8209],[93.9007,6.8249],[93.9024,6.8259],[93.9053,6.8348],[93.9043,6.8374],[93.9005,6.8407],[93.8949,6.8418],[93.8894,6.8465],[93.89,6.8575],[93.8883,6.8604],[93.8893,6.8671],[93.8945,6.8702],[93.8964,6.8731],[93.8965,6.8791],[93.8943,6.8837],[93.8952,6.8876],[93.8917,6.8905],[93.8919,6.8927],[93.8946,6.8954],[93.8938,6.8993],[93.8919,6.9019],[93.8949,6.9053],[93.9004,6.9036],[93.9051,6.9048],[93.9101,6.9122],[93.9104,6.9179],[93.9095,6.9221],[93.9059,6.9224],[93.9038,6.9273],[93.9049,6.9298],[93.9115,6.9305],[93.9147,6.9301],[93.9129,6.9357],[93.915,6.9369],[93.9135,6.9444],[93.9154,6.9473],[93.9206,6.9492],[93.9236,6.9536],[93.933,6.948],[93.9403,6.951],[93.9413,6.9567],[93.9399,6.9589],[93.933,6.9611],[93.9312,6.9624],[93.9308,6.967],[93.9289,6.971],[93.9249,6.9718],[93.9245,6.9782],[93.9254,6.9831],[93.9223,6.9879],[93.9194,6.9885],[93.9145,6.9931],[93.9103,6.9928],[93.9095,6.996],[93.9108,7.0028],[93.9136,7.0061],[93.918,7.0092],[93.9234,7.0095],[93.9273,7.0026],[93.9275,7],[93.9298,6.9962],[93.9333,6.9943],[93.9354,6.9897],[93.939,6.9913],[93.9436,6.9954],[93.9446,7.0014],[93.9428,7.0093],[93.9367,7.0099],[93.9335,7.0127],[93.9316,7.016],[93.9297,7.0226],[93.9243,7.0286],[93.9159,7.0237],[93.9123,7.0254],[93.913,7.0316],[93.9103,7.0347],[93.9088,7.0383],[93.9135,7.0468],[93.913,7.0498],[93.9095,7.0536],[93.9072,7.0605],[93.9029,7.0649],[93.9038,7.0698],[93.8981,7.0814],[93.8933,7.0822],[93.8897,7.0814],[93.8858,7.0855],[93.8826,7.0874],[93.8807,7.0905],[93.8811,7.0993],[93.8779,7.1045],[93.8779,7.1104],[93.881,7.1128],[93.8809,7.1183],[93.8823,7.1214],[93.8828,7.1279],[93.8805,7.1308],[93.8761,7.1322],[93.875,7.139],[93.8769,7.1448],[93.8755,7.1514],[93.8767,7.1537],[93.8758,7.1593],[93.8733,7.165],[93.8743,7.1692],[93.8695,7.1727],[93.8685,7.1789],[93.8706,7.1812],[93.8717,7.1848],[93.8717,7.1905],[93.8697,7.1966],[93.8704,7.2024],[93.8647,7.2055],[93.8637,7.2097],[93.8569,7.2184],[93.8521,7.217],[93.8479,7.2178],[93.8398,7.2158],[93.8354,7.22],[93.8326,7.2275],[93.8329,7.2309],[93.838,7.2337],[93.8374,7.2405]]],[[[93.7967,7.2447],[93.7968,7.2483],[93.7882,7.244],[93.7912,7.2412],[93.7967,7.2447]]],[[[93.6201,7.3308],[93.6179,7.3261],[93.6201,7.3253],[93.623,7.3278],[93.6201,7.3308]]],[[[93.6838,7.4],[93.6808,7.4087],[93.6804,7.4116],[93.6742,7.4121],[93.6709,7.4101],[93.67,7.4052],[93.6718,7.4001],[93.6752,7.3971],[93.6812,7.3999],[93.6838,7.4]]],[[[93.7686,7.4018],[93.7666,7.4039],[93.7618,7.3983],[93.7627,7.3961],[93.7683,7.3945],[93.7706,7.3958],[93.7707,7.4002],[93.7686,7.4018]]],[[[93.6995,7.4474],[93.6944,7.4473],[93.692,7.445],[93.6943,7.4396],[93.6946,7.4341],[93.6938,7.4294],[93.6962,7.4264],[93.6946,7.4184],[93.6923,7.4143],[93.6929,7.4092],[93.69,7.405],[93.6906,7.4013],[93.698,7.399],[93.7,7.4003],[93.7028,7.396],[93.7009,7.3946],[93.6865,7.3967],[93.6813,7.3939],[93.6783,7.3934],[93.673,7.3906],[93.6708,7.3912],[93.6673,7.3847],[93.6682,7.379],[93.6617,7.3751],[93.6579,7.3753],[93.6622,7.3698],[93.6594,7.3679],[93.6562,7.3685],[93.6595,7.3726],[93.6574,7.3754],[93.6591,7.3769],[93.6569,7.3801],[93.6575,7.3836],[93.652,7.3856],[93.6487,7.3839],[93.6449,7.3783],[93.6448,7.3755],[93.6373,7.3708],[93.6349,7.373],[93.6283,7.3767],[93.6231,7.3766],[93.6199,7.3752],[93.6185,7.3702],[93.619,7.3652],[93.6178,7.3627],[93.6188,7.3585],[93.6183,7.3545],[93.62,7.3504],[93.6196,7.3399],[93.6208,7.3364],[93.6239,7.3339],[93.624,7.328],[93.6231,7.3224],[93.6196,7.3211],[93.617,7.3171],[93.6105,7.3143],[93.6072,7.3117],[93.6076,7.3086],[93.6129,7.307],[93.6167,7.3017],[93.6197,7.2922],[93.622,7.2874],[93.6204,7.2829],[93.6174,7.281],[93.619,7.2739],[93.6167,7.2704],[93.6175,7.2648],[93.6225,7.2625],[93.6266,7.2575],[93.6264,7.253],[93.632,7.2463],[93.6358,7.2428],[93.6417,7.244],[93.6452,7.246],[93.6504,7.2539],[93.6546,7.2553],[93.6588,7.2601],[93.6597,7.266],[93.6643,7.2759],[93.667,7.2787],[93.6674,7.2852],[93.6723,7.288],[93.6749,7.2919],[93.681,7.2935],[93.6875,7.2961],[93.6939,7.3014],[93.6954,7.3054],[93.706,7.3066],[93.712,7.3099],[93.714,7.3123],[93.7152,7.3171],[93.7178,7.3237],[93.722,7.3259],[93.7244,7.3313],[93.7261,7.3414],[93.7301,7.3483],[93.738,7.3555],[93.737,7.3582],[93.7431,7.3608],[93.7435,7.3648],[93.7453,7.3684],[93.7441,7.3767],[93.7399,7.3801],[93.7367,7.3857],[93.7297,7.3881],[93.7261,7.3922],[93.7184,7.397],[93.7145,7.3981],[93.7103,7.4039],[93.7094,7.4066],[93.7113,7.4184],[93.7094,7.4252],[93.7086,7.4318],[93.7069,7.4357],[93.7045,7.4361],[93.7011,7.4448],[93.6995,7.4474]]],[[[93.6511,7.4717],[93.6511,7.4744],[93.6481,7.4769],[93.6453,7.477],[93.6433,7.475],[93.6437,7.4718],[93.6511,7.4717]]],[[[93.6233,7.4794],[93.6229,7.4821],[93.619,7.4834],[93.6196,7.48],[93.6233,7.4794]]],[[[93.5474,7.52],[93.5424,7.5253],[93.5406,7.5242],[93.5396,7.5207],[93.5417,7.5183],[93.5405,7.5154],[93.5438,7.5116],[93.5466,7.5132],[93.5488,7.5167],[93.5474,7.52]]],[[[73.054,8.273],[73.065,8.2835],[73.0663,8.2862],[73.0654,8.291],[73.066,8.2966],[73.06,8.2892],[73.0557,8.2817],[73.0476,8.2751],[73.0445,8.2732],[73.0393,8.2717],[73.0336,8.2718],[73.0281,8.2705],[73.0224,8.2708],[73.0213,8.2738],[73.0177,8.2748],[73.0189,8.2699],[73.0245,8.2669],[73.0317,8.2647],[73.0426,8.2637],[73.0485,8.2659],[73.054,8.273]]],[[[93.3895,7.8905],[93.3903,7.8918],[93.3901,7.8995],[93.3873,7.8991],[93.3871,7.8957],[93.3895,7.8905]]],[[[93.3383,7.9373],[93.3402,7.9402],[93.3387,7.9427],[93.335,7.9397],[93.3383,7.9373]]],[[[93.3695,8.0235],[93.3613,8.0214],[93.3567,8.0146],[93.3516,8.0109],[93.3456,8.0091],[93.3432,8.0133],[93.3396,8.0174],[93.3333,8.0121],[93.3291,8.0133],[93.3228,8.0106],[93.32,8.0074],[93.3165,8.0018],[93.3148,7.9956],[93.3123,7.9911],[93.3118,7.9875],[93.3139,7.9787],[93.3127,7.9741],[93.3059,7.9707],[93.3041,7.966],[93.3006,7.9615],[93.3016,7.9594],[93.3029,7.9496],[93.3053,7.9453],[93.3084,7.9427],[93.3095,7.9396],[93.3079,7.9381],[93.3079,7.9339],[93.313,7.9271],[93.3164,7.9249],[93.322,7.9229],[93.3237,7.9265],[93.3211,7.9293],[93.3233,7.9355],[93.3268,7.9367],[93.3322,7.9334],[93.3298,7.9307],[93.3306,7.9277],[93.3353,7.9345],[93.338,7.9362],[93.3329,7.9395],[93.3383,7.9451],[93.3402,7.9436],[93.3413,7.9385],[93.3389,7.9338],[93.3344,7.9311],[93.3365,7.928],[93.3364,7.9252],[93.3329,7.9246],[93.3295,7.9258],[93.3268,7.9233],[93.3291,7.9206],[93.3312,7.9143],[93.3347,7.9089],[93.3341,7.9055],[93.335,7.9001],[93.3378,7.8998],[93.3417,7.8927],[93.346,7.8897],[93.3504,7.8879],[93.3591,7.8861],[93.3614,7.8828],[93.3676,7.8778],[93.373,7.879],[93.3808,7.8823],[93.3811,7.8859],[93.3851,7.8872],[93.3873,7.893],[93.3863,7.8985],[93.3888,7.902],[93.3952,7.9032],[93.3982,7.9022],[93.4059,7.9064],[93.4123,7.9069],[93.4159,7.9064],[93.4316,7.8992],[93.437,7.8925],[93.4416,7.8839],[93.4411,7.882],[93.4432,7.8751],[93.4539,7.8722],[93.4566,7.8764],[93.4603,7.8803],[93.4658,7.8902],[93.464,7.8989],[93.4617,7.9021],[93.4571,7.9178],[93.4581,7.9207],[93.4571,7.9274],[93.4539,7.9328],[93.452,7.939],[93.4479,7.9427],[93.4463,7.9428],[93.4391,7.9481],[93.4307,7.9563],[93.4279,7.956],[93.423,7.9665],[93.4209,7.9686],[93.4179,7.9679],[93.4146,7.9649],[93.414,7.9617],[93.4104,7.9606],[93.405,7.9607],[93.4026,7.9629],[93.4023,7.9656],[93.3994,7.9699],[93.397,7.9704],[93.3939,7.9744],[93.3935,7.9783],[93.3964,7.9822],[93.3952,7.9864],[93.3935,7.9883],[93.3923,7.9934],[93.3968,8.0046],[93.4014,8.0088],[93.3977,8.0123],[93.3909,8.0161],[93.39,8.0178],[93.3783,8.0194],[93.3695,8.0235]]],[[[93.5408,8.0285],[93.5363,8.0283],[93.5341,8.0263],[93.5359,8.023],[93.5389,8.0213],[93.5382,8.0184],[93.5407,8.0103],[93.5402,8.0065],[93.5428,8.0014],[93.541,7.9966],[93.5383,7.9985],[93.5386,8.0014],[93.5319,8.0087],[93.5309,8.013],[93.5324,8.016],[93.5278,8.0189],[93.5249,8.0251],[93.5221,8.0262],[93.5179,8.0204],[93.5202,8.016],[93.5206,8.0068],[93.5171,8.006],[93.5101,7.9942],[93.5053,7.9957],[93.5056,7.9983],[93.5023,7.9999],[93.4992,7.9967],[93.4971,7.9987],[93.4944,7.9954],[93.497,7.9894],[93.4979,7.9839],[93.5068,7.9795],[93.5079,7.9756],[93.5113,7.9737],[93.5148,7.9696],[93.5185,7.9685],[93.5265,7.9642],[93.5284,7.9593],[93.5321,7.9563],[93.5343,7.9562],[93.5389,7.9525],[93.5441,7.95],[93.5442,7.948],[93.5491,7.9449],[93.5523,7.9417],[93.5541,7.9377],[93.5562,7.9374],[93.5634,7.9324],[93.5674,7.9321],[93.5678,7.935],[93.5718,7.9415],[93.5715,7.945],[93.572,7.9535],[93.5704,7.955],[93.5723,7.9626],[93.5702,7.9656],[93.5705,7.9688],[93.5736,7.9724],[93.5715,7.9754],[93.5707,7.9815],[93.5732,7.9853],[93.5719,7.9877],[93.5722,7.992],[93.5704,7.9947],[93.5694,7.9997],[93.5621,8.0098],[93.5615,8.0131],[93.5568,8.0172],[93.5569,8.0202],[93.5536,8.0263],[93.5509,8.026],[93.5408,8.0285]]],[[[93.5759,8.1192],[93.5723,8.1265],[93.5669,8.1275],[93.5624,8.1259],[93.5584,8.1232],[93.5534,8.1211],[93.5529,8.1195],[93.5593,8.1092],[93.5647,8.1086],[93.5633,8.1031],[93.5604,8.0981],[93.5616,8.0933],[93.5659,8.0877],[93.572,8.0822],[93.5715,8.0742],[93.5683,8.0756],[93.5644,8.074],[93.5626,8.0677],[93.5646,8.0615],[93.5677,8.0592],[93.5739,8.0499],[93.5773,8.0477],[93.582,8.0391],[93.5844,8.0392],[93.5909,8.0441],[93.5915,8.0493],[93.5903,8.0542],[93.5878,8.0598],[93.5827,8.0662],[93.5814,8.0737],[93.5832,8.0782],[93.581,8.0848],[93.5821,8.0979],[93.5789,8.1136],[93.5759,8.1192]]],[[[78.21,8.8392],[78.2109,8.8342],[78.2152,8.8318],[78.2192,8.8346],[78.2158,8.842],[78.2106,8.8412],[78.21,8.8392]]],[[[93.5133,8.2351],[93.5033,8.2305],[93.4993,8.2305],[93.4939,8.2271],[93.4873,8.225],[93.4816,8.2206],[93.4811,8.2163],[93.4823,8.2119],[93.4822,8.2081],[93.48,8.205],[93.4805,8.1996],[93.4764,8.196],[93.474,8.1956],[93.4708,8.1924],[93.4663,8.1848],[93.4616,8.1837],[93.4567,8.1814],[93.4493,8.1814],[93.4448,8.1804],[93.442,8.1787],[93.4383,8.1735],[93.4378,8.169],[93.4405,8.1665],[93.4418,8.1611],[93.4453,8.1578],[93.4451,8.1517],[93.4461,8.1451],[93.4487,8.1427],[93.4541,8.1441],[93.4549,8.1401],[93.4485,8.1352],[93.4486,8.1311],[93.4501,8.1274],[93.4495,8.1247],[93.451,8.1197],[93.4543,8.12],[93.4538,8.1161],[93.4556,8.1135],[93.4541,8.1106],[93.4603,8.0998],[93.4653,8.0954],[93.4667,8.0921],[93.4695,8.0931],[93.4716,8.0967],[93.4744,8.0955],[93.4796,8.0912],[93.4727,8.0872],[93.4713,8.0846],[93.474,8.0785],[93.4753,8.0707],[93.4744,8.0682],[93.4757,8.0633],[93.4747,8.0601],[93.4757,8.0532],[93.4777,8.0537],[93.481,8.0509],[93.4843,8.0544],[93.4851,8.0605],[93.4822,8.0626],[93.4852,8.0653],[93.4902,8.0664],[93.4922,8.0702],[93.4946,8.0699],[93.4972,8.0743],[93.5028,8.0758],[93.5039,8.0792],[93.5038,8.085],[93.5059,8.0856],[93.5096,8.0831],[93.5124,8.0856],[93.5142,8.0846],[93.5144,8.0797],[93.5209,8.08],[93.5144,8.0751],[93.5144,8.0708],[93.5216,8.0698],[93.5197,8.0654],[93.5177,8.0637],[93.5147,8.0643],[93.5146,8.0596],[93.5167,8.0564],[93.516,8.0537],[93.5114,8.0523],[93.5082,8.0476],[93.5037,8.0503],[93.5053,8.0587],[93.5038,8.0659],[93.5018,8.069],[93.499,8.0652],[93.4995,8.0579],[93.4938,8.0575],[93.5,8.0522],[93.4983,8.0507],[93.4971,8.0458],[93.4926,8.0448],[93.4928,8.0416],[93.4901,8.0402],[93.4888,8.0425],[93.4841,8.0441],[93.4808,8.0472],[93.4766,8.0473],[93.4769,8.0344],[93.4754,8.032],[93.477,8.0292],[93.4763,8.0233],[93.477,8.0161],[93.4796,8.0099],[93.4804,8.0029],[93.487,8.0011],[93.4885,7.9992],[93.4919,7.9988],[93.4967,8.0021],[93.4983,8.0071],[93.4973,8.0095],[93.4999,8.012],[93.4977,8.0137],[93.4985,8.0172],[93.5017,8.0186],[93.5009,8.0214],[93.4964,8.0249],[93.4964,8.0299],[93.4985,8.0359],[93.5063,8.0359],[93.5115,8.0382],[93.512,8.0357],[93.5156,8.0343],[93.5185,8.039],[93.518,8.0461],[93.519,8.0489],[93.5217,8.0505],[93.5302,8.0425],[93.5321,8.0391],[93.5379,8.0363],[93.5399,8.0371],[93.5398,8.0434],[93.538,8.047],[93.5354,8.0491],[93.5391,8.0534],[93.5412,8.0639],[93.5431,8.0676],[93.5421,8.0708],[93.5423,8.0749],[93.541,8.0814],[93.5383,8.0858],[93.5366,8.0911],[93.53,8.0922],[93.5269,8.0959],[93.5227,8.0983],[93.5211,8.1018],[93.5217,8.1055],[93.5152,8.118],[93.5148,8.1232],[93.5109,8.1263],[93.5108,8.1286],[93.5031,8.1389],[93.4942,8.1455],[93.4932,8.1498],[93.4975,8.1511],[93.4984,8.1578],[93.5021,8.1587],[93.5031,8.1626],[93.5,8.1647],[93.5,8.1672],[93.5023,8.1709],[93.5075,8.1727],[93.5105,8.1747],[93.5145,8.1745],[93.5155,8.1769],[93.5227,8.1859],[93.526,8.1841],[93.5197,8.1788],[93.5239,8.1774],[93.5271,8.1802],[93.529,8.1872],[93.5286,8.1919],[93.532,8.1937],[93.5355,8.1986],[93.5372,8.208],[93.5361,8.217],[93.5367,8.2242],[93.5348,8.2286],[93.528,8.2298],[93.5204,8.2333],[93.5168,8.2332],[93.5133,8.2351]]],[[[78.2234,8.8728],[78.2255,8.8668],[78.2278,8.8684],[78.2271,8.8712],[78.2234,8.8728]]],[[[93.2266,8.2657],[93.2244,8.2658],[93.2158,8.2625],[93.2119,8.2588],[93.2097,8.2514],[93.2104,8.2468],[93.2144,8.2389],[93.2203,8.2332],[93.2243,8.2308],[93.2294,8.2219],[93.2305,8.2245],[93.2352,8.2246],[93.2408,8.227],[93.2403,8.2336],[93.2412,8.2356],[93.2393,8.2384],[93.24,8.2421],[93.2351,8.2505],[93.2315,8.2596],[93.2285,8.2651],[93.2266,8.2657]]],[[[93.1172,8.3565],[93.1129,8.3545],[93.1093,8.3503],[93.1064,8.35],[93.1037,8.348],[93.1009,8.348],[93.0967,8.3511],[93.0952,8.3477],[93.0923,8.3477],[93.0898,8.3433],[93.0849,8.3408],[93.0837,8.3353],[93.0849,8.3295],[93.0838,8.3243],[93.0753,8.307],[93.0733,8.2955],[93.075,8.2884],[93.0739,8.2812],[93.0758,8.2735],[93.0829,8.262],[93.0908,8.2514],[93.0898,8.2492],[93.0936,8.2426],[93.1019,8.2345],[93.1061,8.2332],[93.1058,8.2292],[93.1098,8.2265],[93.1116,8.2236],[93.1169,8.2222],[93.1191,8.2203],[93.124,8.219],[93.1417,8.2095],[93.1498,8.2045],[93.1518,8.2022],[93.1582,8.201],[93.1614,8.2016],[93.1655,8.2008],[93.1687,8.1981],[93.1788,8.1943],[93.1796,8.1952],[93.1856,8.1947],[93.1924,8.1974],[93.1945,8.204],[93.1946,8.2093],[93.1959,8.214],[93.1928,8.2186],[93.1871,8.2221],[93.1856,8.225],[93.1803,8.2278],[93.1709,8.2308],[93.1649,8.2349],[93.1614,8.236],[93.1517,8.2411],[93.149,8.2416],[93.1439,8.2455],[93.1419,8.2486],[93.1352,8.2544],[93.1287,8.2609],[93.1219,8.2695],[93.1178,8.2773],[93.1171,8.2816],[93.1179,8.2852],[93.1208,8.2907],[93.1241,8.3011],[93.1244,8.3079],[93.1238,8.3115],[93.1247,8.3177],[93.129,8.3255],[93.1308,8.3275],[93.1321,8.3329],[93.1312,8.3371],[93.1335,8.3458],[93.1319,8.3483],[93.125,8.3494],[93.1224,8.3484],[93.1186,8.3525],[93.1172,8.3565]]],[[[78.2531,8.9521],[78.2553,8.9541],[78.2521,8.9564],[78.2507,8.9527],[78.2531,8.9521]]],[[[93.6434,8.3945],[93.6362,8.3951],[93.6379,8.3909],[93.6453,8.3913],[93.6434,8.3945]]],[[[93.0444,8.4642],[93.0357,8.4728],[93.0306,8.4711],[93.0253,8.4596],[93.0245,8.4522],[93.0266,8.4474],[93.0334,8.4416],[93.0421,8.4396],[93.0477,8.4405],[93.0497,8.4436],[93.0465,8.45],[93.0478,8.46],[93.0444,8.4642]]],[[[78.4927,9.0864],[78.4956,9.0894],[78.4948,9.0913],[78.4905,9.0933],[78.4872,9.0891],[78.4896,9.087],[78.4927,9.0864]]],[[[78.5817,9.111],[78.5793,9.1128],[78.5745,9.1057],[78.571,9.1035],[78.571,9.1011],[78.5765,9.1005],[78.5805,9.1014],[78.5844,9.1061],[78.5879,9.1077],[78.5857,9.1111],[78.5817,9.111]]],[[[79.4893,9.119],[79.4936,9.1227],[79.4921,9.1242],[79.4893,9.119]]],[[[78.9373,9.1825],[78.9433,9.1856],[78.9406,9.1873],[78.9354,9.183],[78.9318,9.1826],[78.9252,9.1849],[78.9186,9.184],[78.9088,9.1815],[78.9061,9.185],[78.9012,9.1828],[78.8978,9.1792],[78.9034,9.1785],[78.9075,9.1802],[78.9125,9.1801],[78.9202,9.183],[78.9269,9.1832],[78.9306,9.1815],[78.9373,9.1825]]],[[[79.0771,9.2022],[79.0711,9.2052],[79.0704,9.2106],[79.0675,9.2097],[79.057,9.1992],[79.0589,9.196],[79.0656,9.2006],[79.0749,9.198],[79.0794,9.1962],[79.0831,9.1929],[79.0864,9.1917],[79.0887,9.1928],[79.0913,9.1967],[79.0881,9.2003],[79.0868,9.1986],[79.0832,9.201],[79.082,9.2032],[79.0771,9.2022]]],[[[79.1256,9.2174],[79.1281,9.2139],[79.1313,9.2162],[79.1256,9.2174]]],[[[93.6059,8.5737],[93.6031,8.5747],[93.6013,8.5728],[93.6027,8.5679],[93.6045,8.566],[93.6013,8.5623],[93.6,8.5543],[93.6021,8.5477],[93.6003,8.5453],[93.6026,8.5426],[93.6033,8.5394],[93.6076,8.5366],[93.6071,8.5332],[93.6108,8.5287],[93.612,8.5244],[93.6102,8.5225],[93.6134,8.5196],[93.6153,8.5126],[93.6157,8.5073],[93.6148,8.5056],[93.615,8.4962],[93.6169,8.4918],[93.6185,8.4907],[93.618,8.485],[93.6139,8.4827],[93.6094,8.4815],[93.6107,8.4779],[93.6098,8.4754],[93.6128,8.4736],[93.6124,8.4693],[93.6135,8.4626],[93.6095,8.4558],[93.6106,8.4535],[93.6099,8.4468],[93.6077,8.4457],[93.6099,8.4412],[93.6084,8.4359],[93.6101,8.4339],[93.6126,8.4232],[93.6147,8.425],[93.6172,8.4312],[93.6177,8.4379],[93.616,8.4446],[93.6128,8.4496],[93.6158,8.4593],[93.6157,8.4643],[93.6175,8.4687],[93.6239,8.4715],[93.627,8.471],[93.6304,8.4663],[93.6323,8.4676],[93.6302,8.4746],[93.6291,8.4808],[93.6301,8.4843],[93.6281,8.4883],[93.628,8.4921],[93.6255,8.494],[93.6268,8.4995],[93.6215,8.5076],[93.626,8.5104],[93.6275,8.5133],[93.6229,8.5202],[93.6255,8.5239],[93.6218,8.5251],[93.6149,8.529],[93.6115,8.5332],[93.6125,8.5345],[93.6092,8.5432],[93.6096,8.5495],[93.6083,8.5533],[93.6102,8.5583],[93.6101,8.5657],[93.6072,8.5689],[93.6059,8.5737]]],[[[79.2005,9.2507],[79.1952,9.2529],[79.1871,9.2506],[79.1819,9.2501],[79.1795,9.2486],[79.1781,9.2423],[79.1798,9.2375],[79.1871,9.2348],[79.1901,9.2309],[79.1937,9.2321],[79.1998,9.2304],[79.2028,9.2339],[79.2038,9.2397],[79.2136,9.2407],[79.2149,9.2437],[79.2203,9.2459],[79.2191,9.2478],[79.2127,9.2465],[79.2028,9.2415],[79.2024,9.2441],[79.2087,9.2471],[79.2089,9.2507],[79.2038,9.2486],[79.2005,9.2507]]],[[[92.8596,8.841],[92.8581,8.8426],[92.8549,8.8413],[92.849,8.8354],[92.8487,8.8321],[92.8467,8.8302],[92.8472,8.8269],[92.8453,8.8199],[92.8477,8.8166],[92.8516,8.8155],[92.8552,8.8169],[92.8579,8.82],[92.8598,8.8196],[92.8619,8.8237],[92.8631,8.8308],[92.8617,8.8336],[92.8629,8.8369],[92.8596,8.841]]],[[[92.786,9.245],[92.785,9.2472],[92.7804,9.2501],[92.7765,9.2547],[92.7752,9.2582],[92.7709,9.2574],[92.7722,9.2523],[92.7755,9.2458],[92.7733,9.2406],[92.77,9.2405],[92.7704,9.2375],[92.7728,9.2369],[92.771,9.2306],[92.7681,9.2283],[92.7687,9.2219],[92.7659,9.219],[92.7616,9.2165],[92.7576,9.2164],[92.7558,9.2179],[92.7466,9.2166],[92.7437,9.214],[92.7411,9.2175],[92.7374,9.2184],[92.7331,9.2169],[92.7293,9.2203],[92.725,9.2214],[92.7217,9.2206],[92.7178,9.2146],[92.7166,9.2092],[92.7175,9.1988],[92.7161,9.1964],[92.7163,9.1899],[92.7175,9.1834],[92.7174,9.1709],[92.7156,9.167],[92.7144,9.1544],[92.7156,9.1479],[92.719,9.1423],[92.7221,9.1396],[92.7232,9.1355],[92.7217,9.1339],[92.7273,9.1249],[92.736,9.1241],[92.7406,9.1245],[92.754,9.1278],[92.7557,9.1259],[92.7598,9.1253],[92.7673,9.1284],[92.77,9.1257],[92.7766,9.1212],[92.7848,9.1187],[92.7882,9.1198],[92.8007,9.1212],[92.8023,9.1233],[92.8115,9.1275],[92.8097,9.1312],[92.8141,9.1355],[92.8192,9.1376],[92.8263,9.1374],[92.8275,9.1411],[92.8263,9.1524],[92.8302,9.1624],[92.8306,9.1682],[92.8299,9.172],[92.8277,9.1738],[92.8265,9.1784],[92.8234,9.1806],[92.8245,9.1864],[92.8243,9.1905],[92.8218,9.1969],[92.8207,9.2023],[92.8177,9.212],[92.8114,9.2212],[92.798,9.2327],[92.7908,9.2408],[92.786,9.245]]],[[[73.6476,10.0721],[73.6477,10.081],[73.6464,10.084],[73.644,10.076],[73.6404,10.0708],[73.6378,10.0702],[73.6373,10.0671],[73.6411,10.0569],[73.6455,10.0568],[73.6474,10.059],[73.6476,10.0721]]],[[[72.3351,10.0971],[72.3382,10.1021],[72.3348,10.1042],[72.3351,10.0971]]],[[[72.3322,10.1298],[72.3293,10.1367],[72.3275,10.1369],[72.3277,10.1292],[72.3322,10.1298]]],[[[72.644,10.578],[72.6412,10.5791],[72.6371,10.5693],[72.6247,10.5496],[72.6183,10.5462],[72.6201,10.5432],[72.6241,10.548],[72.6361,10.5572],[72.6465,10.561],[72.6498,10.5636],[72.6512,10.569],[72.649,10.5753],[72.6465,10.5781],[72.644,10.578]]],[[[73.668,10.8173],[73.6613,10.8166],[73.6595,10.8118],[73.6611,10.8074],[73.6636,10.8054],[73.6696,10.8039],[73.6772,10.8039],[73.6841,10.8059],[73.6928,10.8097],[73.6997,10.8114],[73.7002,10.816],[73.689,10.8166],[73.687,10.8161],[73.6778,10.8168],[73.6705,10.8165],[73.668,10.8173]]],[[[72.2041,10.8782],[72.2009,10.8786],[72.1945,10.8711],[72.1932,10.8681],[72.188,10.849],[72.1828,10.8392],[72.1789,10.8306],[72.1713,10.8204],[72.1727,10.8198],[72.1795,10.8286],[72.1818,10.8342],[72.189,10.8478],[72.1998,10.8642],[72.2061,10.8761],[72.2041,10.8782]]],[[[72.2887,10.9463],[72.2872,10.9466],[72.2845,10.9373],[72.2894,10.9354],[72.2907,10.9391],[72.2887,10.9463]]],[[[72.3253,10.9501],[72.3171,10.9495],[72.3152,10.9472],[72.3161,10.9433],[72.3204,10.9458],[72.3253,10.9501]]],[[[72.7201,11.1137],[72.7272,11.1201],[72.7311,11.1254],[72.7344,11.1346],[72.7304,11.1365],[72.7208,11.1302],[72.7168,11.1235],[72.7165,11.1192],[72.7174,11.1162],[72.7201,11.1137]]],[[[72.7619,11.1826],[72.7695,11.2054],[72.7755,11.2142],[72.7777,11.2194],[72.7806,11.2317],[72.7843,11.2428],[72.7899,11.2552],[72.7904,11.2598],[72.7868,11.2583],[72.7793,11.2423],[72.772,11.2166],[72.7634,11.1929],[72.7632,11.1874],[72.7619,11.1826]]],[[[92.5184,10.9008],[92.5109,10.8998],[92.503,10.8968],[92.5074,10.8929],[92.5061,10.8901],[92.5077,10.8872],[92.5085,10.8826],[92.5128,10.8794],[92.5115,10.8782],[92.5057,10.8834],[92.5042,10.8935],[92.4965,10.8971],[92.4869,10.8889],[92.4858,10.8847],[92.4812,10.8818],[92.4821,10.8769],[92.4796,10.8733],[92.476,10.874],[92.47,10.8726],[92.4694,10.8695],[92.4627,10.8661],[92.4599,10.8685],[92.4545,10.8669],[92.4533,10.8638],[92.4561,10.8587],[92.4583,10.8583],[92.4602,10.8539],[92.4597,10.8475],[92.4583,10.8434],[92.4552,10.8402],[92.4503,10.8423],[92.4462,10.8411],[92.4456,10.8374],[92.4421,10.8345],[92.4408,10.8305],[92.4367,10.8265],[92.4321,10.8237],[92.4264,10.827],[92.4248,10.8259],[92.4263,10.8183],[92.4198,10.8008],[92.4169,10.7957],[92.4087,10.7873],[92.4017,10.7835],[92.3972,10.7835],[92.3966,10.7795],[92.3942,10.7721],[92.3929,10.778],[92.3961,10.7809],[92.3953,10.7851],[92.389,10.7836],[92.3862,10.786],[92.3872,10.7889],[92.3864,10.7939],[92.3822,10.7947],[92.3788,10.7885],[92.3759,10.7867],[92.3731,10.7827],[92.3718,10.7739],[92.3732,10.7721],[92.3775,10.7705],[92.378,10.7675],[92.3806,10.7632],[92.3776,10.7542],[92.3794,10.7456],[92.3788,10.7414],[92.3805,10.7297],[92.3827,10.7261],[92.3832,10.7213],[92.3803,10.7143],[92.3789,10.7083],[92.3798,10.6973],[92.3809,10.6938],[92.3811,10.6843],[92.3837,10.6765],[92.3814,10.6703],[92.3883,10.6677],[92.3925,10.669],[92.3957,10.667],[92.4011,10.6595],[92.4067,10.6504],[92.414,10.6347],[92.4163,10.6262],[92.4182,10.6221],[92.4192,10.615],[92.4123,10.6076],[92.4129,10.6044],[92.4098,10.5937],[92.4098,10.5844],[92.4051,10.5786],[92.4001,10.5764],[92.3977,10.5721],[92.3977,10.5687],[92.3938,10.5657],[92.3904,10.5542],[92.3869,10.549],[92.3821,10.544],[92.3813,10.5388],[92.3845,10.5333],[92.3871,10.5318],[92.3939,10.53],[92.4026,10.5307],[92.4072,10.5331],[92.4136,10.539],[92.4202,10.5485],[92.4308,10.5496],[92.4365,10.5485],[92.4406,10.5461],[92.444,10.5455],[92.4524,10.5426],[92.4577,10.5396],[92.4648,10.5334],[92.4676,10.5293],[92.4768,10.5208],[92.4805,10.518],[92.4884,10.5154],[92.4932,10.5148],[92.5,10.5113],[92.5058,10.5118],[92.5133,10.5108],[92.5245,10.515],[92.5259,10.5172],[92.5306,10.5164],[92.5339,10.5199],[92.5337,10.5223],[92.5365,10.5266],[92.5341,10.5291],[92.5374,10.532],[92.538,10.5344],[92.5429,10.5382],[92.5451,10.5458],[92.5449,10.5502],[92.5487,10.5553],[92.5533,10.5567],[92.5558,10.561],[92.5601,10.565],[92.5622,10.5692],[92.5693,10.5774],[92.5703,10.5821],[92.5691,10.5846],[92.5649,10.5883],[92.5583,10.5897],[92.5516,10.5929],[92.5436,10.594],[92.5421,10.5951],[92.5404,10.6007],[92.54,10.6074],[92.5404,10.6126],[92.5437,10.6234],[92.5511,10.6367],[92.5537,10.64],[92.5592,10.645],[92.5698,10.6536],[92.5777,10.6531],[92.5814,10.6585],[92.5784,10.6612],[92.577,10.6666],[92.5768,10.6725],[92.5784,10.675],[92.5833,10.679],[92.5875,10.6805],[92.5925,10.6771],[92.5974,10.6778],[92.5988,10.6824],[92.5983,10.6918],[92.5972,10.6936],[92.5995,10.6992],[92.5994,10.7058],[92.5978,10.7093],[92.5937,10.7127],[92.5925,10.717],[92.5901,10.7212],[92.5889,10.7338],[92.5841,10.7413],[92.5833,10.7477],[92.5852,10.7533],[92.5853,10.7632],[92.5874,10.7738],[92.5866,10.7851],[92.5867,10.7899],[92.5835,10.7936],[92.5775,10.7986],[92.5759,10.8054],[92.5712,10.8106],[92.5674,10.8103],[92.5637,10.8161],[92.5636,10.8234],[92.5658,10.8308],[92.5631,10.8347],[92.5622,10.8386],[92.5594,10.8451],[92.5592,10.8512],[92.5622,10.8576],[92.5625,10.8622],[92.5613,10.8647],[92.5554,10.871],[92.5504,10.8742],[92.5426,10.8839],[92.5338,10.89],[92.533,10.887],[92.5296,10.8852],[92.5317,10.8827],[92.5315,10.8799],[92.5286,10.8795],[92.5295,10.8864],[92.5327,10.8881],[92.5329,10.8909],[92.5255,10.8961],[92.5243,10.8977],[92.5184,10.9008]]],[[[92.6176,10.9336],[92.6088,10.9394],[92.6056,10.9392],[92.602,10.9363],[92.6053,10.9314],[92.6098,10.9272],[92.6155,10.9262],[92.6209,10.9268],[92.6205,10.9307],[92.6176,10.9336]]],[[[92.2192,10.9858],[92.2149,10.985],[92.2082,10.9798],[92.2109,10.9748],[92.2134,10.9728],[92.2166,10.9724],[92.2207,10.9744],[92.2247,10.9781],[92.2262,10.9843],[92.2192,10.9858]]],[[[92.6678,10.9847],[92.6687,10.9884],[92.6665,10.9927],[92.6597,10.9925],[92.6575,10.9896],[92.6577,10.9826],[92.6624,10.9809],[92.6678,10.9847]]],[[[73.0083,11.4695],[73.0117,11.473],[73.0099,11.4805],[73.0098,11.4873],[73.0069,11.4933],[73.002,11.4981],[72.9981,11.497],[72.9999,11.494],[73.0025,11.4927],[73.0058,11.4777],[73.0083,11.4695]]],[[[92.7315,11.1494],[92.7243,11.1476],[92.7213,11.1417],[92.7229,11.1404],[92.7263,11.1437],[92.7304,11.1418],[92.7336,11.1467],[92.7315,11.1494]]],[[[92.6762,11.1844],[92.6756,11.1897],[92.6735,11.19],[92.6718,11.1866],[92.6749,11.1793],[92.6766,11.1773],[92.68,11.1817],[92.6762,11.1844]]],[[[92.7051,11.2777],[92.7062,11.2864],[92.7047,11.2902],[92.6946,11.2852],[92.692,11.2804],[92.6932,11.2752],[92.6924,11.2705],[92.6947,11.2659],[92.6943,11.2599],[92.6905,11.2563],[92.6884,11.2488],[92.6867,11.2459],[92.6862,11.2418],[92.6912,11.2424],[92.6948,11.25],[92.6944,11.2536],[92.6967,11.254],[92.6988,11.2578],[92.7033,11.2615],[92.7052,11.2661],[92.7043,11.2696],[92.7054,11.2739],[92.7051,11.2777]]],[[[72.7121,11.6863],[72.7172,11.6945],[72.717,11.7009],[72.7139,11.7005],[72.7103,11.6923],[72.7086,11.6858],[72.7121,11.6863]]],[[[92.7223,11.333],[92.7185,11.3321],[92.7164,11.3285],[92.7162,11.3236],[92.7127,11.3208],[92.7135,11.3176],[92.7109,11.3132],[92.7047,11.3097],[92.7006,11.3119],[92.6955,11.3098],[92.703,11.3054],[92.7077,11.2995],[92.7118,11.3027],[92.7119,11.3067],[92.7147,11.3086],[92.7159,11.3146],[92.7195,11.3148],[92.7223,11.3167],[92.7229,11.3194],[92.7215,11.3234],[92.7233,11.3305],[92.7223,11.333]]],[[[92.5474,11.3907],[92.5508,11.3959],[92.55,11.3986],[92.5419,11.3982],[92.5399,11.3934],[92.5419,11.3904],[92.5474,11.3907]]],[[[92.5627,11.3968],[92.5547,11.3971],[92.5517,11.3929],[92.5566,11.3901],[92.561,11.392],[92.5633,11.3947],[92.5627,11.3968]]],[[[92.2703,11.5201],[92.2665,11.5169],[92.2697,11.5156],[92.2719,11.5167],[92.2703,11.5201]]],[[[92.6126,11.5064],[92.6127,11.5109],[92.6036,11.5048],[92.6052,11.5023],[92.6081,11.5047],[92.6096,11.5024],[92.6126,11.5064]]],[[[92.6362,11.5159],[92.6324,11.5153],[92.6313,11.5124],[92.6259,11.5048],[92.6211,11.5014],[92.6187,11.4946],[92.6162,11.4904],[92.6117,11.4769],[92.6109,11.4711],[92.6117,11.4666],[92.6095,11.4579],[92.614,11.4486],[92.6227,11.4406],[92.6217,11.4351],[92.6192,11.4321],[92.6232,11.426],[92.6236,11.4205],[92.6225,11.4162],[92.623,11.4085],[92.6218,11.4045],[92.6181,11.4023],[92.6117,11.4007],[92.6063,11.402],[92.6039,11.401],[92.5997,11.4014],[92.5966,11.4002],[92.5913,11.4013],[92.5867,11.4013],[92.5872,11.3977],[92.5899,11.3891],[92.5912,11.3792],[92.5874,11.3748],[92.5802,11.371],[92.5796,11.3674],[92.5852,11.3589],[92.5854,11.3555],[92.5904,11.3491],[92.5977,11.345],[92.609,11.3457],[92.6187,11.3488],[92.6218,11.346],[92.626,11.3492],[92.6342,11.3478],[92.6382,11.3461],[92.6398,11.3489],[92.6435,11.3514],[92.6469,11.3552],[92.652,11.357],[92.6566,11.3563],[92.6637,11.3528],[92.6644,11.3565],[92.6674,11.3613],[92.6723,11.3629],[92.6738,11.3617],[92.6775,11.3628],[92.6799,11.3654],[92.6844,11.3663],[92.6886,11.3696],[92.6908,11.3766],[92.6889,11.38],[92.6899,11.3845],[92.6918,11.3876],[92.6876,11.389],[92.6851,11.3926],[92.6797,11.3917],[92.6765,11.3939],[92.6755,11.3983],[92.6711,11.4],[92.6694,11.3966],[92.6634,11.3952],[92.6615,11.3975],[92.6631,11.4026],[92.6625,11.4047],[92.6581,11.4069],[92.6533,11.4074],[92.6478,11.4046],[92.6474,11.3965],[92.6442,11.3943],[92.6415,11.3961],[92.642,11.4025],[92.6443,11.4044],[92.6411,11.4096],[92.6394,11.4038],[92.637,11.4017],[92.6338,11.4041],[92.6355,11.4061],[92.6354,11.4133],[92.6384,11.4161],[92.6417,11.4106],[92.6461,11.4136],[92.6502,11.4094],[92.6534,11.4097],[92.6569,11.4124],[92.6595,11.4116],[92.671,11.4155],[92.674,11.42],[92.6718,11.4262],[92.6789,11.4274],[92.6802,11.425],[92.683,11.427],[92.6807,11.4308],[92.6844,11.4322],[92.6842,11.4376],[92.6829,11.4398],[92.6815,11.448],[92.679,11.4537],[92.6795,11.4556],[92.6746,11.4622],[92.677,11.4681],[92.6761,11.473],[92.6735,11.4748],[92.6713,11.4789],[92.6735,11.4896],[92.6699,11.489],[92.6661,11.4917],[92.6626,11.4911],[92.6578,11.4959],[92.6506,11.4978],[92.6484,11.4997],[92.6444,11.5],[92.645,11.5074],[92.6446,11.5123],[92.6411,11.5099],[92.6393,11.5106],[92.6362,11.5159]]],[[[92.5587,11.5411],[92.5505,11.538],[92.5512,11.5331],[92.556,11.5234],[92.5593,11.5203],[92.5609,11.5162],[92.5673,11.5179],[92.5686,11.5232],[92.5678,11.5285],[92.563,11.5301],[92.5599,11.5335],[92.5587,11.5411]]],[[[92.6011,11.5376],[92.5985,11.5375],[92.5967,11.5331],[92.5966,11.5289],[92.6013,11.5213],[92.6039,11.519],[92.6071,11.5198],[92.6059,11.523],[92.6052,11.5333],[92.6011,11.5376]]],[[[92.5831,11.5348],[92.5852,11.5409],[92.5821,11.5396],[92.5831,11.5348]]],[[[92.6141,11.5564],[92.6134,11.5597],[92.6095,11.5593],[92.6087,11.554],[92.6012,11.5531],[92.6054,11.5472],[92.6046,11.5454],[92.6063,11.5379],[92.6086,11.5343],[92.6112,11.533],[92.6164,11.536],[92.6168,11.541],[92.6183,11.5453],[92.6178,11.5474],[92.6194,11.5522],[92.6193,11.5567],[92.6141,11.5564]]],[[[92.2201,11.5945],[92.2137,11.594],[92.2125,11.5906],[92.2089,11.5881],[92.2036,11.588],[92.2038,11.5857],[92.2086,11.5798],[92.2105,11.5761],[92.2113,11.5719],[92.2051,11.5605],[92.2042,11.5562],[92.2044,11.5477],[92.208,11.5399],[92.211,11.5303],[92.2143,11.5278],[92.2198,11.5294],[92.2331,11.5247],[92.2432,11.5257],[92.2506,11.5245],[92.2586,11.5175],[92.2657,11.5225],[92.2687,11.5224],[92.2703,11.5301],[92.273,11.5353],[92.2725,11.5414],[92.2683,11.5518],[92.2667,11.5617],[92.2681,11.567],[92.2665,11.5707],[92.2692,11.5776],[92.2693,11.5852],[92.2614,11.5912],[92.2493,11.5926],[92.2469,11.5921],[92.2393,11.5935],[92.2326,11.593],[92.2299,11.5896],[92.2271,11.5884],[92.2222,11.5905],[92.2201,11.5945]]],[[[92.6086,11.5562],[92.6071,11.5627],[92.6048,11.5606],[92.6086,11.5562]]],[[[92.5744,11.5623],[92.5763,11.5676],[92.573,11.5672],[92.5717,11.5627],[92.5744,11.5623]]],[[[92.593,11.5746],[92.5915,11.578],[92.5884,11.5742],[92.5868,11.5705],[92.5871,11.5657],[92.5888,11.5619],[92.5873,11.5594],[92.5875,11.5562],[92.5837,11.5519],[92.5828,11.549],[92.5848,11.5466],[92.5882,11.5396],[92.5879,11.5341],[92.5912,11.5368],[92.595,11.5358],[92.5969,11.5491],[92.596,11.5529],[92.5968,11.557],[92.593,11.5746]]],[[[92.6113,11.5882],[92.6055,11.5877],[92.6009,11.5857],[92.5999,11.5772],[92.5988,11.5749],[92.5992,11.5691],[92.6008,11.5676],[92.6037,11.5711],[92.6089,11.5684],[92.6114,11.5644],[92.6143,11.5642],[92.618,11.5725],[92.6182,11.5765],[92.617,11.5823],[92.6113,11.5882]]],[[[92.5402,11.605],[92.5362,11.6083],[92.5324,11.6027],[92.532,11.5999],[92.528,11.5963],[92.5273,11.5892],[92.5284,11.5864],[92.5316,11.5858],[92.5319,11.5804],[92.529,11.5821],[92.5268,11.5815],[92.5308,11.5764],[92.5287,11.5726],[92.5327,11.5701],[92.5343,11.5677],[92.5273,11.5593],[92.5268,11.5537],[92.5358,11.5584],[92.5367,11.5606],[92.5401,11.5623],[92.5443,11.5613],[92.5467,11.5574],[92.5541,11.558],[92.5547,11.5617],[92.5614,11.5714],[92.5657,11.5737],[92.5625,11.5776],[92.5617,11.5807],[92.5624,11.5851],[92.5662,11.5866],[92.5689,11.5847],[92.5716,11.5878],[92.5703,11.5925],[92.5662,11.5932],[92.5617,11.5963],[92.5583,11.5936],[92.5541,11.5941],[92.5527,11.5919],[92.5478,11.5933],[92.5492,11.5964],[92.5492,11.6005],[92.5467,11.6044],[92.5426,11.6064],[92.5402,11.605]]],[[[92.6975,11.6639],[92.6949,11.6633],[92.6935,11.6595],[92.7002,11.6599],[92.6999,11.6634],[92.6975,11.6639]]],[[[92.7626,11.6729],[92.7653,11.6803],[92.7581,11.6782],[92.7598,11.6749],[92.7626,11.6729]]],[[[93.0851,11.7831],[93.086,11.7882],[93.0816,11.7897],[93.0785,11.7877],[93.0759,11.7825],[93.0764,11.7801],[93.0805,11.778],[93.0828,11.7792],[93.0851,11.7831]]],[[[93.0122,11.8516],[93.0107,11.8514],[93.0099,11.837],[93.0151,11.8286],[93.023,11.826],[93.0283,11.8209],[93.0342,11.8176],[93.0354,11.8136],[93.0403,11.8123],[93.0443,11.8095],[93.0549,11.8125],[93.0589,11.8143],[93.062,11.8175],[93.0636,11.8215],[93.0679,11.8271],[93.0715,11.8341],[93.0718,11.8362],[93.069,11.8427],[93.0586,11.8461],[93.0515,11.8456],[93.0453,11.8442],[93.0395,11.8439],[93.0368,11.8403],[93.0313,11.8407],[93.0295,11.8421],[93.0224,11.8435],[93.0168,11.8466],[93.0153,11.8497],[93.0122,11.8516]]],[[[92.6059,11.9662],[92.6043,11.963],[92.6065,11.9595],[92.6086,11.9612],[92.6078,11.9658],[92.6059,11.9662]]],[[[92.7282,11.9465],[92.7285,11.9526],[92.7312,11.9543],[92.7322,11.9599],[92.7257,11.9566],[92.7254,11.9527],[92.7231,11.9468],[92.725,11.9416],[92.7308,11.9447],[92.7282,11.9465]]],[[[92.5965,11.9768],[92.5921,11.9784],[92.5868,11.9773],[92.5864,11.9746],[92.5868,11.9667],[92.5901,11.9592],[92.5923,11.9567],[92.5912,11.95],[92.5931,11.9483],[92.5947,11.9433],[92.5936,11.9385],[92.5943,11.9261],[92.5975,11.925],[92.5999,11.9276],[92.6008,11.9342],[92.6078,11.9403],[92.6081,11.9432],[92.6059,11.9449],[92.606,11.9513],[92.6045,11.9525],[92.6038,11.9586],[92.6019,11.9641],[92.6041,11.9699],[92.6031,11.9758],[92.5973,11.9758],[92.5965,11.9768]]],[[[92.583,11.9825],[92.5809,11.9817],[92.5803,11.9777],[92.5838,11.9768],[92.583,11.9825]]],[[[92.7661,11.9677],[92.7577,11.9685],[92.7547,11.968],[92.7484,11.969],[92.7488,11.9638],[92.7455,11.9619],[92.7422,11.9629],[92.7382,11.9617],[92.7348,11.9534],[92.741,11.95],[92.7417,11.9468],[92.7442,11.9449],[92.7489,11.9446],[92.7521,11.9455],[92.7582,11.9447],[92.7652,11.9519],[92.7695,11.9517],[92.7659,11.9621],[92.7673,11.9658],[92.7661,11.9677]]],[[[92.7415,11.9966],[92.7385,11.9973],[92.7364,11.9943],[92.7375,11.9892],[92.7349,11.9841],[92.7331,11.9841],[92.7321,11.9791],[92.7362,11.9773],[92.7432,11.9832],[92.7454,11.9784],[92.7492,11.9768],[92.7529,11.9807],[92.758,11.9827],[92.7568,11.9863],[92.7588,11.9891],[92.757,11.9929],[92.7518,11.9937],[92.7468,11.991],[92.742,11.9911],[92.7415,11.9966]]],[[[92.772,12.0189],[92.77,12.0171],[92.7703,12.0124],[92.7745,12.0124],[92.7764,12.0158],[92.772,12.0189]]],[[[92.7467,12.0549],[92.7444,12.0562],[92.7412,12.063],[92.7379,12.0656],[92.7352,12.0646],[92.7379,12.0611],[92.7388,12.0558],[92.7366,12.0538],[92.7335,12.057],[92.7335,12.0601],[92.7276,12.0588],[92.7261,12.057],[92.7283,12.0533],[92.7286,12.0484],[92.7298,12.0467],[92.7307,12.0391],[92.7302,12.0374],[92.7396,12.0337],[92.7383,12.0378],[92.7414,12.0377],[92.7421,12.0341],[92.7466,12.0339],[92.7451,12.0273],[92.7464,12.0251],[92.75,12.027],[92.7566,12.0253],[92.7555,12.0229],[92.7611,12.0192],[92.7657,12.0224],[92.7676,12.0254],[92.7737,12.0226],[92.7784,12.0258],[92.7745,12.0321],[92.7769,12.0358],[92.778,12.04],[92.782,12.0439],[92.7817,12.0469],[92.7774,12.0502],[92.7747,12.0493],[92.7716,12.0461],[92.7667,12.0459],[92.764,12.0476],[92.7645,12.0514],[92.7596,12.0507],[92.7607,12.054],[92.7467,12.0549]]],[[[92.964,12.0501],[92.9617,12.0453],[92.9618,12.0389],[92.9601,12.0312],[92.9561,12.0246],[92.9502,12.0172],[92.9489,12.0132],[92.9458,12.0101],[92.9369,12.0069],[92.9331,12.0071],[92.9277,12.0054],[92.923,11.9984],[92.9256,11.9943],[92.929,11.9917],[92.9309,11.9848],[92.9345,11.9828],[92.947,11.9844],[92.9569,11.9816],[92.9593,11.9801],[92.966,11.959],[92.9699,11.9513],[92.971,11.948],[92.976,11.9452],[92.981,11.945],[92.9854,11.9433],[92.9874,11.9462],[92.9933,11.9475],[92.9972,11.9472],[92.9905,11.9424],[92.9932,11.9336],[92.9975,11.9309],[93.0023,11.9298],[93.0042,11.9281],[93.0066,11.9233],[93.0106,11.9182],[93.0127,11.9126],[93.0148,11.9113],[93.0169,11.9065],[93.0202,11.8966],[93.0226,11.8925],[93.0238,11.8876],[93.0264,11.8848],[93.0331,11.8818],[93.0376,11.8814],[93.0445,11.884],[93.0508,11.8915],[93.0537,11.8971],[93.0537,11.9043],[93.0511,11.9095],[93.0508,11.9136],[93.0484,11.9183],[93.0496,11.9215],[93.0453,11.9345],[93.041,11.9412],[93.0391,11.9456],[93.0394,11.9483],[93.0306,11.9502],[93.0283,11.9515],[93.0271,11.9584],[93.0273,11.9648],[93.0251,11.969],[93.027,11.97],[93.0283,11.9748],[93.0245,11.9747],[93.0224,11.9728],[93.0167,11.9802],[93.0171,11.9825],[93.0133,11.9908],[93.0153,11.9971],[93.0124,11.9991],[93.0086,11.9989],[93.0071,12.003],[93.008,12.0084],[93.0128,12.0052],[93.014,12.0087],[93.0165,12.0115],[93.0139,12.0228],[93.015,12.0263],[93.0109,12.0271],[93.0101,12.0314],[93.0057,12.0316],[93.0031,12.0339],[92.9987,12.0345],[92.9927,12.0377],[92.9892,12.0367],[92.9856,12.0388],[92.9827,12.0425],[92.9791,12.0417],[92.9735,12.0427],[92.972,12.0392],[92.9743,12.037],[92.972,12.0347],[92.9678,12.0336],[92.9655,12.0413],[92.9658,12.0448],[92.964,12.0501]]],[[[92.7415,12.0691],[92.7407,12.0711],[92.737,12.0693],[92.7368,12.0666],[92.7413,12.0636],[92.7437,12.0602],[92.7443,12.0569],[92.7472,12.0553],[92.754,12.0581],[92.7565,12.0618],[92.7567,12.0642],[92.7537,12.068],[92.75,12.0704],[92.744,12.0715],[92.7415,12.0691]]],[[[92.99,12.1098],[92.9834,12.1091],[92.9805,12.1067],[92.9745,12.1059],[92.9729,12.1045],[92.9692,12.1051],[92.9653,12.11],[92.9578,12.108],[92.9595,12.1017],[92.9595,12.0984],[92.9579,12.096],[92.9589,12.0929],[92.9575,12.0873],[92.9598,12.0872],[92.9612,12.0929],[92.9644,12.0889],[92.9679,12.0904],[92.9695,12.0867],[92.9634,12.0856],[92.9606,12.0832],[92.9564,12.0813],[92.9566,12.078],[92.9585,12.0756],[92.9565,12.0732],[92.9571,12.07],[92.9688,12.0667],[92.9785,12.0545],[92.9778,12.0517],[92.9834,12.0496],[92.9902,12.0441],[92.9963,12.0443],[93,12.0485],[93.0012,12.0541],[92.9997,12.0583],[93.0021,12.0613],[92.9988,12.0639],[93.0002,12.0675],[92.9983,12.0716],[93.0007,12.0746],[92.9985,12.077],[92.9993,12.0837],[93.0029,12.0939],[93.0032,12.0978],[93.0051,12.0995],[93.0042,12.104],[92.999,12.1058],[92.9916,12.1072],[92.99,12.1098]]],[[[92.9475,12.1165],[92.9459,12.1162],[92.948,12.11],[92.9468,12.099],[92.948,12.0852],[92.9511,12.0813],[92.952,12.0858],[92.9508,12.0909],[92.9546,12.0938],[92.9571,12.0983],[92.9567,12.1023],[92.9536,12.1105],[92.9506,12.1144],[92.9475,12.1165]]],[[[92.9907,12.1584],[92.9891,12.1601],[92.9848,12.1532],[92.9717,12.1509],[92.9669,12.1516],[92.9643,12.1506],[92.9615,12.1518],[92.9558,12.1493],[92.9538,12.1459],[92.954,12.1397],[92.9557,12.1339],[92.9579,12.1321],[92.9612,12.1221],[92.9658,12.1177],[92.9735,12.1177],[92.9749,12.1142],[92.9801,12.1113],[92.9892,12.1123],[92.9923,12.1138],[92.9997,12.1109],[93.0026,12.1122],[93.0031,12.1169],[93.001,12.1189],[93.001,12.1219],[92.9991,12.1233],[92.9972,12.1278],[92.9949,12.1302],[92.9947,12.1339],[92.9932,12.1362],[92.9954,12.1406],[92.996,12.1471],[92.9948,12.1561],[92.9935,12.155],[92.9944,12.1508],[92.9935,12.1487],[92.9902,12.1488],[92.9882,12.1561],[92.9907,12.1584]]],[[[93.125,12.1521],[93.1242,12.1531],[93.1153,12.1495],[93.1148,12.1472],[93.1111,12.1467],[93.1086,12.1449],[93.1082,12.1403],[93.1106,12.1379],[93.1096,12.1333],[93.1115,12.1298],[93.115,12.1288],[93.1177,12.1299],[93.1211,12.1363],[93.1222,12.1409],[93.1213,12.1438],[93.1237,12.1476],[93.125,12.1521]]],[[[92.729,12.1844],[92.7303,12.188],[92.7287,12.1891],[92.7245,12.1858],[92.7251,12.1841],[92.729,12.1844]]],[[[93.0284,12.1666],[93.0242,12.1679],[93.0225,12.1645],[93.0185,12.1622],[93.015,12.1581],[93.0162,12.1556],[93.0122,12.1535],[93.0092,12.1547],[93.0072,12.1489],[93.0031,12.1465],[93.0019,12.1383],[92.9987,12.1389],[92.9977,12.1344],[92.9954,12.1315],[92.9999,12.1241],[93.0026,12.1212],[93.0038,12.1175],[93.0028,12.112],[93,12.1094],[93.0059,12.1081],[93.0075,12.1028],[93.0074,12.0985],[93.0056,12.0927],[93.0059,12.0879],[93.0046,12.0829],[93.0045,12.0783],[93.0063,12.0748],[93.0104,12.0702],[93.022,12.0685],[93.0252,12.0643],[93.0293,12.0643],[93.0312,12.0606],[93.0318,12.0567],[93.0352,12.0524],[93.0367,12.0471],[93.0399,12.0425],[93.0461,12.0432],[93.0481,12.0446],[93.0533,12.0541],[93.053,12.0579],[93.0553,12.0622],[93.0538,12.072],[93.0535,12.0791],[93.0423,12.09],[93.0335,12.1012],[93.0317,12.1108],[93.0328,12.1209],[93.0354,12.1238],[93.0305,12.1301],[93.0299,12.1347],[93.0248,12.1407],[93.0275,12.1425],[93.026,12.1474],[93.0275,12.1599],[93.0287,12.1627],[93.0284,12.1666]]],[[[92.6817,12.2146],[92.6825,12.217],[92.681,12.2234],[92.6789,12.2193],[92.6817,12.2146]]],[[[92.6963,12.2389],[92.6931,12.239],[92.6899,12.2355],[92.6878,12.2352],[92.6836,12.2202],[92.6859,12.2161],[92.6861,12.2135],[92.6826,12.2122],[92.6782,12.212],[92.6782,12.2046],[92.677,12.1919],[92.6749,12.1917],[92.6744,12.199],[92.6761,12.2038],[92.6764,12.2161],[92.6727,12.2168],[92.6718,12.213],[92.6688,12.2084],[92.6685,12.2057],[92.6644,12.2023],[92.6611,12.1925],[92.6585,12.1872],[92.6566,12.1808],[92.6527,12.1818],[92.6546,12.189],[92.6579,12.1977],[92.6596,12.2001],[92.6644,12.2157],[92.667,12.2186],[92.6641,12.2218],[92.6604,12.2149],[92.6561,12.2055],[92.6552,12.2002],[92.6524,12.1927],[92.6483,12.1838],[92.6445,12.1786],[92.6436,12.1718],[92.6417,12.1682],[92.6394,12.1545],[92.6353,12.1429],[92.6336,12.1407],[92.6337,12.1376],[92.6306,12.1252],[92.6311,12.1218],[92.6297,12.1177],[92.6272,12.1142],[92.6273,12.1118],[92.6239,12.1075],[92.622,12.1014],[92.6219,12.0925],[92.6196,12.086],[92.6197,12.079],[92.6187,12.0688],[92.6193,12.0635],[92.6249,12.0595],[92.6236,12.0539],[92.6217,12.0517],[92.6221,12.0485],[92.6252,12.0471],[92.6282,12.043],[92.6275,12.0415],[92.6204,12.0386],[92.6217,12.0368],[92.6209,12.0304],[92.6239,12.0276],[92.6207,12.0247],[92.6171,12.0237],[92.6178,12.021],[92.6154,12.0102],[92.6143,12.0084],[92.6128,12.0007],[92.6132,11.9948],[92.6112,11.9885],[92.6105,11.9777],[92.6104,11.9703],[92.6111,11.9648],[92.6103,11.9593],[92.6071,11.9584],[92.6058,11.9557],[92.6082,11.9517],[92.6076,11.9467],[92.6104,11.9438],[92.6082,11.9368],[92.6076,11.9298],[92.6032,11.9251],[92.5995,11.9231],[92.5977,11.9187],[92.5926,11.9185],[92.5939,11.9124],[92.5941,11.9063],[92.5987,11.9045],[92.5986,11.9107],[92.6015,11.91],[92.6066,11.9145],[92.6098,11.9095],[92.6077,11.9077],[92.6093,11.9051],[92.6083,11.8925],[92.6092,11.8864],[92.6063,11.8812],[92.6034,11.8841],[92.6003,11.8789],[92.6022,11.8739],[92.5999,11.8689],[92.6001,11.8661],[92.6032,11.8632],[92.6051,11.8582],[92.6027,11.8581],[92.5992,11.8657],[92.5991,11.8685],[92.6008,11.8733],[92.5992,11.8793],[92.601,11.8856],[92.6005,11.8982],[92.5973,11.8964],[92.5933,11.8962],[92.5918,11.8915],[92.5915,11.8871],[92.5884,11.886],[92.5856,11.8876],[92.5837,11.8928],[92.585,11.8955],[92.5847,11.9002],[92.5813,11.9062],[92.5851,11.9114],[92.5818,11.9133],[92.5824,11.9188],[92.5811,11.9195],[92.5808,11.9303],[92.575,11.9288],[92.5709,11.9316],[92.5718,11.9361],[92.5699,11.9431],[92.5689,11.951],[92.563,11.95],[92.5621,11.9465],[92.5571,11.938],[92.5477,11.9284],[92.5469,11.9308],[92.5434,11.9321],[92.5403,11.931],[92.5425,11.9275],[92.5395,11.9232],[92.5382,11.9178],[92.535,11.9187],[92.5327,11.9131],[92.5343,11.9085],[92.5341,11.9036],[92.5323,11.9019],[92.5265,11.9041],[92.5224,11.9023],[92.5202,11.8986],[92.5215,11.8948],[92.5177,11.891],[92.5226,11.8783],[92.5224,11.8745],[92.5175,11.8768],[92.514,11.8724],[92.5114,11.8654],[92.514,11.8618],[92.5114,11.8598],[92.511,11.8573],[92.5082,11.8563],[92.5095,11.8522],[92.5071,11.8505],[92.5069,11.8458],[92.512,11.8438],[92.5129,11.8412],[92.511,11.8378],[92.507,11.8352],[92.5061,11.8234],[92.5083,11.8173],[92.508,11.8153],[92.5121,11.8123],[92.5145,11.807],[92.5183,11.8066],[92.5201,11.8103],[92.5233,11.8072],[92.5263,11.8114],[92.5255,11.8132],[92.528,11.8217],[92.5272,11.8257],[92.5299,11.829],[92.531,11.8339],[92.5329,11.8344],[92.5359,11.8395],[92.5405,11.839],[92.5467,11.8294],[92.539,11.8236],[92.5363,11.8148],[92.5314,11.8075],[92.5338,11.8059],[92.5344,11.8031],[92.5376,11.8036],[92.5398,11.8013],[92.5356,11.7987],[92.5324,11.7998],[92.5325,11.7956],[92.5297,11.7953],[92.5309,11.7915],[92.534,11.7906],[92.5376,11.7927],[92.5385,11.7888],[92.5407,11.7855],[92.5434,11.7891],[92.5419,11.7923],[92.5439,11.7962],[92.5485,11.8009],[92.5501,11.7996],[92.5492,11.7915],[92.5491,11.7793],[92.5517,11.7722],[92.556,11.7708],[92.5529,11.7677],[92.5506,11.7637],[92.5517,11.7608],[92.5502,11.7586],[92.5505,11.7514],[92.5516,11.7498],[92.5507,11.7457],[92.5525,11.7407],[92.5504,11.7363],[92.5501,11.7302],[92.552,11.7241],[92.5502,11.7195],[92.5532,11.7149],[92.5523,11.7119],[92.5545,11.7108],[92.5534,11.7076],[92.5557,11.7043],[92.5588,11.6967],[92.5581,11.6923],[92.5637,11.6911],[92.5663,11.6925],[92.5684,11.6969],[92.5713,11.6973],[92.5722,11.7077],[92.5736,11.7147],[92.5796,11.7164],[92.5867,11.7167],[92.5911,11.7132],[92.5942,11.7089],[92.5922,11.7043],[92.5957,11.697],[92.5953,11.6941],[92.5989,11.6896],[92.5974,11.6845],[92.5982,11.6828],[92.5949,11.6761],[92.5947,11.6736],[92.5912,11.6724],[92.5903,11.6666],[92.5935,11.6658],[92.594,11.6633],[92.5981,11.6554],[92.5969,11.6515],[92.5982,11.6485],[92.6034,11.6446],[92.6074,11.6372],[92.607,11.6347],[92.6123,11.6351],[92.617,11.6329],[92.6202,11.633],[92.6261,11.628],[92.6304,11.6283],[92.6308,11.6344],[92.632,11.6372],[92.6295,11.6496],[92.6348,11.6485],[92.6371,11.6458],[92.634,11.6401],[92.6333,11.6363],[92.6357,11.6322],[92.6401,11.639],[92.6426,11.639],[92.6444,11.6362],[92.6446,11.6318],[92.6431,11.6247],[92.6408,11.6205],[92.6352,11.6157],[92.6298,11.6192],[92.6289,11.6262],[92.6253,11.6245],[92.6242,11.6181],[92.6205,11.6191],[92.6178,11.6213],[92.6111,11.6217],[92.6083,11.6207],[92.6085,11.6158],[92.6053,11.6103],[92.6018,11.6086],[92.6021,11.605],[92.6041,11.6023],[92.6074,11.6007],[92.6068,11.5971],[92.6045,11.5932],[92.6084,11.5933],[92.6134,11.5878],[92.6171,11.5864],[92.6192,11.5808],[92.6199,11.5766],[92.6193,11.5715],[92.6167,11.5667],[92.6165,11.5634],[92.6202,11.5612],[92.6277,11.5723],[92.6311,11.5744],[92.6313,11.5792],[92.6371,11.5774],[92.6369,11.5751],[92.6448,11.5728],[92.6432,11.5644],[92.6414,11.5611],[92.6427,11.5566],[92.6485,11.5498],[92.6456,11.5428],[92.6428,11.5401],[92.6427,11.5337],[92.6455,11.5222],[92.6511,11.5168],[92.658,11.5127],[92.6627,11.5063],[92.6675,11.5018],[92.6714,11.5017],[92.6785,11.5043],[92.6822,11.5068],[92.6811,11.509],[92.684,11.5106],[92.6869,11.5065],[92.6925,11.5038],[92.6972,11.5054],[92.6953,11.4992],[92.6987,11.4945],[92.7047,11.4922],[92.7076,11.4895],[92.7054,11.4858],[92.7074,11.4811],[92.7113,11.4845],[92.7108,11.4876],[92.7129,11.4894],[92.7166,11.5028],[92.7213,11.5092],[92.723,11.5133],[92.7267,11.5174],[92.7231,11.5273],[92.7233,11.5324],[92.726,11.5366],[92.7311,11.5423],[92.7313,11.547],[92.7339,11.5528],[92.7297,11.5577],[92.7326,11.5599],[92.7342,11.5642],[92.7375,11.5648],[92.739,11.5678],[92.7396,11.5775],[92.7414,11.5788],[92.7437,11.5898],[92.7414,11.5924],[92.7444,11.5982],[92.7476,11.6005],[92.748,11.6041],[92.7498,11.6055],[92.7535,11.6136],[92.7514,11.6276],[92.7517,11.6322],[92.7486,11.6393],[92.7458,11.6422],[92.7471,11.644],[92.7515,11.6437],[92.7548,11.6464],[92.7567,11.6512],[92.7566,11.6565],[92.7531,11.6585],[92.756,11.665],[92.7521,11.6684],[92.7473,11.6684],[92.7489,11.6742],[92.7472,11.6767],[92.7428,11.676],[92.7373,11.6779],[92.7346,11.6775],[92.7349,11.6732],[92.7328,11.6719],[92.7299,11.6737],[92.7308,11.6814],[92.7268,11.6813],[92.7209,11.6833],[92.7181,11.6816],[92.7141,11.6759],[92.7165,11.6705],[92.7156,11.6653],[92.7193,11.6623],[92.7275,11.6609],[92.7282,11.6582],[92.7217,11.6557],[92.7189,11.653],[92.7106,11.653],[92.7084,11.6511],[92.7113,11.6444],[92.7067,11.6432],[92.705,11.6486],[92.7005,11.6545],[92.6941,11.6517],[92.6979,11.6495],[92.6998,11.6408],[92.6982,11.6385],[92.6932,11.6389],[92.6917,11.6335],[92.694,11.629],[92.6937,11.6248],[92.6949,11.6224],[92.6962,11.6149],[92.6928,11.6111],[92.6936,11.6093],[92.6902,11.606],[92.6872,11.6065],[92.6886,11.6125],[92.6927,11.612],[92.6949,11.6164],[92.6943,11.6204],[92.6906,11.6274],[92.6888,11.6255],[92.6866,11.6282],[92.6835,11.6271],[92.6813,11.6293],[92.6769,11.6283],[92.6742,11.6239],[92.6723,11.6287],[92.6675,11.6364],[92.6681,11.6408],[92.6644,11.6467],[92.6651,11.6548],[92.6709,11.6532],[92.6768,11.6529],[92.6827,11.6509],[92.6856,11.6563],[92.683,11.6587],[92.6854,11.663],[92.6883,11.663],[92.6915,11.6654],[92.7001,11.6663],[92.7063,11.6688],[92.7074,11.6722],[92.7026,11.6722],[92.6999,11.6767],[92.7035,11.6826],[92.7028,11.6879],[92.7009,11.6919],[92.7021,11.697],[92.7057,11.7001],[92.7032,11.7021],[92.7029,11.7071],[92.7069,11.7031],[92.7066,11.6993],[92.7103,11.6934],[92.7139,11.6978],[92.7132,11.7022],[92.7155,11.7054],[92.7188,11.7037],[92.7211,11.6972],[92.7288,11.6983],[92.7348,11.6941],[92.7381,11.6899],[92.7426,11.6896],[92.7454,11.6924],[92.7445,11.6956],[92.7446,11.7014],[92.742,11.708],[92.7434,11.7115],[92.7463,11.7111],[92.75,11.7038],[92.7535,11.7],[92.7558,11.7034],[92.7568,11.7113],[92.7542,11.7162],[92.756,11.7198],[92.7552,11.7251],[92.7578,11.7285],[92.7582,11.7369],[92.7608,11.7387],[92.7604,11.7442],[92.7645,11.7507],[92.7647,11.7567],[92.7632,11.7611],[92.7647,11.7638],[92.7636,11.7676],[92.7677,11.7728],[92.7676,11.7767],[92.7661,11.7798],[92.7695,11.7839],[92.7702,11.7904],[92.7688,11.7938],[92.7686,11.7993],[92.7715,11.8052],[92.7738,11.8125],[92.7735,11.8165],[92.7755,11.8209],[92.7751,11.8251],[92.7772,11.8277],[92.7755,11.8348],[92.7775,11.837],[92.7769,11.84],[92.78,11.8445],[92.7794,11.8489],[92.7833,11.8506],[92.7848,11.854],[92.7831,11.8564],[92.7828,11.8598],[92.7851,11.8651],[92.7849,11.868],[92.7863,11.8726],[92.7851,11.8813],[92.788,11.8841],[92.782,11.8874],[92.7791,11.8916],[92.78,11.8964],[92.7874,11.9009],[92.7831,11.906],[92.7843,11.9111],[92.786,11.9134],[92.7879,11.9195],[92.7863,11.923],[92.7871,11.9259],[92.7839,11.9275],[92.7818,11.9309],[92.7827,11.9369],[92.779,11.9365],[92.7754,11.9387],[92.7697,11.9402],[92.7664,11.9388],[92.7637,11.9406],[92.7582,11.9371],[92.7567,11.9349],[92.75,11.9323],[92.7485,11.9335],[92.7443,11.9321],[92.7413,11.9264],[92.7398,11.9206],[92.7359,11.9166],[92.7313,11.9047],[92.7299,11.8968],[92.7309,11.8919],[92.7295,11.885],[92.7306,11.8775],[92.7318,11.8762],[92.7296,11.8719],[92.7297,11.8632],[92.7286,11.8597],[92.7302,11.8566],[92.7254,11.8488],[92.7255,11.8461],[92.7239,11.8416],[92.7183,11.8318],[92.7177,11.8263],[92.7156,11.8231],[92.711,11.8189],[92.7084,11.8141],[92.7048,11.8127],[92.6979,11.8125],[92.6923,11.811],[92.6899,11.8162],[92.6947,11.8159],[92.7009,11.8142],[92.7058,11.8164],[92.7112,11.8225],[92.7141,11.8289],[92.7148,11.8327],[92.7185,11.84],[92.7203,11.848],[92.7221,11.8495],[92.7242,11.8566],[92.7252,11.8639],[92.7235,11.8721],[92.7235,11.8766],[92.7223,11.8795],[92.7233,11.8822],[92.7242,11.8912],[92.7236,11.8942],[92.7251,11.8973],[92.7249,11.9004],[92.7225,11.9048],[92.7241,11.9092],[92.7228,11.9124],[92.7234,11.9159],[92.7222,11.9182],[92.724,11.9264],[92.7227,11.9322],[92.7198,11.9347],[92.7128,11.9342],[92.7143,11.9377],[92.7172,11.9398],[92.7153,11.9463],[92.717,11.9479],[92.7143,11.9519],[92.7158,11.9531],[92.7181,11.9592],[92.7177,11.9618],[92.7214,11.9628],[92.7242,11.965],[92.7236,11.9674],[92.7316,11.9713],[92.7298,11.9753],[92.7239,11.9782],[92.7219,11.9811],[92.725,11.9821],[92.7277,11.987],[92.7285,11.9928],[92.7274,11.9957],[92.7307,11.9983],[92.7333,11.9986],[92.7412,11.9972],[92.7443,11.9949],[92.7465,11.9963],[92.75,11.9955],[92.7557,11.9957],[92.7596,11.9949],[92.7631,11.9888],[92.7667,11.9895],[92.7658,11.9939],[92.7704,11.9977],[92.7659,12.0049],[92.7662,12.0121],[92.7626,12.0118],[92.7577,12.0088],[92.7558,12.0033],[92.7528,12.0039],[92.7509,12.0082],[92.7506,12.0127],[92.7515,12.016],[92.7496,12.0173],[92.7434,12.0174],[92.7382,12.012],[92.7381,12.0161],[92.7394,12.0185],[92.7347,12.0196],[92.731,12.0185],[92.7317,12.0231],[92.7386,12.0243],[92.74,12.0286],[92.7361,12.0287],[92.7367,12.0331],[92.7326,12.0341],[92.7327,12.036],[92.7287,12.0369],[92.7302,12.0392],[92.7294,12.0462],[92.7281,12.0486],[92.7273,12.0543],[92.7248,12.0541],[92.7265,12.0591],[92.7332,12.0614],[92.7361,12.055],[92.7382,12.0572],[92.7336,12.0653],[92.7356,12.0667],[92.736,12.0704],[92.7397,12.072],[92.7394,12.0746],[92.7361,12.0793],[92.7346,12.0833],[92.7335,12.0893],[92.7332,12.0962],[92.7347,12.0997],[92.7339,12.1032],[92.7372,12.1126],[92.7429,12.1201],[92.7435,12.1273],[92.7447,12.1312],[92.7478,12.1367],[92.7534,12.1533],[92.7535,12.1589],[92.7566,12.1632],[92.7559,12.1671],[92.7566,12.1762],[92.751,12.1806],[92.7475,12.1773],[92.7431,12.1802],[92.7362,12.1821],[92.7308,12.1816],[92.7216,12.1775],[92.717,12.1765],[92.717,12.1746],[92.7135,12.1658],[92.7082,12.1638],[92.7119,12.1714],[92.7113,12.1742],[92.7039,12.1659],[92.7028,12.1692],[92.7042,12.1788],[92.7078,12.1873],[92.7118,12.1906],[92.705,12.1976],[92.7073,12.1991],[92.7094,12.2109],[92.7089,12.2162],[92.7061,12.2188],[92.7053,12.2279],[92.7031,12.2321],[92.7002,12.2333],[92.6987,12.238],[92.6963,12.2389]]],[[[92.7348,12.2396],[92.7293,12.2426],[92.7236,12.2385],[92.7239,12.2353],[92.7209,12.2332],[92.7206,12.2296],[92.7221,12.2233],[92.7239,12.2213],[92.7218,12.2182],[92.7215,12.2137],[92.7234,12.2073],[92.7213,12.2052],[92.7227,12.2021],[92.7208,12.1973],[92.7208,12.1937],[92.7225,12.1883],[92.7267,12.19],[92.7292,12.1929],[92.7323,12.1848],[92.7355,12.1839],[92.7423,12.1835],[92.7466,12.1802],[92.7496,12.1841],[92.7523,12.1821],[92.7542,12.1831],[92.7633,12.1819],[92.7665,12.1884],[92.7647,12.1915],[92.7676,12.2006],[92.762,12.2092],[92.7617,12.2163],[92.7623,12.2217],[92.762,12.229],[92.7536,12.2307],[92.75,12.2292],[92.7484,12.2305],[92.7439,12.2303],[92.7422,12.2334],[92.7385,12.2348],[92.7368,12.2282],[92.7384,12.2258],[92.744,12.2229],[92.7429,12.2198],[92.7392,12.223],[92.7346,12.2187],[92.7323,12.2097],[92.7295,12.2144],[92.7306,12.2193],[92.729,12.2223],[92.7299,12.2315],[92.7348,12.2396]]],[[[93.0823,12.0788],[93.0873,12.082],[93.0888,12.0873],[93.0964,12.0918],[93.098,12.0974],[93.0971,12.1019],[93.0985,12.111],[93.0984,12.1206],[93.1016,12.1288],[93.1002,12.136],[93.0966,12.1389],[93.0906,12.1301],[93.0925,12.126],[93.0884,12.1257],[93.0877,12.1286],[93.0899,12.1342],[93.092,12.1359],[93.0931,12.1401],[93.0969,12.1421],[93.096,12.1518],[93.0936,12.1545],[93.088,12.1536],[93.086,12.1563],[93.0874,12.1584],[93.0873,12.1628],[93.0909,12.1698],[93.0921,12.1806],[93.0918,12.1827],[93.088,12.1872],[93.0879,12.1951],[93.0827,12.1997],[93.0797,12.1989],[93.0771,12.2032],[93.0788,12.2045],[93.0784,12.209],[93.0699,12.2117],[93.0666,12.2117],[93.0643,12.209],[93.0622,12.2035],[93.0561,12.1942],[93.0511,12.1831],[93.047,12.1707],[93.0448,12.1652],[93.042,12.1609],[93.0373,12.1446],[93.0376,12.1409],[93.0362,12.1386],[93.0353,12.1321],[93.0381,12.1262],[93.0403,12.1248],[93.044,12.1252],[93.0481,12.1156],[93.0484,12.1118],[93.0568,12.0971],[93.0621,12.0934],[93.0637,12.091],[93.0684,12.088],[93.0754,12.0777],[93.0772,12.0769],[93.0823,12.0788]]],[[[92.9343,12.2259],[92.9292,12.2242],[92.926,12.2221],[92.9235,12.2129],[92.9246,12.2062],[92.9298,12.2045],[92.9314,12.2028],[92.9319,12.1987],[92.9338,12.1977],[92.9356,12.2025],[92.9351,12.2097],[92.9384,12.2115],[92.9407,12.216],[92.9401,12.2206],[92.9386,12.2239],[92.9343,12.2259]]],[[[92.6983,12.2436],[92.6983,12.2481],[92.6948,12.2472],[92.6983,12.2436]]],[[[92.8658,12.25],[92.8616,12.248],[92.8609,12.243],[92.8623,12.2388],[92.8661,12.2366],[92.8664,12.2422],[92.8688,12.2484],[92.8658,12.25]]],[[[92.9007,12.2641],[92.8979,12.2656],[92.8961,12.264],[92.8952,12.2579],[92.8918,12.2523],[92.8871,12.2527],[92.8843,12.249],[92.8844,12.2394],[92.8823,12.2376],[92.8791,12.2383],[92.8788,12.2461],[92.878,12.2483],[92.8726,12.2486],[92.8697,12.2448],[92.869,12.2374],[92.8703,12.2336],[92.8737,12.2292],[92.8736,12.2246],[92.8746,12.2181],[92.8772,12.2095],[92.881,12.2097],[92.8821,12.2125],[92.8818,12.217],[92.886,12.2178],[92.8869,12.2196],[92.8848,12.2251],[92.8906,12.231],[92.8931,12.2312],[92.8956,12.2272],[92.9017,12.2255],[92.9062,12.2281],[92.9079,12.2311],[92.91,12.2213],[92.9128,12.2202],[92.9128,12.2262],[92.9138,12.2311],[92.9113,12.2377],[92.909,12.2411],[92.9091,12.2433],[92.9042,12.2482],[92.9041,12.253],[92.9024,12.2535],[92.9008,12.259],[92.9007,12.2641]]],[[[92.7486,12.2879],[92.7454,12.2875],[92.7428,12.2822],[92.7386,12.2816],[92.7392,12.2768],[92.7371,12.2758],[92.7343,12.2701],[92.7389,12.2703],[92.7377,12.2659],[92.7356,12.2639],[92.7339,12.2548],[92.7347,12.2514],[92.7417,12.2555],[92.7433,12.2632],[92.7455,12.2681],[92.7449,12.2702],[92.7471,12.2807],[92.7483,12.2821],[92.7486,12.2879]]],[[[92.7352,12.2813],[92.737,12.2892],[92.7343,12.2875],[92.7352,12.2813]]],[[[92.8891,12.2774],[92.8843,12.2771],[92.884,12.2742],[92.8898,12.2725],[92.8891,12.2774]]],[[[92.7664,12.2724],[92.7664,12.279],[92.7673,12.285],[92.7638,12.2887],[92.7653,12.2924],[92.7602,12.2933],[92.756,12.2845],[92.7539,12.2833],[92.7523,12.2776],[92.758,12.2698],[92.7643,12.2656],[92.7664,12.2724]]],[[[92.7104,12.2971],[92.7065,12.2993],[92.7032,12.299],[92.703,12.294],[92.7016,12.2915],[92.7015,12.2865],[92.7025,12.283],[92.7021,12.2787],[92.6993,12.2756],[92.7023,12.2722],[92.6997,12.268],[92.6999,12.265],[92.7023,12.2578],[92.7028,12.2433],[92.7063,12.2409],[92.7092,12.2304],[92.7113,12.2364],[92.7109,12.241],[92.7129,12.2523],[92.7145,12.255],[92.7149,12.2617],[92.718,12.2642],[92.7155,12.2658],[92.7172,12.269],[92.7182,12.2756],[92.7211,12.2845],[92.721,12.2893],[92.723,12.2912],[92.7224,12.2959],[92.7184,12.2953],[92.7104,12.2971]]],[[[93.1043,12.264],[93.0995,12.2629],[93.0967,12.2578],[93.0954,12.25],[93.0908,12.2422],[93.0894,12.2437],[93.0855,12.2384],[93.0831,12.2404],[93.0859,12.2456],[93.0869,12.2551],[93.0865,12.257],[93.0806,12.2638],[93.0725,12.2623],[93.0699,12.2601],[93.0653,12.252],[93.0651,12.2404],[93.0622,12.2347],[93.062,12.229],[93.0632,12.2274],[93.0717,12.2249],[93.0754,12.2229],[93.0824,12.2171],[93.0844,12.2174],[93.0857,12.2254],[93.09,12.2249],[93.091,12.2212],[93.087,12.2176],[93.0872,12.2135],[93.0932,12.2085],[93.0949,12.2082],[93.0962,12.2038],[93.1001,12.2004],[93.1026,12.2026],[93.104,12.2085],[93.1051,12.2186],[93.1038,12.2295],[93.1041,12.233],[93.107,12.2393],[93.1074,12.2451],[93.1068,12.25],[93.1071,12.2561],[93.1065,12.2625],[93.1043,12.264]]],[[[92.7684,12.2886],[92.7711,12.2936],[92.7689,12.2945],[92.7661,12.29],[92.7684,12.2886]]],[[[92.8841,12.2904],[92.8806,12.2908],[92.8778,12.2882],[92.8769,12.2848],[92.8812,12.2816],[92.8834,12.2815],[92.8878,12.2847],[92.8869,12.2877],[92.8841,12.2904]]],[[[93.029,12.2779],[93.028,12.2802],[93.0233,12.2784],[93.0207,12.2757],[93.0244,12.2733],[93.0278,12.2752],[93.029,12.2779]]],[[[92.8817,12.2971],[92.8785,12.2999],[92.8761,12.2956],[92.8784,12.294],[92.8817,12.2971]]],[[[92.8105,12.313],[92.8017,12.3114],[92.8008,12.3082],[92.795,12.3036],[92.791,12.304],[92.7898,12.3074],[92.7835,12.3111],[92.7762,12.3099],[92.7708,12.313],[92.7686,12.3089],[92.7686,12.3042],[92.7672,12.3023],[92.7669,12.2975],[92.7697,12.2966],[92.7718,12.3019],[92.774,12.3018],[92.777,12.2965],[92.7741,12.295],[92.7788,12.2887],[92.7817,12.2866],[92.7789,12.2833],[92.7777,12.2793],[92.775,12.28],[92.7724,12.277],[92.771,12.2725],[92.766,12.2682],[92.7633,12.2636],[92.7575,12.2676],[92.7559,12.2699],[92.7494,12.2741],[92.7478,12.2669],[92.7484,12.2634],[92.7433,12.2516],[92.7419,12.2442],[92.7472,12.2438],[92.7464,12.2351],[92.7473,12.2333],[92.7514,12.2325],[92.7578,12.2348],[92.759,12.233],[92.7626,12.2334],[92.7643,12.2379],[92.7689,12.2393],[92.7682,12.2342],[92.7701,12.2319],[92.7675,12.2276],[92.7669,12.2237],[92.7636,12.2125],[92.764,12.209],[92.7687,12.2017],[92.7687,12.1992],[92.7656,12.1923],[92.7675,12.1897],[92.7666,12.1851],[92.7643,12.1818],[92.7644,12.1765],[92.7608,12.1687],[92.7612,12.1624],[92.7586,12.1594],[92.7567,12.1503],[92.758,12.1453],[92.7526,12.1394],[92.7505,12.135],[92.7483,12.1275],[92.7458,12.1242],[92.7453,12.1177],[92.7438,12.1121],[92.7405,12.1059],[92.7378,12.0985],[92.7379,12.0864],[92.7392,12.0797],[92.7423,12.0757],[92.7461,12.0742],[92.7575,12.0754],[92.7575,12.071],[92.7615,12.0648],[92.7641,12.0636],[92.7674,12.0675],[92.7711,12.0676],[92.7726,12.0697],[92.7721,12.0727],[92.7768,12.0729],[92.781,12.08],[92.7851,12.0783],[92.7884,12.0804],[92.7927,12.081],[92.7914,12.0871],[92.7945,12.0865],[92.7952,12.0904],[92.8003,12.0952],[92.7962,12.0965],[92.794,12.0986],[92.7873,12.101],[92.7864,12.1038],[92.7898,12.1045],[92.793,12.1035],[92.7988,12.1077],[92.8034,12.1041],[92.8089,12.1029],[92.8113,12.1067],[92.8146,12.1053],[92.8173,12.1149],[92.8135,12.1157],[92.8116,12.1191],[92.8075,12.1241],[92.8029,12.1263],[92.8042,12.1312],[92.811,12.1273],[92.8175,12.1259],[92.8167,12.134],[92.8153,12.1376],[92.8188,12.138],[92.8202,12.1424],[92.8187,12.1453],[92.8212,12.1499],[92.8248,12.1513],[92.8261,12.1547],[92.8248,12.1576],[92.8213,12.1583],[92.8223,12.1608],[92.8214,12.1648],[92.8231,12.1666],[92.8274,12.1633],[92.8296,12.1666],[92.8351,12.1669],[92.8363,12.1621],[92.8401,12.1591],[92.8442,12.1594],[92.846,12.1573],[92.8443,12.1536],[92.8442,12.1475],[92.8499,12.1535],[92.8542,12.1597],[92.8548,12.1644],[92.8501,12.1674],[92.8532,12.1691],[92.8544,12.1718],[92.8523,12.1777],[92.8549,12.1807],[92.8566,12.1864],[92.8539,12.1914],[92.8519,12.1918],[92.847,12.1893],[92.8472,12.1938],[92.8461,12.1977],[92.8532,12.2043],[92.8566,12.2006],[92.8622,12.2006],[92.8617,12.1972],[92.8654,12.1968],[92.8666,12.1942],[92.8722,12.1946],[92.8746,12.1923],[92.8803,12.1934],[92.8829,12.1977],[92.8827,12.2021],[92.8736,12.2043],[92.8722,12.2122],[92.8736,12.2134],[92.8719,12.2205],[92.8715,12.2255],[92.8688,12.2277],[92.8643,12.2345],[92.8615,12.2367],[92.8604,12.2414],[92.8581,12.2438],[92.8583,12.2474],[92.8652,12.2522],[92.8696,12.251],[92.8771,12.2512],[92.8844,12.2583],[92.8883,12.2588],[92.8913,12.2667],[92.8887,12.2697],[92.8861,12.2689],[92.8834,12.2626],[92.8817,12.2636],[92.8815,12.274],[92.8785,12.277],[92.8802,12.2818],[92.8779,12.284],[92.8768,12.2838],[92.8768,12.2871],[92.8732,12.2875],[92.8704,12.2939],[92.8716,12.2968],[92.8669,12.3016],[92.8657,12.3011],[92.86,12.304],[92.8546,12.3051],[92.849,12.3021],[92.845,12.3044],[92.8369,12.3035],[92.8341,12.2998],[92.8284,12.3011],[92.8238,12.3053],[92.8171,12.3097],[92.8105,12.313]]],[[[92.9335,12.311],[92.9287,12.3064],[92.9274,12.2965],[92.9288,12.2951],[92.9273,12.291],[92.9297,12.289],[92.9293,12.2834],[92.9245,12.2806],[92.9223,12.2846],[92.9184,12.2833],[92.9182,12.2881],[92.9157,12.2898],[92.9154,12.2923],[92.9118,12.2997],[92.9095,12.2943],[92.9062,12.2927],[92.903,12.2931],[92.9009,12.2882],[92.9019,12.279],[92.8995,12.2728],[92.9023,12.2707],[92.9084,12.2687],[92.9116,12.2685],[92.9165,12.2637],[92.9199,12.2683],[92.9218,12.2591],[92.919,12.2514],[92.9179,12.2466],[92.9175,12.2384],[92.9187,12.2337],[92.9233,12.23],[92.9291,12.2382],[92.9302,12.2489],[92.9259,12.2498],[92.9267,12.2528],[92.9321,12.2607],[92.9361,12.2623],[92.9382,12.2702],[92.943,12.2748],[92.943,12.279],[92.9393,12.2839],[92.9343,12.2883],[92.934,12.291],[92.9367,12.2948],[92.937,12.2977],[92.9357,12.3053],[92.9335,12.311]]],[[[93.0706,12.3151],[93.0733,12.3167],[93.0706,12.3197],[93.066,12.3188],[93.0614,12.3149],[93.0706,12.3151]]],[[[92.8579,12.3348],[92.8552,12.3317],[92.8565,12.3303],[92.8585,12.3255],[92.8597,12.3251],[92.8611,12.3233],[92.8599,12.3225],[92.8606,12.3191],[92.8559,12.3175],[92.8562,12.3146],[92.8675,12.3138],[92.8696,12.3173],[92.8743,12.3177],[92.877,12.313],[92.8795,12.3152],[92.8795,12.3179],[92.8859,12.3226],[92.8893,12.3191],[92.8947,12.3174],[92.8976,12.3226],[92.9,12.3236],[92.8968,12.3269],[92.89,12.3247],[92.8859,12.3273],[92.8878,12.3305],[92.8852,12.332],[92.8771,12.3305],[92.8736,12.329],[92.8702,12.3295],[92.8613,12.3363],[92.8579,12.3348]]],[[[92.9126,12.3395],[92.919,12.3508],[92.9176,12.3542],[92.9126,12.3561],[92.909,12.3512],[92.9076,12.3408],[92.9113,12.3358],[92.9126,12.3395]]],[[[93.8531,12.3002],[93.8503,12.3021],[93.8492,12.2994],[93.8459,12.2986],[93.8437,12.2955],[93.8401,12.2945],[93.8418,12.2908],[93.837,12.2863],[93.8382,12.2837],[93.8341,12.2782],[93.8365,12.2739],[93.8398,12.2735],[93.8417,12.2706],[93.8454,12.2692],[93.8511,12.269],[93.8616,12.272],[93.8634,12.2716],[93.867,12.2754],[93.8664,12.2806],[93.8685,12.2852],[93.8656,12.2882],[93.8646,12.2942],[93.8628,12.2951],[93.8577,12.3007],[93.8531,12.3002]]],[[[92.8875,12.4081],[92.8837,12.4045],[92.8842,12.4012],[92.8818,12.3985],[92.8754,12.4004],[92.8707,12.4058],[92.8692,12.4038],[92.864,12.4039],[92.8626,12.4056],[92.8544,12.4093],[92.8455,12.4061],[92.8427,12.4012],[92.844,12.3951],[92.8473,12.3949],[92.8536,12.3895],[92.8596,12.3891],[92.8602,12.3812],[92.8671,12.3774],[92.872,12.3848],[92.8815,12.3811],[92.8805,12.375],[92.8842,12.3752],[92.8854,12.3817],[92.8838,12.3828],[92.8826,12.3885],[92.8891,12.392],[92.8921,12.3953],[92.8944,12.3998],[92.8911,12.4032],[92.8929,12.4076],[92.8875,12.4081]]],[[[92.8621,12.4126],[92.8679,12.4138],[92.8683,12.4187],[92.8646,12.4212],[92.8583,12.4176],[92.8583,12.4147],[92.8621,12.4126]]],[[[92.8325,12.4269],[92.829,12.426],[92.8298,12.4207],[92.834,12.4171],[92.8369,12.416],[92.8395,12.4116],[92.8428,12.4152],[92.8478,12.4111],[92.8517,12.4096],[92.8552,12.4145],[92.8503,12.4178],[92.8461,12.4178],[92.8397,12.4231],[92.8325,12.4269]]],[[[92.903,12.4215],[92.9008,12.4261],[92.8985,12.4255],[92.8982,12.4218],[92.903,12.4215]]],[[[92.9562,12.4346],[92.9534,12.435],[92.9487,12.4299],[92.9465,12.4232],[92.9465,12.4188],[92.9387,12.4232],[92.9309,12.4183],[92.9287,12.4138],[92.9265,12.4062],[92.9248,12.4041],[92.9237,12.3903],[92.9264,12.3892],[92.9234,12.3829],[92.9177,12.3755],[92.9164,12.3629],[92.9209,12.3639],[92.9256,12.3629],[92.9323,12.3596],[92.9371,12.3731],[92.9376,12.3778],[92.9423,12.3817],[92.9435,12.3864],[92.9425,12.3882],[92.9438,12.3967],[92.9432,12.3982],[92.9454,12.4053],[92.9514,12.4074],[92.9533,12.4131],[92.9584,12.4172],[92.9607,12.4212],[92.9605,12.4238],[92.955,12.428],[92.9579,12.4309],[92.9562,12.4346]]],[[[92.6835,12.5541],[92.6814,12.5566],[92.6777,12.5528],[92.6715,12.5431],[92.6673,12.5377],[92.662,12.5332],[92.6643,12.5262],[92.67,12.5196],[92.6703,12.5164],[92.6742,12.5098],[92.6771,12.5061],[92.6795,12.5059],[92.6831,12.5132],[92.684,12.5172],[92.6814,12.5226],[92.6828,12.5264],[92.6819,12.5321],[92.686,12.5359],[92.6846,12.542],[92.687,12.5455],[92.6881,12.5502],[92.6835,12.5541]]],[[[92.7829,12.7173],[92.777,12.7179],[92.7773,12.7158],[92.7812,12.7117],[92.7829,12.7173]]],[[[92.7242,12.7361],[92.7236,12.7336],[92.7263,12.7273],[92.729,12.7299],[92.7258,12.7365],[92.7242,12.7361]]],[[[92.7209,12.7788],[92.7193,12.7845],[92.7143,12.7813],[92.7142,12.7786],[92.7183,12.7787],[92.7167,12.7722],[92.7217,12.7639],[92.7242,12.7628],[92.7209,12.7788]]],[[[92.7075,12.8301],[92.7066,12.8295],[92.7054,12.8195],[92.7034,12.8155],[92.7003,12.8138],[92.7008,12.8107],[92.6988,12.8081],[92.6987,12.8034],[92.6937,12.8002],[92.6948,12.7934],[92.697,12.7909],[92.6983,12.7854],[92.7041,12.7812],[92.7069,12.7769],[92.7085,12.7721],[92.7077,12.7672],[92.7091,12.7645],[92.7106,12.7543],[92.7103,12.7509],[92.7119,12.7365],[92.7077,12.7309],[92.7099,12.7275],[92.7094,12.7238],[92.7119,12.7205],[92.7157,12.7207],[92.7184,12.7227],[92.7185,12.732],[92.7161,12.7349],[92.7176,12.7408],[92.7184,12.7526],[92.7201,12.7508],[92.7207,12.7454],[92.723,12.743],[92.7248,12.7483],[92.7239,12.7541],[92.7218,12.7601],[92.7165,12.7695],[92.7119,12.775],[92.7112,12.7788],[92.713,12.7882],[92.7116,12.8015],[92.7115,12.8185],[92.7138,12.8267],[92.7134,12.8293],[92.7098,12.8286],[92.7075,12.8301]]],[[[92.7632,12.8514],[92.7582,12.8579],[92.7575,12.851],[92.7584,12.8494],[92.7569,12.8456],[92.7615,12.8428],[92.765,12.8363],[92.7656,12.8496],[92.7632,12.8514]]],[[[92.7263,12.8654],[92.7233,12.8641],[92.7194,12.865],[92.7194,12.8599],[92.7169,12.8596],[92.7152,12.8533],[92.7114,12.8483],[92.707,12.8372],[92.7084,12.8337],[92.7122,12.832],[92.7176,12.8353],[92.7202,12.8428],[92.7249,12.852],[92.7243,12.8534],[92.729,12.862],[92.7263,12.8654]]],[[[92.7799,12.8576],[92.7796,12.862],[92.7768,12.864],[92.7729,12.8612],[92.77,12.8635],[92.768,12.8618],[92.7699,12.8587],[92.7678,12.8528],[92.7706,12.8456],[92.7734,12.8439],[92.7745,12.8386],[92.7728,12.8332],[92.7758,12.8288],[92.7804,12.8255],[92.7844,12.8251],[92.7848,12.8331],[92.7808,12.8401],[92.7798,12.8515],[92.7799,12.8576]]],[[[92.7653,12.8699],[92.7609,12.8696],[92.7626,12.8555],[92.7653,12.8553],[92.7656,12.8616],[92.7641,12.8639],[92.7653,12.8699]]],[[[92.7883,12.8932],[92.7836,12.8933],[92.7811,12.8906],[92.7822,12.8873],[92.7814,12.8843],[92.7845,12.8824],[92.7879,12.883],[92.7895,12.8852],[92.7902,12.8902],[92.7883,12.8932]]],[[[92.7543,12.9133],[92.7535,12.9112],[92.7529,12.9019],[92.7544,12.8982],[92.7515,12.8943],[92.748,12.8946],[92.7487,12.8913],[92.753,12.8896],[92.7555,12.8926],[92.757,12.9067],[92.7543,12.9133]]],[[[92.7931,12.9124],[92.7921,12.9164],[92.7886,12.9154],[92.7889,12.9126],[92.7797,12.9106],[92.7755,12.9123],[92.7735,12.91],[92.7747,12.9045],[92.7797,12.902],[92.782,12.9025],[92.7863,12.9059],[92.7888,12.9044],[92.7886,12.9013],[92.7862,12.8988],[92.782,12.8973],[92.7819,12.8955],[92.788,12.8941],[92.7918,12.8923],[92.7978,12.8948],[92.7994,12.898],[92.7968,12.9014],[92.7959,12.9092],[92.7931,12.9124]]],[[[92.7661,12.9237],[92.7613,12.9222],[92.7634,12.918],[92.7664,12.9209],[92.7661,12.9237]]],[[[92.774,12.9322],[92.7708,12.9325],[92.7688,12.9288],[92.7704,12.9263],[92.7687,12.9228],[92.7703,12.9192],[92.7738,12.9212],[92.7752,12.9276],[92.774,12.9322]]],[[[92.9347,12.9199],[92.931,12.9192],[92.9335,12.9115],[92.9374,12.9148],[92.9377,12.9179],[92.9347,12.9199]]],[[[92.7616,12.9365],[92.7591,12.9348],[92.76,12.9283],[92.7626,12.9255],[92.7657,12.9282],[92.7651,12.9328],[92.7616,12.9365]]],[[[92.8975,12.9268],[92.8931,12.9181],[92.8966,12.9048],[92.8952,12.898],[92.8912,12.8953],[92.8848,12.8934],[92.877,12.8951],[92.8722,12.8932],[92.8702,12.8898],[92.8747,12.8835],[92.8731,12.8808],[92.8662,12.8808],[92.8587,12.8782],[92.8521,12.8774],[92.8445,12.8755],[92.8403,12.8759],[92.8393,12.8792],[92.8421,12.8859],[92.842,12.8908],[92.8391,12.8912],[92.8351,12.8864],[92.8298,12.8846],[92.8254,12.889],[92.8249,12.8933],[92.8228,12.8959],[92.8132,12.8964],[92.8101,12.8975],[92.8016,12.8967],[92.7955,12.8919],[92.7908,12.8899],[92.7919,12.8755],[92.7939,12.8707],[92.7921,12.8699],[92.792,12.8646],[92.7877,12.8605],[92.786,12.8621],[92.7819,12.8604],[92.7806,12.8532],[92.7812,12.8409],[92.7828,12.8367],[92.7856,12.8331],[92.7849,12.825],[92.7806,12.8238],[92.7738,12.8289],[92.7717,12.8335],[92.7731,12.8419],[92.7696,12.8449],[92.7658,12.8462],[92.7659,12.8362],[92.7645,12.8363],[92.7614,12.8421],[92.7525,12.848],[92.7478,12.8426],[92.7448,12.8416],[92.7429,12.8387],[92.7424,12.8352],[92.7432,12.8283],[92.7413,12.8288],[92.7403,12.8365],[92.7371,12.8303],[92.737,12.8243],[92.7383,12.8194],[92.7381,12.8115],[92.7354,12.8125],[92.7337,12.8216],[92.7315,12.8299],[92.7315,12.8333],[92.7283,12.8341],[92.726,12.8282],[92.7235,12.8283],[92.7221,12.8252],[92.7223,12.8206],[92.7206,12.8153],[92.7216,12.8125],[92.7201,12.8094],[92.72,12.7991],[92.721,12.7965],[92.7284,12.7998],[92.7323,12.7973],[92.732,12.7948],[92.7363,12.7941],[92.7354,12.7893],[92.7321,12.7933],[92.7312,12.7975],[92.7282,12.7991],[92.7232,12.796],[92.7198,12.7888],[92.7215,12.7842],[92.7231,12.7748],[92.7256,12.7661],[92.7297,12.7546],[92.7297,12.7439],[92.7341,12.7394],[92.7373,12.7384],[92.7374,12.735],[92.7396,12.7319],[92.7403,12.7249],[92.7386,12.715],[92.7392,12.7119],[92.7383,12.7057],[92.7396,12.7023],[92.7359,12.6988],[92.7345,12.6997],[92.7274,12.6971],[92.7261,12.6928],[92.733,12.6886],[92.7345,12.6856],[92.7343,12.6818],[92.732,12.6762],[92.7351,12.6726],[92.7402,12.673],[92.7423,12.6721],[92.7471,12.6728],[92.749,12.6748],[92.7522,12.6751],[92.7553,12.6727],[92.762,12.6713],[92.7661,12.6715],[92.7698,12.6736],[92.7705,12.6765],[92.7749,12.6809],[92.7763,12.6849],[92.783,12.6924],[92.7842,12.7012],[92.7852,12.7041],[92.7847,12.708],[92.7809,12.7099],[92.7773,12.7135],[92.7759,12.7189],[92.7812,12.7195],[92.7839,12.7176],[92.7844,12.7129],[92.7871,12.7028],[92.7862,12.7001],[92.7862,12.6913],[92.7828,12.6825],[92.7809,12.6792],[92.7793,12.6697],[92.7823,12.6652],[92.7812,12.6579],[92.7821,12.6564],[92.7828,12.6474],[92.7811,12.6451],[92.7813,12.6368],[92.7799,12.6309],[92.7775,12.6462],[92.7783,12.6602],[92.7765,12.6669],[92.7731,12.6704],[92.7694,12.6681],[92.7621,12.668],[92.7559,12.6694],[92.7512,12.6714],[92.7505,12.6662],[92.7449,12.6679],[92.7404,12.6635],[92.7404,12.6612],[92.7371,12.6581],[92.7336,12.6568],[92.7316,12.6531],[92.7325,12.6464],[92.7344,12.644],[92.7333,12.6416],[92.7347,12.6389],[92.7318,12.637],[92.7276,12.6362],[92.7254,12.6327],[92.7239,12.6262],[92.7202,12.6262],[92.7212,12.6303],[92.7187,12.637],[92.7187,12.6434],[92.7144,12.6425],[92.714,12.6338],[92.7116,12.6276],[92.7116,12.6232],[92.7101,12.617],[92.7075,12.6145],[92.7073,12.6117],[92.7042,12.6081],[92.7025,12.6118],[92.6999,12.6121],[92.6939,12.6068],[92.6905,12.6077],[92.6859,12.6123],[92.6845,12.6102],[92.6842,12.6038],[92.6859,12.6018],[92.6889,12.6025],[92.6953,12.6006],[92.7004,12.6002],[92.707,12.5955],[92.704,12.5866],[92.7066,12.5856],[92.7044,12.5791],[92.7082,12.5756],[92.7066,12.5707],[92.7047,12.5697],[92.7041,12.5641],[92.7077,12.5597],[92.7079,12.5563],[92.6984,12.5418],[92.6979,12.5399],[92.6992,12.53],[92.6983,12.5252],[92.6942,12.5191],[92.6932,12.5149],[92.6963,12.5122],[92.6991,12.512],[92.6996,12.5069],[92.6986,12.4969],[92.7036,12.4944],[92.7061,12.4946],[92.706,12.4906],[92.702,12.491],[92.702,12.4864],[92.6996,12.4701],[92.6949,12.4702],[92.6957,12.4651],[92.6997,12.466],[92.7009,12.4607],[92.7043,12.4537],[92.7031,12.4493],[92.7004,12.4484],[92.6998,12.4409],[92.7004,12.4365],[92.698,12.4297],[92.6949,12.4288],[92.6962,12.4231],[92.6956,12.4198],[92.6973,12.4158],[92.6987,12.4086],[92.6951,12.4004],[92.6964,12.3921],[92.6961,12.3892],[92.6976,12.3848],[92.6977,12.3785],[92.7006,12.3764],[92.7045,12.3703],[92.6987,12.3687],[92.6983,12.3654],[92.7001,12.3613],[92.6996,12.3549],[92.7,12.348],[92.6991,12.3386],[92.7003,12.3331],[92.699,12.3284],[92.7013,12.3272],[92.7042,12.3311],[92.7084,12.328],[92.7067,12.3233],[92.7075,12.3165],[92.7098,12.3109],[92.7125,12.3128],[92.7149,12.3121],[92.7195,12.3003],[92.7235,12.3026],[92.7269,12.302],[92.7331,12.3037],[92.7351,12.3007],[92.7414,12.302],[92.7455,12.2996],[92.7469,12.3027],[92.7497,12.3027],[92.7501,12.2987],[92.753,12.2961],[92.7572,12.2984],[92.7568,12.3038],[92.7636,12.3113],[92.7625,12.3047],[92.7655,12.3067],[92.7702,12.3165],[92.7726,12.3168],[92.7784,12.3132],[92.7827,12.3138],[92.7898,12.3123],[92.7936,12.3065],[92.7979,12.3084],[92.7986,12.3109],[92.8018,12.3132],[92.8098,12.3156],[92.8235,12.3079],[92.8265,12.3067],[92.8315,12.3027],[92.8373,12.3067],[92.8413,12.308],[92.8471,12.3082],[92.8522,12.3135],[92.8556,12.3143],[92.8556,12.3179],[92.8601,12.3192],[92.8593,12.3227],[92.8595,12.3248],[92.8579,12.3252],[92.8547,12.3323],[92.8578,12.3355],[92.8618,12.3369],[92.8668,12.3325],[92.8714,12.33],[92.8822,12.3329],[92.8799,12.3347],[92.8791,12.3393],[92.8813,12.344],[92.8852,12.3436],[92.8915,12.3386],[92.8943,12.334],[92.8974,12.3354],[92.8956,12.3388],[92.8919,12.3421],[92.8892,12.3477],[92.8899,12.35],[92.8856,12.3518],[92.8853,12.3553],[92.8812,12.3565],[92.8781,12.3597],[92.8767,12.3559],[92.8723,12.3537],[92.8705,12.3555],[92.8685,12.3622],[92.8618,12.3608],[92.8573,12.3638],[92.8567,12.3675],[92.8611,12.3694],[92.8561,12.373],[92.8517,12.3796],[92.8512,12.3842],[92.847,12.3857],[92.8464,12.3895],[92.8423,12.3918],[92.8402,12.3912],[92.8376,12.3989],[92.8399,12.4037],[92.84,12.4065],[92.8376,12.409],[92.8238,12.4091],[92.82,12.4108],[92.8245,12.4131],[92.8254,12.4095],[92.8294,12.4114],[92.8339,12.4103],[92.8319,12.4176],[92.829,12.4199],[92.8279,12.4236],[92.8296,12.4283],[92.8223,12.4315],[92.8127,12.4328],[92.8096,12.4337],[92.8092,12.4362],[92.8146,12.4348],[92.8195,12.435],[92.8251,12.4327],[92.833,12.4308],[92.8371,12.4308],[92.8457,12.4235],[92.8521,12.4245],[92.8563,12.4229],[92.8594,12.4257],[92.8646,12.4262],[92.868,12.4222],[92.8708,12.4214],[92.8735,12.4177],[92.8818,12.4209],[92.8853,12.4252],[92.886,12.4217],[92.8915,12.4195],[92.895,12.4154],[92.8988,12.417],[92.8963,12.4201],[92.8939,12.4251],[92.8882,12.433],[92.8766,12.4414],[92.8722,12.4401],[92.8636,12.4462],[92.8573,12.4521],[92.8526,12.4545],[92.8472,12.46],[92.8431,12.468],[92.8385,12.4709],[92.8383,12.4746],[92.8408,12.4753],[92.8418,12.4802],[92.8349,12.4858],[92.8369,12.4912],[92.8306,12.4952],[92.8377,12.4944],[92.8383,12.4916],[92.8374,12.4879],[92.8381,12.4845],[92.8431,12.4806],[92.8434,12.4704],[92.8471,12.4649],[92.8535,12.4574],[92.8609,12.4535],[92.8684,12.4462],[92.8714,12.448],[92.8763,12.4474],[92.8799,12.449],[92.8808,12.4441],[92.8908,12.4368],[92.8945,12.4309],[92.9003,12.4275],[92.908,12.421],[92.9082,12.4154],[92.9059,12.4102],[92.9057,12.407],[92.9108,12.4054],[92.9146,12.4062],[92.9151,12.4118],[92.9194,12.4233],[92.919,12.4297],[92.9229,12.4347],[92.921,12.4371],[92.9179,12.4369],[92.9181,12.4411],[92.9132,12.4408],[92.9145,12.4456],[92.9171,12.4426],[92.9195,12.4442],[92.927,12.445],[92.9307,12.4492],[92.9363,12.4474],[92.9408,12.4504],[92.9411,12.453],[92.9438,12.4547],[92.945,12.4517],[92.948,12.4542],[92.9453,12.4565],[92.9487,12.4638],[92.9556,12.466],[92.9573,12.4726],[92.956,12.4751],[92.9499,12.4762],[92.9445,12.4724],[92.9422,12.4671],[92.9389,12.4691],[92.9326,12.4656],[92.927,12.466],[92.9216,12.4648],[92.92,12.4665],[92.9189,12.4728],[92.9157,12.4728],[92.9166,12.4773],[92.9202,12.4797],[92.9194,12.4709],[92.921,12.466],[92.9254,12.4671],[92.9312,12.4672],[92.934,12.4709],[92.9299,12.4747],[92.9293,12.4794],[92.9319,12.4815],[92.938,12.482],[92.9407,12.4856],[92.943,12.4935],[92.9451,12.4947],[92.9441,12.4981],[92.9478,12.4993],[92.9501,12.4951],[92.9528,12.4938],[92.9561,12.4898],[92.9563,12.4871],[92.9601,12.4857],[92.9642,12.4874],[92.9631,12.4923],[92.9687,12.497],[92.9657,12.5014],[92.9649,12.5048],[92.9668,12.5103],[92.966,12.514],[92.9705,12.5164],[92.9698,12.5196],[92.9714,12.522],[92.9746,12.5307],[92.9734,12.5359],[92.9754,12.543],[92.9708,12.5557],[92.9702,12.5596],[92.9649,12.5679],[92.9638,12.5746],[92.9613,12.576],[92.9611,12.585],[92.9582,12.5877],[92.956,12.5934],[92.9565,12.5972],[92.9549,12.6039],[92.9564,12.6143],[92.9588,12.6196],[92.9557,12.6227],[92.9571,12.626],[92.9564,12.6304],[92.9573,12.6339],[92.9568,12.6403],[92.9589,12.6471],[92.9593,12.6517],[92.9625,12.6585],[92.9623,12.6649],[92.9608,12.6682],[92.9625,12.673],[92.9652,12.6769],[92.9653,12.6815],[92.963,12.6852],[92.9651,12.6949],[92.9621,12.6971],[92.9648,12.7033],[92.9639,12.7044],[92.9664,12.7088],[92.9702,12.7127],[92.9725,12.7129],[92.9758,12.709],[92.98,12.7094],[92.9767,12.7191],[92.9734,12.7213],[92.9689,12.7204],[92.9669,12.7213],[92.9644,12.7258],[92.9637,12.7301],[92.9655,12.7318],[92.9665,12.7365],[92.9685,12.7398],[92.967,12.7429],[92.9616,12.7473],[92.9617,12.7544],[92.9517,12.7571],[92.9478,12.7644],[92.9499,12.7701],[92.9484,12.7708],[92.939,12.7683],[92.9337,12.7734],[92.9333,12.7816],[92.9373,12.783],[92.9434,12.7916],[92.9487,12.7932],[92.9494,12.8013],[92.9545,12.8064],[92.9502,12.8155],[92.9466,12.8173],[92.9452,12.8211],[92.9466,12.823],[92.944,12.8255],[92.9438,12.8284],[92.9455,12.8338],[92.9482,12.8354],[92.9491,12.8382],[92.944,12.8383],[92.94,12.8373],[92.9407,12.8407],[92.9395,12.8469],[92.9398,12.8508],[92.9414,12.8544],[92.9384,12.8583],[92.9345,12.8562],[92.9326,12.8581],[92.928,12.8591],[92.9303,12.8635],[92.9306,12.8712],[92.928,12.8741],[92.9304,12.8761],[92.9273,12.8784],[92.928,12.8827],[92.925,12.8856],[92.9174,12.8862],[92.9135,12.889],[92.9124,12.8863],[92.9071,12.8854],[92.9059,12.887],[92.9074,12.8921],[92.9113,12.8982],[92.9095,12.902],[92.9195,12.9088],[92.922,12.912],[92.9224,12.9149],[92.9158,12.9109],[92.9102,12.91],[92.9136,12.9166],[92.9123,12.9193],[92.9097,12.9185],[92.9072,12.9154],[92.9021,12.9193],[92.9012,12.9219],[92.8975,12.9268]]],[[[92.8748,12.9349],[92.867,12.9332],[92.8622,12.9341],[92.8582,12.9316],[92.8577,12.9261],[92.8627,12.918],[92.8683,12.9171],[92.8722,12.9154],[92.8742,12.9217],[92.8768,12.9237],[92.8796,12.9198],[92.8857,12.9243],[92.8871,12.9295],[92.8768,12.932],[92.8748,12.9349]]],[[[92.8905,12.9385],[92.8878,12.9367],[92.8879,12.933],[92.8934,12.9373],[92.8905,12.9385]]],[[[92.6948,12.9914],[92.6928,12.9922],[92.6876,12.9902],[92.6827,12.9851],[92.6788,12.9786],[92.679,12.9762],[92.6732,12.9708],[92.6697,12.9661],[92.6685,12.9571],[92.6722,12.95],[92.6761,12.9499],[92.6789,12.9468],[92.6756,12.9389],[92.6755,12.9346],[92.6718,12.9305],[92.6719,12.9281],[92.6696,12.9235],[92.6684,12.9185],[92.6695,12.9099],[92.6688,12.9059],[92.6645,12.9015],[92.6662,12.8969],[92.6642,12.8926],[92.6654,12.8892],[92.6628,12.881],[92.6586,12.8757],[92.6568,12.8722],[92.653,12.8676],[92.6493,12.8655],[92.6502,12.8624],[92.6473,12.8614],[92.6495,12.8542],[92.6499,12.8458],[92.6549,12.8331],[92.6598,12.8266],[92.6593,12.8212],[92.6599,12.8175],[92.6645,12.8111],[92.6652,12.8069],[92.6638,12.799],[92.6625,12.7964],[92.6592,12.7975],[92.6577,12.7953],[92.6634,12.7917],[92.6666,12.7911],[92.6653,12.784],[92.6686,12.7832],[92.6691,12.786],[92.6754,12.8061],[92.6769,12.8094],[92.682,12.8087],[92.6849,12.81],[92.6876,12.8146],[92.6878,12.8186],[92.6855,12.8244],[92.6868,12.8262],[92.6828,12.8298],[92.6764,12.8249],[92.6777,12.8316],[92.6752,12.8361],[92.6786,12.8391],[92.6828,12.836],[92.6919,12.8351],[92.6996,12.8402],[92.7029,12.845],[92.7015,12.8484],[92.7032,12.8531],[92.7087,12.8566],[92.7139,12.8632],[92.7138,12.8668],[92.7187,12.8748],[92.7171,12.878],[92.7127,12.8779],[92.7117,12.8824],[92.7158,12.8805],[92.7182,12.8813],[92.7207,12.8896],[92.7209,12.8999],[92.722,12.9022],[92.7202,12.9078],[92.7187,12.9155],[92.7198,12.92],[92.718,12.9235],[92.7203,12.9246],[92.7197,12.9338],[92.7213,12.9398],[92.7215,12.9446],[92.7191,12.9463],[92.7153,12.9427],[92.7142,12.9454],[92.716,12.9482],[92.7179,12.9585],[92.7191,12.9618],[92.7189,12.97],[92.7198,12.9744],[92.7187,12.9823],[92.7119,12.9832],[92.71,12.9879],[92.7037,12.9897],[92.7002,12.9879],[92.6948,12.9914]]],[[[93.0074,12.9992],[92.9997,12.9969],[92.9971,12.9941],[92.9922,12.992],[92.9856,12.9946],[92.9841,12.9932],[92.9856,12.9882],[92.9839,12.9824],[92.9787,12.9802],[92.978,12.9755],[92.9752,12.9749],[92.9715,12.9703],[92.9684,12.9718],[92.9698,12.9753],[92.9657,12.9772],[92.9658,12.9792],[92.9711,12.9815],[92.9647,12.9872],[92.9628,12.9904],[92.9578,12.9895],[92.9563,12.9845],[92.9511,12.9802],[92.9537,12.9755],[92.9582,12.9742],[92.9567,12.9713],[92.9609,12.9703],[92.9595,12.9654],[92.9559,12.9681],[92.9522,12.9672],[92.9536,12.9585],[92.957,12.9555],[92.9626,12.9537],[92.9681,12.9538],[92.9671,12.9505],[92.9719,12.9478],[92.9718,12.9456],[92.9615,12.9498],[92.9586,12.9497],[92.955,12.9469],[92.9503,12.9411],[92.9536,12.9343],[92.9567,12.9397],[92.9595,12.9418],[92.9681,12.9423],[92.9702,12.9412],[92.9689,12.9378],[92.9694,12.9347],[92.9738,12.9335],[92.9782,12.9301],[92.981,12.9311],[92.9832,12.9364],[92.9799,12.9466],[92.9829,12.9506],[92.9879,12.9541],[92.9881,12.9557],[92.9814,12.9635],[92.9815,12.9679],[92.9851,12.9699],[92.9895,12.9763],[92.9922,12.9789],[92.9936,12.9848],[93.0005,12.9885],[93.0053,12.9923],[93.0074,12.9959],[93.0074,12.9992]]],[[[92.9493,13.0186],[92.9484,13.0247],[92.9461,13.0238],[92.9493,13.0186]]],[[[92.9298,13.0254],[92.9235,13.0315],[92.9203,13.0309],[92.9179,13.0254],[92.9143,13.0199],[92.9135,13.011],[92.9198,13],[92.9283,12.9977],[92.9314,12.9988],[92.934,12.9973],[92.9349,12.9946],[92.9441,12.9954],[92.9461,12.999],[92.9417,13.0028],[92.9394,13.0092],[92.9394,13.0121],[92.9425,13.0174],[92.939,13.0259],[92.9349,13.0271],[92.9298,13.0254]]],[[[92.9169,13.06],[92.9139,13.0667],[92.9128,13.0668],[92.912,13.0582],[92.9189,13.0544],[92.9169,13.06]]],[[[92.7276,13.0899],[92.731,13.0938],[92.7291,13.0954],[92.7276,13.0899]]],[[[92.7194,13.0987],[92.7174,13.0991],[92.7119,13.0967],[92.704,13.0957],[92.7,13.0992],[92.6964,13.0982],[92.6945,13.0961],[92.6939,13.0911],[92.697,13.0794],[92.6978,13.0727],[92.6993,13.0704],[92.7045,13.0697],[92.7061,13.0722],[92.703,13.0782],[92.7032,13.0803],[92.7081,13.0875],[92.713,13.0918],[92.7181,13.0936],[92.7201,13.0956],[92.7194,13.0987]]],[[[92.8158,13.2881],[92.8131,13.2873],[92.817,13.2817],[92.8192,13.2854],[92.8158,13.2881]]],[[[93.005,13.3065],[93.0054,13.3105],[93.0077,13.3148],[93.0086,13.32],[93.0049,13.3194],[93.0026,13.3173],[92.9968,13.3079],[92.9939,13.2995],[92.9949,13.2976],[92.9964,13.2998],[92.9979,13.3005],[93.0004,13.3005],[93.0005,13.303],[93.0018,13.3042],[93.0128,13.3029],[93.0125,13.306],[93.0086,13.3099],[93.005,13.3065]]],[[[93.0055,13.3228],[92.9972,13.3221],[92.9943,13.3189],[93.0002,13.3162],[93.0055,13.3228]]],[[[93.0228,13.3288],[93.0169,13.3292],[93.0155,13.3259],[93.0144,13.317],[93.014,13.3081],[93.0186,13.3071],[93.0221,13.3019],[93.0231,13.3076],[93.0203,13.313],[93.0203,13.3211],[93.0228,13.3288]]],[[[93.0198,13.3451],[93.0176,13.3455],[93.0156,13.3426],[93.0192,13.339],[93.0198,13.3451]]],[[[93.0473,13.3736],[93.0449,13.3751],[93.0413,13.3736],[93.0366,13.374],[93.0368,13.3701],[93.0404,13.3691],[93.0414,13.3657],[93.0453,13.367],[93.0475,13.3694],[93.0473,13.3736]]],[[[93.06,13.3691],[93.0598,13.3725],[93.0558,13.3812],[93.0521,13.3818],[93.0479,13.3736],[93.0477,13.3693],[93.0456,13.3667],[93.0399,13.3647],[93.0384,13.3619],[93.0409,13.359],[93.0442,13.3517],[93.0448,13.3474],[93.0434,13.3436],[93.0404,13.3402],[93.0392,13.3283],[93.0379,13.3267],[93.0384,13.3222],[93.044,13.3209],[93.0484,13.323],[93.0513,13.3272],[93.0566,13.3298],[93.0599,13.327],[93.0608,13.3232],[93.0598,13.3168],[93.0624,13.3091],[93.0619,13.3061],[93.0644,13.3035],[93.0667,13.3062],[93.0711,13.3023],[93.0687,13.3001],[93.0708,13.2975],[93.0765,13.2963],[93.0802,13.2985],[93.0805,13.3021],[93.0754,13.3073],[93.0727,13.3038],[93.0691,13.307],[93.0708,13.3115],[93.0721,13.3198],[93.0715,13.3227],[93.0748,13.329],[93.083,13.3304],[93.09,13.3341],[93.0879,13.3466],[93.0814,13.344],[93.0784,13.3461],[93.0787,13.3495],[93.0739,13.3473],[93.0707,13.3491],[93.0684,13.3522],[93.0637,13.3609],[93.0616,13.3623],[93.0614,13.3683],[93.06,13.3691]]],[[[92.8154,13.4204],[92.8157,13.4249],[92.8129,13.4309],[92.8108,13.432],[92.8065,13.4281],[92.8052,13.4213],[92.8085,13.4207],[92.811,13.4148],[92.8089,13.409],[92.8058,13.4045],[92.8055,13.402],[92.8101,13.3998],[92.8159,13.4019],[92.8184,13.4076],[92.8181,13.4172],[92.8154,13.4204]]],[[[93.0949,13.4203],[93.0921,13.4227],[93.089,13.4207],[93.0858,13.4161],[93.0856,13.4119],[93.0902,13.4068],[93.0915,13.4088],[93.0907,13.4123],[93.0949,13.4203]]],[[[92.8434,13.4382],[92.8441,13.446],[92.8416,13.4504],[92.8366,13.4463],[92.8341,13.441],[92.8311,13.4393],[92.8241,13.4396],[92.8198,13.4349],[92.8183,13.4266],[92.8199,13.4222],[92.8225,13.4196],[92.8255,13.4198],[92.8299,13.4184],[92.8388,13.4208],[92.845,13.4289],[92.846,13.4311],[92.8439,13.4342],[92.8434,13.4382]]],[[[93.0722,13.4323],[93.0697,13.4306],[93.0655,13.4226],[93.0669,13.4151],[93.068,13.4132],[93.0713,13.4133],[93.0701,13.4193],[93.0702,13.4235],[93.0722,13.4323]]],[[[93.0973,13.4388],[93.0949,13.4374],[93.0942,13.4346],[93.0973,13.4305],[93.1044,13.4291],[93.1042,13.4357],[93.098,13.4362],[93.0973,13.4388]]],[[[92.8737,13.5136],[92.8688,13.5143],[92.8661,13.5108],[92.8646,13.5064],[92.8651,13.5031],[92.8691,13.5017],[92.8725,13.5018],[92.8739,13.507],[92.8729,13.5087],[92.8737,13.5136]]],[[[92.875,13.5409],[92.8732,13.5389],[92.8751,13.5355],[92.8776,13.5386],[92.875,13.5409]]],[[[92.9085,13.5383],[92.9041,13.5369],[92.9028,13.5316],[92.9063,13.5293],[92.9116,13.5333],[92.9122,13.5369],[92.9085,13.5383]]],[[[92.9864,13.5341],[92.9856,13.5373],[92.9827,13.5382],[92.9802,13.5307],[92.9838,13.5289],[92.9856,13.5303],[92.9864,13.5341]]],[[[74.3275,14.0186],[74.3243,14.0193],[74.3249,14.0143],[74.3296,14.0158],[74.3275,14.0186]]],[[[93.0572,13.5668],[93.0521,13.5664],[93.0507,13.5627],[93.0529,13.5589],[93.0556,13.5621],[93.0572,13.5668]]],[[[92.8285,13.2105],[92.8215,13.2057],[92.8183,13.2075],[92.8161,13.2045],[92.8149,13.2],[92.8168,13.1979],[92.8177,13.194],[92.8209,13.1947],[92.8208,13.1861],[92.8171,13.1857],[92.8186,13.1819],[92.8219,13.1829],[92.8242,13.1794],[92.8273,13.1801],[92.8346,13.1753],[92.8332,13.1703],[92.8288,13.1721],[92.8273,13.1744],[92.8233,13.1743],[92.8189,13.1725],[92.8155,13.1735],[92.8152,13.1701],[92.8109,13.1656],[92.8117,13.158],[92.8088,13.1553],[92.8086,13.1523],[92.8173,13.1497],[92.8212,13.1458],[92.8266,13.1505],[92.8305,13.151],[92.8332,13.145],[92.836,13.1467],[92.8427,13.1458],[92.8435,13.1417],[92.839,13.1365],[92.8429,13.1305],[92.8423,13.1278],[92.8391,13.1272],[92.8356,13.1301],[92.8344,13.1264],[92.8307,13.1259],[92.8292,13.1297],[92.8238,13.132],[92.8231,13.1348],[92.8185,13.1325],[92.8183,13.1279],[92.8103,13.1277],[92.8103,13.1225],[92.8139,13.1177],[92.8147,13.1145],[92.8245,13.1153],[92.8214,13.1118],[92.8188,13.1025],[92.8219,13.0954],[92.8125,13.1033],[92.8056,13.101],[92.8065,13.0924],[92.8047,13.0873],[92.8112,13.081],[92.8109,13.0766],[92.8044,13.0749],[92.802,13.0775],[92.8019,13.08],[92.7985,13.0821],[92.8015,13.0857],[92.8008,13.0913],[92.7982,13.0917],[92.7942,13.0897],[92.7963,13.0813],[92.7954,13.076],[92.7966,13.0751],[92.7961,13.0674],[92.7938,13.0641],[92.7917,13.0533],[92.7951,13.049],[92.7938,13.046],[92.7939,13.0424],[92.796,13.0389],[92.7917,13.0378],[92.7932,13.0323],[92.7928,13.0271],[92.7901,13.0244],[92.7886,13.0189],[92.7916,13.0128],[92.7948,13.0128],[92.7974,13.0102],[92.8002,13.0099],[92.8017,13.0124],[92.805,13.0126],[92.8042,13.0081],[92.8062,13.0077],[92.8113,13.0101],[92.8146,13.0094],[92.8158,13.0121],[92.8205,13.0122],[92.8233,13.0133],[92.8228,13.0074],[92.8198,13.0057],[92.8184,13.0008],[92.8117,12.9981],[92.8081,12.9983],[92.8076,12.9957],[92.8104,12.9945],[92.8128,12.9916],[92.8164,12.991],[92.8154,12.9871],[92.8125,12.9829],[92.8106,12.9843],[92.8065,12.983],[92.8021,12.9851],[92.7999,12.9916],[92.7974,12.9905],[92.7934,12.9856],[92.7925,12.98],[92.7938,12.9764],[92.7961,12.9744],[92.7975,12.9703],[92.7923,12.9691],[92.7903,12.9658],[92.7901,12.9607],[92.7915,12.9586],[92.7906,12.9537],[92.7925,12.9508],[92.7998,12.9488],[92.8001,12.9454],[92.7978,12.943],[92.8008,12.9393],[92.799,12.9364],[92.7923,12.9306],[92.7941,12.9266],[92.7933,12.9218],[92.795,12.9182],[92.794,12.9139],[92.7973,12.9111],[92.8006,12.9015],[92.803,12.9001],[92.8102,12.9004],[92.8176,12.8977],[92.8245,12.8967],[92.8261,12.8952],[92.8273,12.8889],[92.8294,12.8865],[92.8332,12.8886],[92.8384,12.8928],[92.8434,12.8906],[92.8431,12.8854],[92.8416,12.8829],[92.8408,12.8774],[92.8437,12.8772],[92.8513,12.8793],[92.8558,12.8791],[92.862,12.8816],[92.8728,12.8837],[92.8695,12.8868],[92.8686,12.8899],[92.8703,12.8965],[92.875,12.9019],[92.8753,12.9061],[92.8743,12.909],[92.8704,12.9097],[92.8655,12.9057],[92.864,12.9027],[92.8604,12.9031],[92.8583,12.9068],[92.8587,12.9125],[92.8553,12.9154],[92.8588,12.9179],[92.856,12.9264],[92.8561,12.9357],[92.8596,12.9348],[92.8702,12.9351],[92.8726,12.9404],[92.8761,12.9446],[92.8728,12.9489],[92.8726,12.954],[92.8764,12.9583],[92.8765,12.9602],[92.8732,12.9636],[92.8746,12.9654],[92.8805,12.9689],[92.8783,12.9722],[92.8817,12.9771],[92.8822,12.9841],[92.887,12.9828],[92.8899,12.9888],[92.8955,12.9951],[92.8982,12.9945],[92.8959,12.9857],[92.9007,12.986],[92.9052,12.9848],[92.9045,12.9808],[92.9053,12.9663],[92.9069,12.9637],[92.9066,12.9577],[92.9072,12.9503],[92.9102,12.9455],[92.9136,12.9477],[92.9163,12.9549],[92.9198,12.9581],[92.9269,12.9562],[92.9318,12.9631],[92.9386,12.967],[92.939,12.9712],[92.9378,12.9742],[92.9386,12.979],[92.9371,12.9821],[92.9332,12.9829],[92.9335,12.9904],[92.9279,12.9909],[92.9204,12.9873],[92.9184,12.9873],[92.9146,12.9946],[92.9152,12.9989],[92.9128,13.0048],[92.9061,13.015],[92.9061,13.0177],[92.9089,13.0201],[92.9124,13.0284],[92.9173,13.0358],[92.9205,13.0389],[92.9216,13.0426],[92.9167,13.053],[92.9123,13.0567],[92.9011,13.0584],[92.8966,13.0579],[92.8951,13.0556],[92.8899,13.051],[92.8891,13.047],[92.8865,13.0439],[92.8838,13.045],[92.8814,13.0484],[92.8792,13.0489],[92.8752,13.0542],[92.8638,13.0588],[92.8639,13.0603],[92.8761,13.055],[92.8842,13.0464],[92.887,13.0466],[92.8891,13.0522],[92.8944,13.058],[92.8973,13.0598],[92.9045,13.0598],[92.9103,13.0624],[92.9122,13.0694],[92.9084,13.0766],[92.9033,13.0784],[92.9062,13.0804],[92.9111,13.0778],[92.9136,13.0747],[92.9128,13.0716],[92.9171,13.0657],[92.919,13.0579],[92.9218,13.0537],[92.9237,13.0537],[92.9344,13.06],[92.9358,13.0746],[92.9344,13.0874],[92.9365,13.0846],[92.9381,13.0773],[92.9369,13.0688],[92.9374,13.0651],[92.9391,13.0632],[92.9383,13.0582],[92.94,13.0541],[92.935,13.0524],[92.9331,13.048],[92.9332,13.0422],[92.9347,13.0379],[92.9419,13.0316],[92.9489,13.0289],[92.9519,13.0238],[92.953,13.0187],[92.9584,13.0149],[92.9613,13.0154],[92.965,13.0133],[92.9707,13.0115],[92.9741,13.013],[92.9744,13.0159],[92.969,13.0176],[92.9694,13.0217],[92.9669,13.0246],[92.966,13.0291],[92.9729,13.0282],[92.9792,13.0264],[92.9814,13.0244],[92.9866,13.0254],[92.9902,13.0241],[92.9936,13.0252],[92.991,13.0282],[92.9912,13.0314],[92.9966,13.0306],[93,13.0315],[93.001,13.0281],[93.0034,13.0282],[93.0091,13.0351],[93.0109,13.0402],[93.0098,13.0427],[93.0137,13.044],[93.0132,13.0484],[93.016,13.0499],[93.0199,13.0495],[93.0229,13.0549],[93.0232,13.0578],[93.0299,13.0672],[93.0292,13.0701],[93.0268,13.0713],[93.0257,13.0742],[93.0294,13.0802],[93.0326,13.0801],[93.0346,13.0828],[93.0353,13.0899],[93.0337,13.0954],[93.0346,13.099],[93.0331,13.1019],[93.0316,13.1154],[93.033,13.1224],[93.0302,13.1274],[93.0311,13.1301],[93.0363,13.1383],[93.037,13.1406],[93.0355,13.1439],[93.0361,13.149],[93.0341,13.1561],[93.0335,13.1613],[93.0342,13.1663],[93.0365,13.1683],[93.037,13.1716],[93.0347,13.176],[93.0319,13.178],[93.0333,13.1844],[93.0353,13.1878],[93.0346,13.1897],[93.0366,13.1928],[93.0362,13.195],[93.04,13.2001],[93.0423,13.207],[93.0451,13.2097],[93.0445,13.2159],[93.0432,13.2209],[93.0463,13.2199],[93.0475,13.2245],[93.0537,13.2264],[93.0537,13.2297],[93.0564,13.2321],[93.0559,13.2416],[93.0579,13.2489],[93.0565,13.2514],[93.0567,13.2569],[93.0581,13.2606],[93.0607,13.2634],[93.0633,13.263],[93.0658,13.2734],[93.0536,13.2655],[93.0513,13.263],[93.0466,13.2606],[93.0424,13.2659],[93.0399,13.2705],[93.0424,13.2718],[93.0466,13.2786],[93.0456,13.2828],[93.0425,13.2799],[93.0389,13.2815],[93.036,13.2796],[93.0315,13.2788],[93.0276,13.2821],[93.0254,13.2826],[93.0184,13.2779],[93.0155,13.2782],[93.0111,13.2768],[93.0094,13.2815],[93.0124,13.2838],[93.0158,13.2886],[93.0159,13.2911],[93.0115,13.294],[93.0123,13.2958],[93.0165,13.2937],[93.0212,13.2952],[93.0206,13.2981],[93.0129,13.2985],[93.0073,13.3032],[93.0016,13.3037],[93.0007,13.2999],[92.9979,13.3002],[92.9947,13.2973],[92.9933,13.2994],[92.9866,13.2985],[92.997,13.2905],[92.9867,13.295],[92.9838,13.3001],[92.9868,13.3011],[92.9937,13.3014],[92.9946,13.308],[92.997,13.3149],[92.9909,13.3157],[92.9892,13.3175],[92.9845,13.3183],[92.9773,13.3248],[92.9692,13.3242],[92.9649,13.3282],[92.9596,13.3283],[92.9598,13.3314],[92.9557,13.3354],[92.958,13.3394],[92.9554,13.3438],[92.9622,13.3521],[92.9623,13.357],[92.9646,13.3597],[92.9691,13.3588],[92.9681,13.3551],[92.9702,13.3529],[92.9691,13.3502],[92.9705,13.3468],[92.9749,13.3497],[92.9762,13.347],[92.9749,13.3426],[92.9779,13.3398],[92.9779,13.3368],[92.98,13.332],[92.9835,13.3283],[92.9881,13.33],[92.9872,13.3339],[92.9879,13.3402],[92.9898,13.3429],[92.9942,13.3457],[92.9992,13.3505],[93.0002,13.3492],[93.0045,13.3522],[93.0107,13.3527],[93.0153,13.3487],[93.0188,13.3494],[93.0238,13.3477],[93.026,13.3444],[93.0284,13.3458],[93.0324,13.3446],[93.034,13.3492],[93.0375,13.3493],[93.0412,13.3515],[93.0411,13.3552],[93.0363,13.3602],[93.0333,13.3609],[93.0357,13.3654],[93.0401,13.3682],[93.0358,13.3704],[93.0344,13.376],[93.0407,13.3754],[93.0441,13.3778],[93.0478,13.3752],[93.0483,13.3794],[93.0501,13.3836],[93.0511,13.3898],[93.055,13.3917],[93.0604,13.392],[93.0631,13.3901],[93.0652,13.3914],[93.0642,13.3943],[93.0685,13.3966],[93.0679,13.4007],[93.0684,13.4079],[93.0648,13.4063],[93.061,13.4019],[93.059,13.4071],[93.0619,13.4179],[93.06,13.4216],[93.0546,13.4121],[93.0515,13.4104],[93.0484,13.4056],[93.0454,13.4047],[93.0453,13.4095],[93.0415,13.4144],[93.036,13.4175],[93.0373,13.4218],[93.0392,13.4237],[93.0395,13.4276],[93.0372,13.4279],[93.0326,13.4252],[93.0305,13.428],[93.0212,13.4303],[93.0219,13.4332],[93.026,13.4341],[93.0319,13.433],[93.0331,13.4365],[93.0352,13.4375],[93.0366,13.4413],[93.034,13.4423],[93.0334,13.4471],[93.035,13.449],[93.0326,13.4577],[93.0299,13.4611],[93.0256,13.4606],[93.017,13.4633],[93.0178,13.4658],[93.0225,13.468],[93.025,13.4663],[93.0313,13.4645],[93.0348,13.4678],[93.035,13.472],[93.0338,13.4747],[93.0378,13.4803],[93.0364,13.4843],[93.0392,13.4863],[93.0406,13.4923],[93.0393,13.4945],[93.0408,13.5014],[93.0428,13.5039],[93.0423,13.5088],[93.0435,13.5141],[93.0421,13.5191],[93.0442,13.5244],[93.0438,13.5312],[93.0415,13.5339],[93.0402,13.5382],[93.0409,13.5409],[93.039,13.5441],[93.0377,13.5512],[93.0357,13.5547],[93.0336,13.564],[93.03,13.5699],[93.0284,13.5776],[93.0252,13.5798],[93.0212,13.5761],[93.0183,13.576],[93.0142,13.5722],[93.0138,13.569],[93.0118,13.5667],[93.0119,13.5605],[93.0127,13.5564],[93.012,13.5513],[93.009,13.5497],[93.007,13.555],[93.0083,13.5591],[93.0037,13.5663],[92.9972,13.5678],[92.9892,13.5751],[92.9859,13.5738],[92.9821,13.5694],[92.9823,13.5615],[92.9837,13.5567],[92.9796,13.5557],[92.9789,13.5498],[92.983,13.5447],[92.9827,13.5407],[92.9877,13.5367],[92.9858,13.5289],[92.9816,13.5271],[92.9807,13.5299],[92.9776,13.5321],[92.9748,13.5367],[92.9715,13.544],[92.9671,13.5489],[92.9635,13.5496],[92.9621,13.5455],[92.9578,13.5433],[92.956,13.5455],[92.9497,13.5447],[92.9477,13.5428],[92.9477,13.5393],[92.9456,13.5378],[92.9412,13.5378],[92.9388,13.5405],[92.9357,13.5418],[92.9318,13.5404],[92.9243,13.5399],[92.9171,13.5383],[92.9136,13.5351],[92.9113,13.5291],[92.9138,13.5208],[92.9158,13.5205],[92.9181,13.5232],[92.9207,13.5209],[92.9268,13.5223],[92.9261,13.5159],[92.921,13.5138],[92.9174,13.5171],[92.9143,13.5148],[92.9124,13.5084],[92.9144,13.5062],[92.9186,13.51],[92.9223,13.5094],[92.9241,13.505],[92.924,13.5015],[92.9303,13.4961],[92.9286,13.4948],[92.9294,13.4914],[92.9272,13.4862],[92.9267,13.4825],[92.9311,13.4824],[92.9319,13.4786],[92.9312,13.4747],[92.9292,13.4718],[92.9273,13.4764],[92.9311,13.4791],[92.9263,13.4817],[92.9258,13.4849],[92.9283,13.491],[92.9269,13.4966],[92.9249,13.4989],[92.9201,13.4991],[92.9158,13.5007],[92.9123,13.4984],[92.9044,13.4983],[92.9006,13.4934],[92.9031,13.4911],[92.9015,13.4884],[92.9023,13.4859],[92.8997,13.4823],[92.8992,13.4786],[92.8937,13.4751],[92.892,13.4781],[92.8862,13.4793],[92.8833,13.4778],[92.875,13.476],[92.875,13.4721],[92.8688,13.4738],[92.8702,13.4701],[92.8689,13.465],[92.8708,13.4612],[92.8717,13.4548],[92.8704,13.4497],[92.8716,13.4446],[92.8787,13.442],[92.8802,13.4396],[92.8791,13.4358],[92.8771,13.4349],[92.8732,13.4364],[92.8715,13.4333],[92.8772,13.4337],[92.8802,13.4315],[92.8799,13.4289],[92.8733,13.4273],[92.8725,13.4248],[92.869,13.425],[92.8669,13.4223],[92.8677,13.4164],[92.8722,13.4147],[92.8736,13.4122],[92.874,13.4033],[92.875,13.4014],[92.8811,13.3964],[92.8838,13.3967],[92.8858,13.4003],[92.8828,13.4029],[92.8828,13.4059],[92.8867,13.4058],[92.8866,13.4017],[92.8922,13.403],[92.8968,13.3997],[92.8927,13.3967],[92.8892,13.4],[92.8826,13.3953],[92.8789,13.3961],[92.873,13.4024],[92.8726,13.4096],[92.8709,13.4136],[92.8678,13.4149],[92.8616,13.414],[92.8599,13.4094],[92.8537,13.4093],[92.849,13.4129],[92.8446,13.4121],[92.8421,13.4096],[92.8386,13.4],[92.8373,13.3924],[92.8425,13.3894],[92.8444,13.387],[92.8502,13.3891],[92.8501,13.3864],[92.8536,13.385],[92.8581,13.3852],[92.8594,13.3837],[92.8569,13.3801],[92.8525,13.3791],[92.847,13.3765],[92.8424,13.3789],[92.8338,13.3752],[92.8336,13.3733],[92.8367,13.3706],[92.8346,13.369],[92.8305,13.3699],[92.8322,13.3577],[92.8319,13.3546],[92.8286,13.3528],[92.8334,13.3468],[92.8291,13.3408],[92.8331,13.3383],[92.8307,13.3361],[92.8284,13.3364],[92.8255,13.3337],[92.8229,13.3256],[92.8252,13.3217],[92.825,13.318],[92.8206,13.3113],[92.8224,13.309],[92.8238,13.3042],[92.8273,13.3062],[92.8305,13.3033],[92.8341,13.305],[92.8356,13.3037],[92.8399,13.3045],[92.8408,13.3012],[92.8343,13.297],[92.8341,13.2928],[92.8374,13.2891],[92.8321,13.2871],[92.8275,13.2901],[92.8227,13.2892],[92.8209,13.2836],[92.8214,13.2806],[92.8194,13.2791],[92.8206,13.2739],[92.8144,13.2756],[92.8117,13.2739],[92.8112,13.2706],[92.8141,13.2682],[92.819,13.2685],[92.8207,13.2707],[92.8242,13.2702],[92.8263,13.267],[92.8327,13.2683],[92.8364,13.2632],[92.837,13.2602],[92.845,13.2606],[92.8498,13.2628],[92.8513,13.2617],[92.8513,13.2516],[92.8468,13.2429],[92.8431,13.244],[92.8404,13.2424],[92.836,13.2438],[92.8333,13.2418],[92.83,13.2428],[92.8255,13.2372],[92.8267,13.2336],[92.8264,13.2286],[92.8248,13.2262],[92.8243,13.2201],[92.8225,13.2167],[92.8267,13.2152],[92.8321,13.2145],[92.8285,13.2105]]],[[[94.2651,13.4633],[94.2623,13.4664],[94.2583,13.4638],[94.2532,13.4659],[94.2513,13.4618],[94.2478,13.46],[94.2431,13.4522],[94.242,13.4492],[94.2393,13.4476],[94.2398,13.4404],[94.2425,13.4387],[94.2453,13.4329],[94.2533,13.4325],[94.2561,13.4362],[94.2611,13.4383],[94.265,13.4434],[94.2668,13.4542],[94.2646,13.4571],[94.2663,13.4623],[94.2651,13.4633]]],[[[92.9018,13.6039],[92.8919,13.6027],[92.8854,13.5976],[92.8823,13.5919],[92.8801,13.5826],[92.8801,13.5775],[92.8842,13.5737],[92.8896,13.5756],[92.8918,13.5821],[92.8955,13.5876],[92.9003,13.5905],[92.9033,13.5949],[92.9039,13.5987],[92.9018,13.6039]]],[[[93.0639,13.6549],[93.0616,13.6558],[93.0552,13.6548],[93.0515,13.6523],[93.05,13.648],[93.0475,13.6491],[93.0451,13.6474],[93.0454,13.6417],[93.0427,13.6427],[93.0409,13.6385],[93.0418,13.6276],[93.044,13.6259],[93.0444,13.621],[93.0484,13.6219],[93.0547,13.6362],[93.0551,13.6427],[93.0579,13.6447],[93.0637,13.6467],[93.0676,13.6512],[93.0639,13.6549]]],[[[93.0155,13.677],[93.0119,13.6771],[93.0059,13.6749],[93.0028,13.6727],[92.9917,13.6689],[92.9835,13.6682],[92.9797,13.6666],[92.9753,13.6629],[92.9766,13.661],[92.9737,13.6585],[92.9712,13.6522],[92.9717,13.6474],[92.9741,13.6433],[92.9762,13.6444],[92.9772,13.65],[92.9802,13.648],[92.9826,13.6407],[92.9867,13.6403],[92.9915,13.642],[93.0022,13.6475],[93.0078,13.6459],[93.0096,13.6428],[93.0134,13.6433],[93.0123,13.6396],[93.0129,13.6361],[93.016,13.6343],[93.0159,13.6292],[93.0203,13.6258],[93.0198,13.6221],[93.0248,13.625],[93.0278,13.6249],[93.0326,13.6312],[93.032,13.6347],[93.029,13.6375],[93.0285,13.6429],[93.026,13.648],[93.0247,13.6569],[93.0256,13.6607],[93.0231,13.6688],[93.0263,13.6718],[93.023,13.6751],[93.0155,13.677]]],[[[74.1568,14.7368],[74.1578,14.7391],[74.1542,14.7421],[74.1524,14.7403],[74.1568,14.7368]]],[[[74.1463,14.7602],[74.1456,14.7631],[74.1391,14.7631],[74.1384,14.7609],[74.1432,14.7583],[74.1463,14.7602]]],[[[74.1135,14.7574],[74.1087,14.7617],[74.1053,14.7613],[74.1085,14.7571],[74.1135,14.7574]]],[[[74.098,14.8461],[74.0975,14.8424],[74.1008,14.8415],[74.1014,14.8448],[74.098,14.8461]]],[[[73.7818,15.3548],[73.774,15.3532],[73.7708,15.351],[73.7825,15.3506],[73.7842,15.3525],[73.7818,15.3548]]],[[[73.797,15.3784],[73.7943,15.3781],[73.7938,15.3746],[73.7968,15.3732],[73.7988,15.3778],[73.797,15.3784]]],[[[73.4601,16.0457],[73.4578,16.0413],[73.4604,16.039],[73.4618,16.0436],[73.4601,16.0457]]],[[[82.3195,16.5728],[82.3151,16.572],[82.3159,16.5691],[82.3186,16.5687],[82.3195,16.5728]]],[[[82.3446,16.6069],[82.343,16.6066],[82.3403,16.6007],[82.3356,16.5956],[82.3295,16.5951],[82.3313,16.5918],[82.3361,16.5899],[82.3368,16.5934],[82.3404,16.5967],[82.3429,16.6006],[82.3446,16.6069]]],[[[72.9017,18.9632],[72.9004,18.9603],[72.905,18.9576],[72.9062,18.9594],[72.9017,18.9632]]],[[[72.9384,18.9717],[72.9328,18.968],[72.9286,18.967],[72.9257,18.9639],[72.9248,18.9601],[72.9307,18.9552],[72.9352,18.9529],[72.9376,18.9607],[72.942,18.9658],[72.9414,18.9695],[72.9384,18.9717]]],[[[72.8109,19.0794],[72.8082,19.0786],[72.8074,19.0745],[72.8107,19.0739],[72.8109,19.0794]]],[[[72.7328,19.4667],[72.7309,19.4682],[72.7283,19.4662],[72.7317,19.4616],[72.7364,19.4658],[72.7328,19.4667]]],[[[86.8055,20.3958],[86.8044,20.3976],[86.7992,20.4002],[86.7971,20.3968],[86.8006,20.3945],[86.7996,20.3914],[86.7965,20.3925],[86.7966,20.3864],[86.7956,20.3795],[86.7976,20.3766],[86.7958,20.3702],[86.7984,20.3648],[86.8027,20.367],[86.807,20.3724],[86.8077,20.3763],[86.8074,20.3846],[86.8055,20.3958]]],[[[86.7879,20.3835],[86.7906,20.387],[86.7941,20.3888],[86.7931,20.3908],[86.7912,20.4018],[86.7925,20.4095],[86.7951,20.4172],[86.7982,20.424],[86.8017,20.4295],[86.8068,20.4419],[86.8082,20.4531],[86.8071,20.4608],[86.8012,20.4705],[86.7997,20.4814],[86.7981,20.4884],[86.7932,20.4931],[86.7962,20.4842],[86.796,20.4792],[86.7976,20.4722],[86.7995,20.469],[86.7988,20.4658],[86.7957,20.4592],[86.7992,20.4539],[86.7992,20.4395],[86.7972,20.4386],[86.7909,20.4334],[86.7915,20.4284],[86.7911,20.4224],[86.7894,20.4143],[86.7909,20.411],[86.7886,20.405],[86.7868,20.4048],[86.7889,20.3952],[86.787,20.3874],[86.7879,20.3835]]],[[[87.0864,20.7638],[87.0824,20.7639],[87.0797,20.761],[87.0792,20.7578],[87.0728,20.7556],[87.0742,20.7526],[87.0814,20.7539],[87.0942,20.7533],[87.0929,20.7568],[87.0884,20.7606],[87.0864,20.7638]]],[[[86.9817,20.7777],[86.9837,20.7813],[86.982,20.7848],[86.9788,20.7804],[86.9817,20.7777]]],[[[71.5179,20.9123],[71.5153,20.9128],[71.5136,20.9091],[71.5093,20.9046],[71.5165,20.9032],[71.5214,20.9048],[71.5179,20.9101],[71.5179,20.9123]]],[[[87.4301,21.5862],[87.4261,21.5863],[87.4218,21.5828],[87.4132,21.5685],[87.4184,21.5705],[87.4233,21.5801],[87.4301,21.5862]]],[[[72.7527,21.5657],[72.7543,21.5693],[72.7556,21.5764],[72.7643,21.5852],[72.7687,21.5944],[72.7645,21.5953],[72.7568,21.594],[72.7489,21.5871],[72.7434,21.5787],[72.748,21.5678],[72.7527,21.5657]]],[[[88.0173,21.5601],[88.0104,21.5593],[88.0099,21.5527],[88.0128,21.5472],[88.0159,21.5473],[88.0184,21.5511],[88.0187,21.5556],[88.0173,21.5601]]],[[[72.3608,21.5922],[72.3612,21.5957],[72.3595,21.5982],[72.3546,21.6021],[72.3515,21.6072],[72.3491,21.6059],[72.3528,21.5992],[72.3551,21.5925],[72.3608,21.5922]]],[[[88.1727,21.5842],[88.1697,21.585],[88.1659,21.5903],[88.166,21.5969],[88.1639,21.5971],[88.1639,21.5861],[88.1671,21.582],[88.1692,21.5766],[88.1713,21.5675],[88.1723,21.5588],[88.1756,21.55],[88.1782,21.5468],[88.187,21.5425],[88.1929,21.541],[88.197,21.541],[88.2041,21.546],[88.2023,21.5479],[88.1993,21.5469],[88.195,21.5477],[88.1921,21.5543],[88.1886,21.5579],[88.1875,21.5675],[88.1855,21.5729],[88.185,21.5771],[88.1857,21.5826],[88.1796,21.5848],[88.1727,21.5842]]],[[[88.3478,21.58],[88.3519,21.585],[88.3514,21.5925],[88.3497,21.594],[88.3448,21.5944],[88.3418,21.5921],[88.3403,21.5882],[88.343,21.5813],[88.3478,21.58]]],[[[72.7676,21.657],[72.7627,21.6564],[72.7576,21.6521],[72.7546,21.6509],[72.7504,21.6515],[72.7433,21.6458],[72.7397,21.6447],[72.7322,21.6448],[72.7227,21.6458],[72.7179,21.6475],[72.713,21.6473],[72.7086,21.6461],[72.7024,21.6458],[72.6919,21.644],[72.6855,21.6443],[72.6807,21.6458],[72.6742,21.6456],[72.6688,21.6443],[72.6627,21.6411],[72.6545,21.6387],[72.6449,21.6347],[72.6343,21.632],[72.6285,21.6298],[72.6239,21.627],[72.6186,21.6218],[72.6179,21.617],[72.6184,21.6126],[72.6166,21.6084],[72.6113,21.6023],[72.6113,21.5933],[72.6078,21.5911],[72.6071,21.5823],[72.6059,21.578],[72.6059,21.5733],[72.6076,21.5664],[72.6065,21.5646],[72.6078,21.5587],[72.6115,21.5523],[72.6056,21.5515],[72.602,21.5492],[72.5988,21.5487],[72.6025,21.5558],[72.5986,21.5646],[72.601,21.5766],[72.599,21.5803],[72.5936,21.5816],[72.5911,21.5851],[72.5837,21.5845],[72.5802,21.5857],[72.5799,21.582],[72.5832,21.5818],[72.5828,21.5778],[72.5788,21.5729],[72.5762,21.5715],[72.577,21.565],[72.5758,21.5601],[72.5766,21.5548],[72.5747,21.5508],[72.5771,21.5449],[72.5778,21.5361],[72.5756,21.5318],[72.5806,21.529],[72.5866,21.5314],[72.5908,21.5348],[72.5976,21.5355],[72.6082,21.5329],[72.6104,21.5304],[72.6133,21.5311],[72.6177,21.5357],[72.6225,21.5389],[72.6287,21.5392],[72.6344,21.5386],[72.6364,21.5336],[72.6422,21.5322],[72.6465,21.5371],[72.6446,21.5422],[72.6469,21.5476],[72.6594,21.5566],[72.663,21.5613],[72.6653,21.5666],[72.6705,21.5731],[72.6737,21.5754],[72.6784,21.5752],[72.6851,21.579],[72.6924,21.5814],[72.6941,21.5833],[72.6948,21.588],[72.6992,21.5886],[72.7076,21.586],[72.7139,21.5908],[72.7186,21.5896],[72.7221,21.5845],[72.728,21.5859],[72.7397,21.5965],[72.748,21.6006],[72.7506,21.5994],[72.7645,21.607],[72.7707,21.6091],[72.7869,21.6082],[72.7932,21.6084],[72.8108,21.617],[72.8198,21.6239],[72.8256,21.6344],[72.8259,21.6388],[72.8191,21.6475],[72.8159,21.6528],[72.8067,21.6504],[72.7964,21.6507],[72.7793,21.6532],[72.7762,21.6548],[72.7676,21.657]]],[[[72.7603,21.6601],[72.7531,21.6576],[72.755,21.6543],[72.7603,21.6601]]],[[[72.7335,21.6516],[72.7358,21.6542],[72.737,21.6597],[72.7299,21.6559],[72.7287,21.6525],[72.7307,21.6504],[72.7335,21.6516]]],[[[72.7503,21.6578],[72.7489,21.6614],[72.7404,21.6543],[72.739,21.6494],[72.7404,21.6473],[72.7443,21.6497],[72.7443,21.6532],[72.7464,21.6563],[72.7503,21.6578]]],[[[72.7378,21.6636],[72.7343,21.6649],[72.7296,21.6618],[72.7202,21.662],[72.7152,21.6595],[72.7197,21.6577],[72.7215,21.6552],[72.7279,21.6542],[72.7282,21.6565],[72.7383,21.6614],[72.7378,21.6636]]],[[[88.5086,21.5922],[88.5035,21.5951],[88.4987,21.601],[88.4962,21.5993],[88.4905,21.5889],[88.4871,21.5778],[88.4883,21.5754],[88.4875,21.5704],[88.4853,21.5649],[88.4847,21.5526],[88.4864,21.5492],[88.49,21.547],[88.4993,21.5479],[88.4999,21.5429],[88.4969,21.5402],[88.5063,21.5342],[88.509,21.5336],[88.5146,21.5302],[88.5209,21.5278],[88.5345,21.5272],[88.5424,21.533],[88.5452,21.5332],[88.5478,21.5367],[88.5387,21.5435],[88.5353,21.5499],[88.5339,21.5541],[88.5341,21.5579],[88.5317,21.5646],[88.5342,21.5708],[88.5339,21.5729],[88.5372,21.5755],[88.5365,21.5792],[88.532,21.584],[88.5204,21.5867],[88.5086,21.5922]]],[[[72.7333,21.6661],[72.7264,21.6704],[72.7214,21.6688],[72.7171,21.6633],[72.727,21.6623],[72.7298,21.6628],[72.7333,21.6661]]],[[[88.3486,21.6003],[88.3521,21.6043],[88.3539,21.6119],[88.3528,21.6195],[88.3513,21.6222],[88.3486,21.6229],[88.3449,21.6185],[88.3434,21.6121],[88.3439,21.6055],[88.3468,21.6008],[88.3486,21.6003]]],[[[88.834,21.608],[88.8298,21.6032],[88.8306,21.5972],[88.8289,21.5857],[88.8291,21.5821],[88.827,21.5783],[88.8295,21.5662],[88.8268,21.566],[88.8298,21.5602],[88.8311,21.5513],[88.8423,21.5478],[88.842,21.5462],[88.8518,21.5401],[88.856,21.5366],[88.8633,21.5364],[88.8737,21.5346],[88.8814,21.5342],[88.8916,21.538],[88.8967,21.5418],[88.906,21.5476],[88.9057,21.5556],[88.9002,21.5696],[88.8975,21.5753],[88.8919,21.5812],[88.8889,21.581],[88.8849,21.5831],[88.879,21.5881],[88.877,21.5916],[88.8689,21.5967],[88.8613,21.5976],[88.8556,21.5997],[88.8472,21.6016],[88.837,21.6054],[88.834,21.608]]],[[[89.1511,21.6],[89.1464,21.6004],[89.1431,21.5956],[89.1393,21.5971],[89.1401,21.6003],[89.137,21.6014],[89.1352,21.5991],[89.136,21.5948],[89.1422,21.5925],[89.1473,21.5935],[89.1504,21.5966],[89.1511,21.6]]],[[[88.5389,21.6389],[88.5296,21.6497],[88.5264,21.6526],[88.5227,21.6584],[88.5217,21.6492],[88.5204,21.6465],[88.5225,21.6388],[88.5206,21.6377],[88.5221,21.6321],[88.5214,21.6241],[88.5183,21.6216],[88.5126,21.6105],[88.5133,21.608],[88.5117,21.6033],[88.5128,21.6004],[88.5175,21.5978],[88.5232,21.5976],[88.5324,21.5946],[88.5384,21.5897],[88.5439,21.5818],[88.5461,21.5768],[88.5452,21.5696],[88.5469,21.5654],[88.5559,21.5603],[88.5593,21.5612],[88.5677,21.569],[88.5737,21.5732],[88.5822,21.5835],[88.5838,21.5867],[88.5854,21.5935],[88.5849,21.5968],[88.5873,21.6038],[88.5864,21.6072],[88.5841,21.6076],[88.5806,21.6144],[88.5758,21.6185],[88.5691,21.6258],[88.5563,21.6335],[88.5523,21.6349],[88.5446,21.6361],[88.5389,21.6389]]],[[[88.0429,21.6923],[88.046,21.6981],[88.0444,21.6987],[88.0429,21.6923]]],[[[88.0532,21.7031],[88.0545,21.7067],[88.0562,21.7101],[88.0555,21.7114],[88.0537,21.7109],[88.0522,21.7049],[88.0532,21.7031]]],[[[88.6351,21.6629],[88.6385,21.6665],[88.641,21.6727],[88.6424,21.6792],[88.6372,21.6798],[88.6314,21.6745],[88.6276,21.6606],[88.6266,21.6557],[88.6286,21.6515],[88.6316,21.6494],[88.6361,21.6509],[88.634,21.6579],[88.6351,21.6629]]],[[[88.3094,21.7049],[88.3066,21.7056],[88.3057,21.6996],[88.3113,21.6891],[88.3145,21.6802],[88.3161,21.6724],[88.3161,21.6627],[88.3139,21.6521],[88.3094,21.6396],[88.3075,21.6325],[88.3066,21.6236],[88.3064,21.6149],[88.3091,21.608],[88.3178,21.6052],[88.3228,21.6078],[88.3269,21.6132],[88.3396,21.6194],[88.3406,21.6231],[88.3443,21.6276],[88.3461,21.6332],[88.3434,21.6376],[88.3505,21.6468],[88.3498,21.6485],[88.3448,21.6492],[88.3464,21.6546],[88.3437,21.6619],[88.3475,21.6667],[88.3516,21.6749],[88.3503,21.6805],[88.3434,21.6921],[88.3337,21.6998],[88.3289,21.7021],[88.3191,21.7039],[88.3134,21.7037],[88.3094,21.7049]]],[[[88.1939,21.6876],[88.1951,21.6907],[88.1994,21.6954],[88.2038,21.6978],[88.212,21.699],[88.2136,21.7001],[88.2113,21.7109],[88.2082,21.7138],[88.2058,21.7184],[88.2035,21.7258],[88.1952,21.7189],[88.1895,21.7133],[88.1858,21.7077],[88.1823,21.6996],[88.1813,21.6902],[88.1802,21.6858],[88.182,21.6827],[88.1822,21.6731],[88.1858,21.6652],[88.1853,21.661],[88.1878,21.656],[88.1894,21.6506],[88.1918,21.6479],[88.1961,21.6459],[88.1941,21.643],[88.1939,21.6378],[88.1993,21.6266],[88.2023,21.612],[88.2058,21.6037],[88.2084,21.6001],[88.2128,21.5984],[88.2149,21.6002],[88.211,21.6083],[88.2101,21.6142],[88.2111,21.6205],[88.2151,21.6262],[88.2197,21.6304],[88.2308,21.642],[88.231,21.645],[88.2267,21.6543],[88.2259,21.6575],[88.2264,21.6653],[88.226,21.6698],[88.2226,21.6702],[88.2122,21.6695],[88.2004,21.6738],[88.1985,21.6754],[88.1953,21.682],[88.1939,21.6876]]],[[[88.7498,21.6496],[88.7438,21.6521],[88.7303,21.6641],[88.7078,21.6814],[88.7018,21.6879],[88.6993,21.6953],[88.6983,21.7104],[88.6948,21.7186],[88.6925,21.7202],[88.6902,21.7073],[88.6867,21.6895],[88.6844,21.6843],[88.6873,21.6793],[88.698,21.6686],[88.7064,21.6608],[88.714,21.6513],[88.7175,21.644],[88.7188,21.6347],[88.7185,21.6266],[88.7175,21.6228],[88.7121,21.6147],[88.7108,21.6055],[88.7083,21.5978],[88.7072,21.5901],[88.7086,21.5847],[88.7154,21.5725],[88.7262,21.5666],[88.7387,21.564],[88.742,21.5622],[88.7467,21.5651],[88.7597,21.5648],[88.7761,21.5698],[88.7781,21.5749],[88.7842,21.577],[88.7948,21.5821],[88.7971,21.588],[88.8,21.5912],[88.7972,21.5971],[88.7911,21.6039],[88.776,21.6196],[88.773,21.6258],[88.7716,21.6318],[88.7738,21.6401],[88.7769,21.6435],[88.7747,21.6493],[88.769,21.656],[88.7592,21.6525],[88.7524,21.648],[88.7498,21.6496]]],[[[88.2012,21.7283],[88.2041,21.7342],[88.2075,21.7548],[88.2049,21.7583],[88.2032,21.7473],[88.2005,21.7403],[88.1945,21.7308],[88.195,21.7244],[88.2012,21.7283]]],[[[88.4152,21.7252],[88.4112,21.731],[88.4076,21.7348],[88.4021,21.7367],[88.3989,21.744],[88.4002,21.7517],[88.3958,21.7546],[88.3945,21.7537],[88.391,21.7384],[88.3891,21.7358],[88.3839,21.7323],[88.3721,21.7295],[88.3693,21.7282],[88.3701,21.7244],[88.3737,21.7239],[88.3872,21.7264],[88.3962,21.7252],[88.4017,21.721],[88.404,21.7158],[88.4048,21.7118],[88.403,21.7053],[88.3985,21.6976],[88.3906,21.6902],[88.3882,21.6896],[88.3825,21.683],[88.382,21.6729],[88.3825,21.6663],[88.381,21.6625],[88.3855,21.6555],[88.3855,21.6524],[88.3895,21.6395],[88.389,21.6368],[88.3859,21.6367],[88.3857,21.6326],[88.3871,21.6295],[88.393,21.6253],[88.3933,21.6214],[88.3886,21.6147],[88.3847,21.6108],[88.3881,21.602],[88.3955,21.5966],[88.3967,21.5901],[88.4076,21.5903],[88.4081,21.5948],[88.4069,21.6013],[88.4059,21.6023],[88.4118,21.6118],[88.4232,21.6174],[88.431,21.619],[88.4323,21.6259],[88.431,21.63],[88.427,21.6371],[88.4175,21.645],[88.4117,21.6532],[88.4111,21.6558],[88.4108,21.6662],[88.4142,21.6734],[88.4118,21.6785],[88.4113,21.6855],[88.4134,21.6931],[88.4196,21.6984],[88.4281,21.7025],[88.4246,21.7082],[88.4227,21.715],[88.42,21.72],[88.4172,21.7204],[88.4152,21.7252]]],[[[88.3877,21.7628],[88.3781,21.7664],[88.3703,21.7638],[88.3599,21.7633],[88.3476,21.7602],[88.3447,21.7572],[88.3432,21.7533],[88.3452,21.7377],[88.3481,21.729],[88.3485,21.7225],[88.3459,21.7179],[88.3387,21.7139],[88.3389,21.7101],[88.3443,21.7023],[88.3507,21.6919],[88.3562,21.6881],[88.3571,21.6865],[88.3629,21.6856],[88.3657,21.688],[88.3654,21.6908],[88.3724,21.6944],[88.3754,21.697],[88.3835,21.7007],[88.3922,21.7083],[88.3947,21.7146],[88.3915,21.7179],[88.3875,21.7186],[88.3764,21.717],[88.3707,21.7179],[88.3673,21.7196],[88.3635,21.7247],[88.3639,21.7299],[88.3654,21.7331],[88.3715,21.7366],[88.3826,21.7379],[88.3857,21.7402],[88.3871,21.7434],[88.3873,21.7502],[88.3863,21.7517],[88.3901,21.7585],[88.3877,21.7628]]],[[[88.1981,21.7691],[88.1932,21.7796],[88.1903,21.7701],[88.1907,21.7659],[88.193,21.7652],[88.1924,21.7594],[88.1977,21.7653],[88.1981,21.7691]]],[[[88.3013,21.7518],[88.3011,21.7549],[88.2983,21.7668],[88.2962,21.7707],[88.289,21.7786],[88.2866,21.769],[88.2855,21.7549],[88.2808,21.7414],[88.2798,21.7349],[88.2817,21.7329],[88.2834,21.7268],[88.2871,21.7196],[88.2916,21.7155],[88.2991,21.7185],[88.3009,21.7254],[88.305,21.7325],[88.3047,21.7362],[88.3025,21.7441],[88.3013,21.7518]]],[[[88.604,21.7256],[88.6136,21.7283],[88.6176,21.7309],[88.6195,21.7343],[88.6189,21.7392],[88.6122,21.7427],[88.6072,21.7435],[88.5984,21.7471],[88.5944,21.75],[88.5878,21.7529],[88.5844,21.7581],[88.5841,21.7616],[88.5859,21.7672],[88.5846,21.7743],[88.5822,21.7764],[88.5783,21.7737],[88.5717,21.7714],[88.5689,21.7695],[88.5825,21.7545],[88.5846,21.7484],[88.5849,21.7431],[88.5837,21.7369],[88.579,21.7288],[88.5805,21.7261],[88.5864,21.7243],[88.5929,21.7205],[88.6023,21.7255],[88.604,21.7256]]],[[[88.1815,21.7838],[88.1857,21.7902],[88.1823,21.7957],[88.1791,21.7993],[88.1763,21.7935],[88.1767,21.7913],[88.1815,21.7838]]],[[[88.6084,21.7846],[88.6031,21.7849],[88.5926,21.7832],[88.5888,21.7766],[88.5886,21.763],[88.5874,21.7572],[88.599,21.7513],[88.6043,21.7475],[88.6117,21.7472],[88.6193,21.7434],[88.6217,21.74],[88.6232,21.7331],[88.6203,21.728],[88.6105,21.7223],[88.6,21.718],[88.5971,21.7157],[88.598,21.7129],[88.6035,21.7078],[88.6109,21.7048],[88.6126,21.7088],[88.6205,21.7186],[88.6276,21.7293],[88.6299,21.7361],[88.6295,21.7454],[88.6297,21.7515],[88.6277,21.7614],[88.6253,21.7656],[88.6257,21.7712],[88.6225,21.7791],[88.6186,21.7835],[88.6084,21.7846]]],[[[88.4222,21.8106],[88.4202,21.8115],[88.4168,21.8092],[88.4111,21.8031],[88.408,21.8012],[88.4024,21.7954],[88.3871,21.7828],[88.3836,21.7791],[88.3842,21.7751],[88.388,21.7735],[88.3889,21.7682],[88.3958,21.7617],[88.396,21.757],[88.3995,21.7544],[88.4036,21.7542],[88.4011,21.7432],[88.4032,21.7384],[88.4116,21.7345],[88.4147,21.7309],[88.4214,21.7208],[88.4266,21.7184],[88.4271,21.7146],[88.4301,21.7107],[88.4329,21.7022],[88.4289,21.6956],[88.4198,21.6902],[88.4191,21.6829],[88.4207,21.6735],[88.421,21.662],[88.4204,21.6531],[88.4261,21.6455],[88.4295,21.6429],[88.4369,21.6325],[88.4411,21.6228],[88.4403,21.6149],[88.4367,21.6097],[88.4306,21.6049],[88.4353,21.604],[88.4398,21.6068],[88.4475,21.6085],[88.4502,21.6118],[88.4557,21.626],[88.4534,21.6258],[88.4555,21.632],[88.4595,21.6398],[88.46,21.6485],[88.4632,21.6536],[88.4652,21.6608],[88.465,21.6656],[88.4689,21.6665],[88.469,21.6694],[88.4715,21.6747],[88.4677,21.6826],[88.466,21.6874],[88.4622,21.6942],[88.46,21.6962],[88.4593,21.7005],[88.4574,21.7039],[88.4549,21.7051],[88.4528,21.7185],[88.4541,21.7257],[88.4539,21.7308],[88.4558,21.75],[88.4553,21.7524],[88.4586,21.7636],[88.4578,21.767],[88.4628,21.7826],[88.4708,21.7907],[88.4712,21.7931],[88.466,21.7933],[88.4622,21.7889],[88.4552,21.7893],[88.4489,21.7946],[88.4471,21.7974],[88.4418,21.8005],[88.4324,21.7981],[88.4275,21.8024],[88.426,21.8092],[88.4222,21.8106]]],[[[88.5797,21.7174],[88.5736,21.7227],[88.5721,21.732],[88.5738,21.7422],[88.5726,21.7478],[88.5681,21.7555],[88.5616,21.7621],[88.5599,21.7711],[88.5618,21.7759],[88.5646,21.7796],[88.574,21.7859],[88.5704,21.7932],[88.5618,21.8025],[88.557,21.8048],[88.5554,21.8078],[88.5432,21.8117],[88.5414,21.8104],[88.5275,21.7973],[88.5162,21.7874],[88.5113,21.7788],[88.5078,21.7712],[88.5063,21.7584],[88.5082,21.7492],[88.5129,21.7393],[88.5132,21.7357],[88.5182,21.7308],[88.5191,21.7278],[88.5193,21.7212],[88.5184,21.7153],[88.5203,21.7089],[88.5223,21.7057],[88.5234,21.7005],[88.5272,21.6954],[88.5281,21.6924],[88.5259,21.6865],[88.5288,21.6829],[88.5305,21.6755],[88.5309,21.6708],[88.5299,21.6675],[88.5262,21.6642],[88.5286,21.6571],[88.5311,21.6528],[88.5374,21.645],[88.5423,21.6409],[88.5493,21.6384],[88.5565,21.6389],[88.5628,21.6357],[88.5668,21.6351],[88.5819,21.6256],[88.587,21.6201],[88.5949,21.6154],[88.5967,21.6126],[88.6027,21.6125],[88.6061,21.6146],[88.6087,21.6199],[88.6078,21.6254],[88.6048,21.6269],[88.6009,21.6351],[88.6009,21.6372],[88.5984,21.6434],[88.5945,21.6492],[88.5934,21.6555],[88.5914,21.6595],[88.5989,21.6642],[88.6027,21.6681],[88.6072,21.6759],[88.6054,21.6787],[88.6086,21.6815],[88.6063,21.6845],[88.5987,21.6896],[88.5924,21.6962],[88.5883,21.7059],[88.5884,21.7128],[88.5835,21.7172],[88.5797,21.7174]]],[[[88.4832,21.8349],[88.4751,21.834],[88.4731,21.8293],[88.4684,21.8217],[88.4528,21.8143],[88.4532,21.8108],[88.4565,21.8083],[88.4633,21.8006],[88.4646,21.8001],[88.4777,21.8],[88.4807,21.8005],[88.4855,21.7989],[88.4881,21.8026],[88.4994,21.8108],[88.4984,21.8207],[88.4955,21.8246],[88.4908,21.8289],[88.488,21.8341],[88.4832,21.8349]]],[[[88.1907,21.8306],[88.1952,21.8395],[88.1919,21.8435],[88.1818,21.8521],[88.1768,21.8574],[88.1717,21.865],[88.1662,21.8682],[88.1679,21.8627],[88.1715,21.8587],[88.1786,21.844],[88.1824,21.8384],[88.1888,21.8311],[88.1907,21.8306]]],[[[88.1486,21.8497],[88.145,21.8562],[88.1409,21.8586],[88.1412,21.8618],[88.1371,21.8697],[88.1361,21.8752],[88.1322,21.8738],[88.121,21.8627],[88.1193,21.8558],[88.1171,21.8512],[88.1139,21.8507],[88.112,21.847],[88.1018,21.8325],[88.0993,21.8261],[88.0979,21.8176],[88.0958,21.8126],[88.0923,21.809],[88.085,21.794],[88.0836,21.7835],[88.0796,21.7818],[88.0768,21.7774],[88.0734,21.7595],[88.0765,21.7518],[88.072,21.7498],[88.071,21.7479],[88.0702,21.7408],[88.0634,21.7374],[88.0656,21.7332],[88.0599,21.73],[88.0552,21.7209],[88.0539,21.7119],[88.0562,21.7116],[88.0569,21.7097],[88.0561,21.7091],[88.0547,21.7055],[88.0544,21.7008],[88.0496,21.6869],[88.0458,21.686],[88.0434,21.6784],[88.0416,21.676],[88.0419,21.6705],[88.0449,21.6704],[88.0447,21.6666],[88.042,21.6531],[88.043,21.6495],[88.0473,21.6452],[88.0573,21.6394],[88.0672,21.6358],[88.0791,21.6337],[88.0815,21.636],[88.0845,21.6361],[88.0902,21.6386],[88.0905,21.6309],[88.0923,21.6301],[88.1122,21.6273],[88.115,21.6256],[88.1239,21.6257],[88.1272,21.6291],[88.1339,21.6276],[88.1406,21.6324],[88.1426,21.6391],[88.1451,21.639],[88.1453,21.6451],[88.1435,21.649],[88.1442,21.6612],[88.1421,21.6635],[88.1433,21.67],[88.1414,21.6714],[88.14,21.6754],[88.1347,21.6765],[88.1344,21.679],[88.1396,21.6798],[88.1489,21.6801],[88.1532,21.682],[88.1526,21.695],[88.1558,21.7044],[88.1595,21.7122],[88.1647,21.7198],[88.1672,21.7324],[88.1706,21.7363],[88.1713,21.7401],[88.1691,21.7508],[88.1685,21.7744],[88.1689,21.7825],[88.166,21.7901],[88.1657,21.7959],[88.1677,21.8041],[88.171,21.8091],[88.1683,21.8136],[88.1687,21.8184],[88.1663,21.8247],[88.1571,21.8321],[88.1535,21.8388],[88.1507,21.8462],[88.1486,21.8497]]],[[[88.1743,21.8637],[88.1742,21.8673],[88.1668,21.8787],[88.1648,21.8784],[88.1692,21.8688],[88.1743,21.8637]]],[[[88.5665,21.88],[88.5587,21.8796],[88.555,21.8772],[88.5534,21.8721],[88.5539,21.8681],[88.5583,21.8578],[88.56,21.8515],[88.5598,21.8468],[88.556,21.8382],[88.552,21.8319],[88.5559,21.8281],[88.5588,21.8295],[88.5653,21.8458],[88.5674,21.8488],[88.5738,21.8556],[88.5743,21.8619],[88.5738,21.8694],[88.5744,21.8797],[88.5665,21.88]]],[[[88.5617,21.8972],[88.5552,21.8994],[88.5472,21.9031],[88.5434,21.904],[88.5411,21.9],[88.5427,21.8975],[88.5468,21.8947],[88.5488,21.892],[88.5487,21.8876],[88.5505,21.88],[88.5493,21.8768],[88.5426,21.8712],[88.5415,21.869],[88.5444,21.8609],[88.5426,21.8538],[88.5316,21.8488],[88.5311,21.8455],[88.5336,21.8373],[88.5357,21.8335],[88.5428,21.8296],[88.5466,21.8241],[88.549,21.8175],[88.5542,21.8173],[88.5542,21.8251],[88.5503,21.8315],[88.5511,21.8347],[88.5555,21.8408],[88.5581,21.8457],[88.5585,21.8521],[88.5566,21.8578],[88.5533,21.8647],[88.5519,21.8702],[88.553,21.8767],[88.5549,21.8794],[88.5608,21.8818],[88.5684,21.8819],[88.5743,21.8811],[88.5762,21.8831],[88.5754,21.8887],[88.5704,21.9005],[88.5617,21.8972]]],[[[88.1303,21.9302],[88.1241,21.9307],[88.1164,21.9234],[88.1154,21.9192],[88.1186,21.9129],[88.1189,21.9104],[88.123,21.907],[88.1266,21.9],[88.13,21.8991],[88.1346,21.9014],[88.1377,21.9045],[88.145,21.9169],[88.1344,21.9278],[88.1303,21.9302]]],[[[88.6486,21.9179],[88.6385,21.9222],[88.6362,21.9211],[88.6312,21.9101],[88.617,21.896],[88.6031,21.8745],[88.5979,21.8627],[88.5919,21.8525],[88.5848,21.845],[88.5802,21.8347],[88.5768,21.8179],[88.5782,21.8135],[88.5824,21.808],[88.5863,21.8015],[88.592,21.7976],[88.5965,21.7971],[88.603,21.7983],[88.61,21.7987],[88.6211,21.7966],[88.6314,21.791],[88.6437,21.7879],[88.6442,21.7898],[88.6449,21.8077],[88.6459,21.8156],[88.6489,21.8246],[88.6504,21.8369],[88.6505,21.8497],[88.6521,21.8577],[88.6516,21.8598],[88.6546,21.8651],[88.6528,21.8725],[88.6548,21.8754],[88.6567,21.8844],[88.6592,21.8881],[88.6629,21.8979],[88.666,21.902],[88.6701,21.9124],[88.6701,21.9142],[88.665,21.9143],[88.6536,21.9178],[88.6486,21.9179]]],[[[88.9373,21.9148],[88.9248,21.9226],[88.9174,21.9288],[88.9118,21.9309],[88.9084,21.9243],[88.9026,21.921],[88.8884,21.9164],[88.8816,21.917],[88.8749,21.9199],[88.8678,21.9158],[88.8597,21.9127],[88.8493,21.9127],[88.8386,21.9178],[88.8339,21.9209],[88.8282,21.9263],[88.8216,21.9302],[88.819,21.9293],[88.8225,21.9186],[88.8254,21.9139],[88.8337,21.91],[88.8399,21.9064],[88.8496,21.8965],[88.8532,21.8889],[88.8545,21.8797],[88.8537,21.8662],[88.843,21.8555],[88.8384,21.8478],[88.8368,21.843],[88.8374,21.8319],[88.8415,21.8156],[88.8412,21.8066],[88.839,21.7944],[88.8349,21.7858],[88.8351,21.7828],[88.84,21.7819],[88.8502,21.7824],[88.8583,21.781],[88.8635,21.7785],[88.8733,21.772],[88.8772,21.7666],[88.8803,21.7459],[88.8716,21.7191],[88.87,21.7104],[88.8696,21.7042],[88.8715,21.6948],[88.8797,21.6853],[88.8825,21.674],[88.8841,21.6612],[88.8911,21.6524],[88.9047,21.6459],[88.9091,21.6399],[88.9175,21.6321],[88.923,21.6323],[88.9259,21.6462],[88.9286,21.6552],[88.933,21.6643],[88.9401,21.689],[88.9395,21.6966],[88.9352,21.7028],[88.9259,21.7061],[88.9211,21.7096],[88.9147,21.7162],[88.9138,21.7205],[88.9144,21.7315],[88.922,21.7418],[88.9223,21.7448],[88.9202,21.7488],[88.9173,21.7514],[88.9159,21.7552],[88.9162,21.7591],[88.9208,21.7624],[88.9228,21.7612],[88.9313,21.7498],[88.9317,21.7444],[88.9309,21.7388],[88.9275,21.7319],[88.9218,21.7235],[88.9213,21.7215],[88.9368,21.7127],[88.9464,21.705],[88.949,21.702],[88.9513,21.6939],[88.9528,21.6812],[88.9435,21.6621],[88.943,21.6567],[88.9387,21.6461],[88.9451,21.6386],[88.9499,21.6316],[88.9542,21.6272],[88.9606,21.6249],[88.9683,21.6198],[88.9798,21.6154],[88.9895,21.616],[88.9953,21.6222],[88.9973,21.622],[88.9991,21.6181],[88.9979,21.6165],[88.998,21.6032],[89.0067,21.6038],[89.0124,21.6031],[89.0238,21.6029],[89.0277,21.6051],[89.0355,21.6154],[89.0365,21.6183],[89.0352,21.6258],[89.0285,21.6297],[89.0233,21.6341],[89.02,21.6404],[89.02,21.6463],[89.0213,21.6519],[89.0241,21.6582],[89.0265,21.6582],[89.027,21.6525],[89.0243,21.6456],[89.0268,21.6385],[89.0292,21.6351],[89.032,21.635],[89.0379,21.6318],[89.0488,21.6239],[89.0507,21.6195],[89.0505,21.6156],[89.0607,21.6157],[89.0681,21.6174],[89.0712,21.6191],[89.0753,21.6238],[89.078,21.6255],[89.0798,21.6293],[89.083,21.6322],[89.0878,21.6344],[89.0942,21.6413],[89.0943,21.6504],[89.0936,21.6637],[89.0853,21.6766],[89.0727,21.6899],[89.0688,21.6904],[89.0674,21.6922],[89.0719,21.6991],[89.0703,21.7062],[89.0641,21.713],[89.0622,21.7175],[89.0616,21.7223],[89.059,21.7257],[89.0556,21.7276],[89.0559,21.7325],[89.0418,21.7411],[89.0377,21.7445],[89.0323,21.7522],[89.0245,21.7604],[89.0225,21.7609],[89.0195,21.7662],[89.0193,21.7704],[89.0158,21.7797],[89.014,21.7904],[89.0124,21.7942],[89.016,21.8128],[89.0183,21.8177],[89.0224,21.8217],[89.0284,21.8314],[89.0291,21.8455],[89.0275,21.8502],[89.0295,21.8541],[89.0313,21.864],[89.029,21.8675],[89.0248,21.8713],[89.0022,21.8842],[88.9839,21.8952],[88.9741,21.8996],[88.9373,21.9148]]],[[[88.568,21.9585],[88.5634,21.9614],[88.5583,21.9708],[88.5563,21.9729],[88.5525,21.9734],[88.5473,21.9727],[88.5444,21.9709],[88.5428,21.965],[88.5427,21.9603],[88.5448,21.9492],[88.5496,21.9402],[88.5508,21.9359],[88.5511,21.9292],[88.5499,21.923],[88.5521,21.9198],[88.5626,21.9155],[88.5685,21.9106],[88.573,21.905],[88.5731,21.9022],[88.5772,21.893],[88.5826,21.8914],[88.5873,21.894],[88.6017,21.9057],[88.606,21.9114],[88.6092,21.9185],[88.61,21.9225],[88.6093,21.9268],[88.606,21.9317],[88.5999,21.9373],[88.5949,21.9471],[88.5888,21.9528],[88.5754,21.9595],[88.568,21.9585]]],[[[88.1233,22.0203],[88.1191,22.0196],[88.1173,22.0176],[88.0911,22.0118],[88.0862,22.0096],[88.0856,22.0062],[88.1038,22.0026],[88.1102,22.0027],[88.1149,21.9993],[88.1252,21.996],[88.135,22.0066],[88.1426,22.0136],[88.1376,22.0182],[88.1304,22.02],[88.1233,22.0203]]],[[[88.6032,21.9912],[88.6064,21.9991],[88.603,21.9975],[88.5992,21.991],[88.5953,21.9883],[88.5881,21.9905],[88.5855,21.9898],[88.5842,21.9868],[88.5788,21.9828],[88.576,21.9779],[88.5768,21.9659],[88.5765,21.9606],[88.5784,21.959],[88.592,21.9515],[88.5957,21.9472],[88.6006,21.9379],[88.6042,21.9347],[88.6081,21.9353],[88.6125,21.9316],[88.615,21.9375],[88.6094,21.9454],[88.6001,21.9621],[88.5986,21.9676],[88.599,21.9742],[88.6032,21.9912]]],[[[69.4544,22.3572],[69.4513,22.3582],[69.4486,22.3568],[69.4409,22.3567],[69.4398,22.3538],[69.4472,22.3515],[69.4525,22.3507],[69.459,22.3522],[69.4581,22.3549],[69.4544,22.3572]]],[[[69.3394,22.386],[69.3363,22.3868],[69.3318,22.3833],[69.3234,22.3813],[69.3284,22.3751],[69.3314,22.3746],[69.3371,22.3778],[69.3398,22.3804],[69.3394,22.386]]],[[[69.4831,22.3917],[69.4846,22.3945],[69.4792,22.3981],[69.477,22.3906],[69.4776,22.388],[69.4854,22.389],[69.4831,22.3917]]],[[[69.5046,22.4344],[69.4995,22.4341],[69.4992,22.4293],[69.5071,22.4201],[69.5151,22.4143],[69.5178,22.4094],[69.5145,22.404],[69.5174,22.3989],[69.5192,22.3938],[69.5218,22.3926],[69.5244,22.3891],[69.524,22.3821],[69.5188,22.3724],[69.5239,22.3704],[69.5273,22.3722],[69.5366,22.3724],[69.5368,22.3756],[69.5386,22.3771],[69.542,22.3778],[69.5495,22.3759],[69.558,22.3759],[69.5588,22.3785],[69.5576,22.3836],[69.5579,22.3869],[69.5562,22.39],[69.5528,22.3919],[69.5554,22.3993],[69.5537,22.4046],[69.5507,22.408],[69.5417,22.4097],[69.5413,22.4131],[69.5375,22.416],[69.5339,22.4212],[69.5308,22.4239],[69.5256,22.4264],[69.5234,22.4287],[69.5184,22.4299],[69.5102,22.4304],[69.5046,22.4344]]],[[[69.6289,22.4589],[69.6252,22.4587],[69.6166,22.4544],[69.6143,22.452],[69.6033,22.4487],[69.5955,22.4444],[69.5908,22.4397],[69.5899,22.4357],[69.5915,22.4323],[69.5903,22.4307],[69.5964,22.4244],[69.6022,22.4216],[69.6068,22.4172],[69.6189,22.4128],[69.6224,22.411],[69.6365,22.4057],[69.6416,22.4127],[69.6425,22.415],[69.646,22.417],[69.6485,22.4204],[69.6554,22.4239],[69.6568,22.4269],[69.6541,22.4303],[69.6512,22.4304],[69.6486,22.4344],[69.6462,22.4446],[69.6411,22.449],[69.6356,22.4524],[69.6289,22.4589]]],[[[69.3014,22.4651],[69.3031,22.4687],[69.3022,22.4733],[69.2984,22.4719],[69.2923,22.4592],[69.297,22.458],[69.3,22.4547],[69.3112,22.4512],[69.3215,22.4516],[69.326,22.4566],[69.3274,22.4617],[69.3235,22.4693],[69.3166,22.4724],[69.3045,22.4695],[69.3014,22.4651]]],[[[69.1375,22.4762],[69.1332,22.4765],[69.1268,22.475],[69.1082,22.4662],[69.1041,22.4653],[69.094,22.4609],[69.0928,22.4579],[69.0944,22.4538],[69.0944,22.4458],[69.0965,22.4442],[69.0965,22.4412],[69.0909,22.4383],[69.0897,22.434],[69.0863,22.4306],[69.0844,22.4222],[69.0884,22.4224],[69.0893,22.4257],[69.0953,22.4311],[69.1036,22.4328],[69.1078,22.4376],[69.1065,22.4444],[69.1094,22.452],[69.1073,22.4589],[69.1117,22.4642],[69.1154,22.4668],[69.1228,22.4681],[69.1267,22.4657],[69.1324,22.4665],[69.1385,22.4624],[69.1421,22.4631],[69.1433,22.4589],[69.1463,22.4625],[69.147,22.4659],[69.1502,22.4683],[69.148,22.4733],[69.1425,22.4764],[69.1375,22.4762]]],[[[69.9438,22.5205],[69.9451,22.5234],[69.9407,22.5311],[69.9356,22.5247],[69.9329,22.5193],[69.936,22.5171],[69.94,22.5167],[69.9438,22.5205]]],[[[69.9363,22.5318],[69.9284,22.5308],[69.9275,22.5244],[69.9306,22.5218],[69.9345,22.5251],[69.9363,22.5318]]],[[[69.9577,22.5389],[69.9639,22.5424],[69.9602,22.5438],[69.9576,22.5413],[69.9577,22.5389]]],[[[70.0515,22.5449],[70.0489,22.5477],[70.047,22.5519],[70.0439,22.5535],[70.0402,22.5528],[70.0402,22.5475],[70.038,22.5439],[70.0388,22.5398],[70.0362,22.5388],[70.0349,22.5356],[70.0391,22.5337],[70.0393,22.5317],[70.0425,22.5296],[70.0426,22.5264],[70.0461,22.5236],[70.0482,22.5238],[70.0516,22.5272],[70.0543,22.5319],[70.0489,22.5394],[70.052,22.5408],[70.0553,22.5441],[70.0515,22.5449]]],[[[70.0193,22.5481],[70.023,22.5527],[70.0172,22.5517],[70.0121,22.5497],[70.0193,22.5481]]],[[[70.0118,22.5522],[70.0007,22.552],[70.0051,22.5499],[70.0118,22.5522]]],[[[69.9313,22.5437],[69.9294,22.5452],[69.922,22.548],[69.9168,22.5488],[69.9133,22.5477],[69.9056,22.5421],[69.9042,22.5385],[69.8953,22.5276],[69.891,22.5244],[69.8843,22.524],[69.8782,22.5269],[69.8687,22.5292],[69.864,22.5295],[69.8647,22.5269],[69.8722,22.5231],[69.8857,22.5203],[69.8949,22.5169],[69.9016,22.5153],[69.91,22.5148],[69.9135,22.5134],[69.9187,22.5145],[69.9296,22.5186],[69.9306,22.52],[69.9268,22.5235],[69.9266,22.5272],[69.928,22.5313],[69.9345,22.5346],[69.9289,22.5389],[69.9313,22.5437]]],[[[69.9511,22.5505],[69.9444,22.5504],[69.9399,22.5487],[69.9395,22.5395],[69.9421,22.5374],[69.9484,22.5363],[69.9536,22.5386],[69.9566,22.5457],[69.9545,22.5487],[69.9511,22.5505]]],[[[70.0148,22.5534],[70.0243,22.5561],[70.0251,22.5589],[70.0179,22.5582],[70.0135,22.5555],[70.0148,22.5534]]],[[[69.3239,22.5266],[69.3213,22.5274],[69.317,22.5255],[69.3159,22.5229],[69.3191,22.5176],[69.3302,22.5096],[69.336,22.507],[69.3388,22.507],[69.3463,22.5043],[69.3506,22.5042],[69.3565,22.5088],[69.3635,22.5122],[69.3572,22.5206],[69.3541,22.5239],[69.3472,22.5255],[69.3387,22.5238],[69.3329,22.5256],[69.3284,22.5243],[69.3239,22.5266]]],[[[70.0119,22.5892],[70.0108,22.5918],[70.0049,22.5928],[70.0026,22.5922],[69.998,22.5879],[69.9949,22.5866],[69.9935,22.5828],[69.986,22.5829],[69.9756,22.5801],[69.9759,22.5784],[69.9674,22.5758],[69.9636,22.5726],[69.9634,22.5695],[69.9584,22.5603],[69.9592,22.5506],[69.9637,22.5464],[69.9675,22.5457],[69.9735,22.5463],[69.9773,22.5486],[69.9814,22.5474],[69.9885,22.5479],[69.9938,22.5512],[70.0002,22.5542],[69.9971,22.5579],[70.0012,22.5594],[70.0042,22.5547],[70.0069,22.5546],[70.0136,22.5587],[70.018,22.5634],[70.0225,22.5651],[70.0255,22.5703],[70.0258,22.5764],[70.0268,22.5791],[70.0233,22.5826],[70.0236,22.5866],[70.0185,22.589],[70.0151,22.5877],[70.0119,22.5892]]],[[[70.4389,22.9779],[70.4524,22.9875],[70.4549,22.9914],[70.456,22.9975],[70.4357,22.9843],[70.4315,22.9803],[70.4297,22.976],[70.4389,22.9779]]],[[[70.4512,23.0254],[70.4526,23.0264],[70.4565,23.0332],[70.4575,23.0399],[70.4559,23.0429],[70.4522,23.0341],[70.4483,23.0266],[70.4512,23.0254]]],[[[70.4369,23.0472],[70.4317,23.0452],[70.428,23.0425],[70.4215,23.0351],[70.4164,23.0259],[70.4181,23.0229],[70.4216,23.0269],[70.4295,23.0327],[70.4396,23.0431],[70.4416,23.0475],[70.4369,23.0472]]],[[[70.4135,22.9867],[70.4218,22.9962],[70.4312,23.0062],[70.4375,23.0177],[70.4414,23.0299],[70.4449,23.0366],[70.4454,23.0396],[70.4495,23.049],[70.4441,23.0461],[70.4334,23.0335],[70.4234,23.0262],[70.4156,23.0172],[70.4141,23.0123],[70.413,23.002],[70.4104,22.9989],[70.4111,22.9894],[70.4135,22.9867]]],[[[70.464,23.0434],[70.4733,23.0517],[70.4797,23.0567],[70.4835,23.0615],[70.4801,23.0619],[70.4641,23.0528],[70.4614,23.0495],[70.4608,23.0454],[70.464,23.0434]]],[[[68.5292,23.6886],[68.5272,23.687],[68.5267,23.6783],[68.5241,23.6616],[68.532,23.6633],[68.5321,23.6667],[68.5292,23.6695],[68.529,23.6742],[68.5321,23.673],[68.5359,23.6734],[68.5386,23.6705],[68.5428,23.6713],[68.5468,23.6744],[68.5434,23.6792],[68.5437,23.6826],[68.5386,23.6856],[68.5344,23.685],[68.5355,23.6787],[68.5329,23.6763],[68.5292,23.6886]]],[[[74.7119,37.0638],[74.7089,37.0733],[74.7078,37.0857],[74.7057,37.0878],[74.6901,37.0881],[74.6812,37.0867],[74.6671,37.0796],[74.6524,37.0701],[74.6448,37.0671],[74.6338,37.0637],[74.6224,37.0614],[74.6048,37.0592],[74.5894,37.0592],[74.5817,37.0576],[74.5681,37.0518],[74.5731,37.0507],[74.5767,37.0481],[74.5788,37.042],[74.5801,37.031],[74.5804,37.021],[74.5793,37.0126],[74.5766,37.0012],[74.5754,36.9989],[74.5742,36.99],[74.5711,36.9793],[74.5691,36.9703],[74.5657,36.9593],[74.5605,36.9572],[74.5426,36.9614],[74.5393,36.9647],[74.5373,36.9774],[74.5343,36.9832],[74.5309,36.9876],[74.523,36.9951],[74.5138,36.9965],[74.4958,36.9962],[74.4751,36.9972],[74.4657,36.9973],[74.4511,36.9982],[74.4381,36.996],[74.4264,36.9957],[74.4171,36.9934],[74.4127,36.9845],[74.4082,36.9816],[74.4011,36.979],[74.3887,36.9735],[74.381,36.974],[74.3757,36.9734],[74.3656,36.9672],[74.3561,36.9631],[74.3469,36.9572],[74.3301,36.9406],[74.3291,36.9381],[74.3211,36.9325],[74.3187,36.9301],[74.3044,36.9213],[74.2974,36.9177],[74.2826,36.9092],[74.2726,36.9041],[74.264,36.9014],[74.249,36.8936],[74.2418,36.8952],[74.2259,36.9016],[74.2211,36.9027],[74.2047,36.9041],[74.189,36.9058],[74.1694,36.9093],[74.1558,36.9105],[74.1517,36.9044],[74.1442,36.8909],[74.1426,36.8865],[74.1399,36.8718],[74.137,36.863],[74.1353,36.8501],[74.1335,36.8479],[74.126,36.843],[74.1163,36.8357],[74.1136,36.8357],[74.1028,36.8393],[74.0888,36.8421],[74.0798,36.8388],[74.0724,36.8341],[74.0633,36.8267],[74.0499,36.8136],[74.0465,36.8108],[74.0397,36.8151],[74.0315,36.8236],[74.0251,36.8274],[74.0171,36.83],[74.0084,36.8338],[73.9954,36.8342],[73.982,36.8296],[73.9685,36.8369],[73.9615,36.8393],[73.9572,36.8434],[73.9506,36.8458],[73.947,36.8504],[73.9413,36.8621],[73.933,36.8682],[73.921,36.8792],[73.9149,36.883],[73.9068,36.8838],[73.9019,36.8812],[73.8961,36.8767],[73.893,36.8755],[73.8826,36.881],[73.8705,36.8942],[73.8593,36.8973],[73.8384,36.8995],[73.8315,36.9012],[73.8204,36.9031],[73.8147,36.8944],[73.8102,36.8886],[73.8007,36.8875],[73.7996,36.8936],[73.7968,36.8984],[73.7941,36.9002],[73.7869,36.9002],[73.7736,36.8963],[73.7702,36.9012],[73.7655,36.9052],[73.7588,36.9053],[73.7513,36.9097],[73.7449,36.9089],[73.7388,36.9041],[73.7335,36.8989],[73.7287,36.898],[73.7206,36.9007],[73.7035,36.9121],[73.6972,36.9143],[73.69,36.9143],[73.6711,36.9117],[73.6714,36.9045],[73.6677,36.9004],[73.6653,36.8918],[73.6655,36.8854],[73.667,36.8809],[73.6825,36.8734],[73.6873,36.8699],[73.6894,36.8659],[73.6995,36.8607],[73.7062,36.858],[73.707,36.8464],[73.7055,36.8378],[73.7118,36.8344],[73.7198,36.8363],[73.7253,36.8351],[73.732,36.831],[73.7366,36.8301],[73.7387,36.826],[73.7473,36.8277],[73.7491,36.8274],[73.7544,36.8189],[73.7588,36.8162],[73.774,36.815],[73.7881,36.819],[73.7942,36.8192],[73.7979,36.8165],[73.7959,36.8056],[73.7964,36.8025],[73.8004,36.7993],[73.8015,36.7942],[73.8064,36.7908],[73.8148,36.789],[73.8196,36.79],[73.827,36.7938],[73.8316,36.7953],[73.837,36.7951],[73.8401,36.7937],[73.8532,36.776],[73.868,36.7663],[73.8756,36.7581],[73.8793,36.7533],[73.8834,36.7453],[73.8841,36.7392],[73.8831,36.733],[73.8853,36.7299],[73.8754,36.7231],[73.8736,36.7206],[73.8786,36.7099],[73.8767,36.7047],[73.8718,36.7014],[73.867,36.7008],[73.8574,36.7023],[73.8487,36.7024],[73.8403,36.706],[73.8205,36.7115],[73.8125,36.7148],[73.7956,36.7188],[73.7845,36.7146],[73.7799,36.7104],[73.7748,36.7021],[73.7659,36.7047],[73.7567,36.7063],[73.749,36.7071],[73.7408,36.709],[73.7367,36.7088],[73.7271,36.7133],[73.7172,36.7117],[73.7099,36.7123],[73.7036,36.7052],[73.6999,36.7033],[73.695,36.6991],[73.6928,36.6939],[73.6922,36.6891],[73.6893,36.6876],[73.6831,36.6866],[73.6766,36.6871],[73.6632,36.6911],[73.6484,36.6931],[73.638,36.6979],[73.6348,36.6982],[73.6253,36.6914],[73.6216,36.6903],[73.6156,36.6911],[73.6126,36.6933],[73.6068,36.6949],[73.5927,36.6928],[73.59,36.6945],[73.5865,36.6994],[73.5856,36.7095],[73.5793,36.7224],[73.5543,36.7096],[73.5498,36.7161],[73.5342,36.7114],[73.5249,36.7098],[73.5199,36.7103],[73.5151,36.7162],[73.5125,36.7217],[73.5098,36.7219],[73.5042,36.7189],[73.4999,36.7139],[73.4976,36.7131],[73.4913,36.7147],[73.4875,36.7172],[73.4793,36.7195],[73.4791,36.7231],[73.4686,36.7285],[73.4664,36.7324],[73.462,36.735],[73.4587,36.7326],[73.4467,36.7289],[73.4339,36.731],[73.428,36.7331],[73.426,36.7363],[73.4253,36.7429],[73.4214,36.743],[73.4164,36.741],[73.4102,36.7348],[73.4033,36.7343],[73.3989,36.733],[73.3944,36.7301],[73.3899,36.7298],[73.3842,36.7329],[73.3738,36.7311],[73.367,36.7317],[73.3583,36.7341],[73.3516,36.735],[73.3521,36.7282],[73.3483,36.722],[73.3478,36.7164],[73.3446,36.7147],[73.3336,36.7143],[73.3108,36.7143],[73.3039,36.7063],[73.2941,36.7042],[73.2857,36.7038],[73.2668,36.7062],[73.2556,36.7045],[73.2461,36.7054],[73.238,36.7115],[73.2348,36.7071],[73.2288,36.7015],[73.2198,36.6978],[73.2095,36.6955],[73.2014,36.6955],[73.1923,36.6977],[73.1867,36.7012],[73.1855,36.7049],[73.1866,36.7103],[73.1823,36.7125],[73.175,36.718],[73.1706,36.7191],[73.1679,36.713],[73.1625,36.7076],[73.1527,36.7034],[73.1381,36.6985],[73.1286,36.6934],[73.123,36.6896],[73.1194,36.6856],[73.1164,36.6842],[73.1058,36.6859],[73.0952,36.6834],[73.0845,36.6894],[73.0676,36.7006],[73.0703,36.6887],[73.0707,36.6798],[73.0717,36.6776],[73.0804,36.67],[73.0803,36.6652],[73.078,36.6529],[73.0789,36.65],[73.0798,36.6388],[73.0761,36.6338],[73.0741,36.6288],[73.0813,36.6236],[73.0915,36.6178],[73.0963,36.6135],[73.0979,36.6099],[73.0972,36.606],[73.094,36.5999],[73.0877,36.5933],[73.0795,36.5856],[73.078,36.5692],[73.0747,36.5666],[73.0619,36.5612],[73.0585,36.5582],[73.0525,36.5487],[73.0537,36.5409],[73.0519,36.533],[73.0448,36.5307],[73.0341,36.5292],[73.0253,36.5262],[73.0177,36.525],[73.0002,36.5181],[72.9903,36.513],[72.9779,36.5115],[72.9788,36.5075],[72.9828,36.5015],[72.9789,36.4991],[72.9747,36.4943],[72.9748,36.4735],[72.9823,36.4747],[72.9875,36.4728],[72.9879,36.4693],[72.9826,36.4656],[72.9825,36.4617],[72.9794,36.4573],[72.9734,36.4538],[72.9634,36.4584],[72.9556,36.4593],[72.9497,36.4619],[72.9461,36.4662],[72.9388,36.4611],[72.9286,36.4549],[72.9236,36.4535],[72.9187,36.455],[72.9081,36.4609],[72.9046,36.4601],[72.9008,36.456],[72.8942,36.4513],[72.8866,36.4443],[72.8734,36.4392],[72.8638,36.4374],[72.8592,36.4337],[72.8677,36.4251],[72.8746,36.4196],[72.8758,36.4169],[72.8707,36.4118],[72.8701,36.4075],[72.8718,36.4004],[72.8755,36.3946],[72.8741,36.3904],[72.8641,36.3789],[72.8586,36.3751],[72.851,36.3724],[72.8537,36.3663],[72.8482,36.3658],[72.8401,36.3673],[72.8351,36.3658],[72.8245,36.3609],[72.8161,36.3564],[72.8086,36.351],[72.806,36.3451],[72.805,36.3353],[72.8033,36.3308],[72.7999,36.3279],[72.794,36.3277],[72.7889,36.3261],[72.7782,36.3173],[72.7739,36.3159],[72.7703,36.3091],[72.7659,36.3084],[72.7609,36.3046],[72.7609,36.3007],[72.7565,36.2973],[72.7519,36.3003],[72.7483,36.3012],[72.7394,36.3003],[72.7311,36.2983],[72.7266,36.2907],[72.7211,36.2898],[72.7197,36.285],[72.7141,36.2847],[72.7134,36.2786],[72.7076,36.2744],[72.6926,36.2734],[72.689,36.2714],[72.6806,36.271],[72.6773,36.2653],[72.6742,36.2622],[72.6782,36.2578],[72.6834,36.2493],[72.6848,36.2439],[72.68,36.2433],[72.6702,36.2545],[72.6651,36.2557],[72.6622,36.2581],[72.6545,36.2592],[72.6445,36.2584],[72.6355,36.2626],[72.624,36.2688],[72.6117,36.2695],[72.6051,36.2634],[72.5987,36.2619],[72.5942,36.2592],[72.5877,36.2589],[72.5807,36.2526],[72.5777,36.2469],[72.5769,36.2426],[72.5727,36.2391],[72.5733,36.2342],[72.5722,36.2311],[72.5739,36.2238],[72.5649,36.2144],[72.5575,36.214],[72.5555,36.2117],[72.5473,36.2054],[72.5505,36.1985],[72.5456,36.1954],[72.5445,36.1868],[72.5402,36.1791],[72.5358,36.1755],[72.5381,36.1715],[72.5455,36.1679],[72.5512,36.1613],[72.5503,36.1539],[72.5507,36.15],[72.5535,36.1467],[72.5612,36.144],[72.5617,36.1399],[72.5591,36.1374],[72.5478,36.1301],[72.5404,36.1277],[72.5341,36.1167],[72.5276,36.1102],[72.5208,36.0983],[72.5201,36.0863],[72.5185,36.0753],[72.5167,36.0673],[72.5259,36.0598],[72.5357,36.0473],[72.5445,36.0464],[72.5583,36.0461],[72.5644,36.0472],[72.5688,36.0446],[72.5739,36.0392],[72.5794,36.0358],[72.5846,36.0251],[72.5816,36.0217],[72.5835,36.0171],[72.5809,36.0133],[72.5711,36.0084],[72.5678,36.0028],[72.5673,35.9981],[72.5593,35.9936],[72.5623,35.9891],[72.56,35.987],[72.5488,35.9824],[72.5393,35.9862],[72.5387,35.9851],[72.5425,35.9742],[72.5424,35.9695],[72.5358,35.9611],[72.5344,35.9574],[72.5354,35.9521],[72.5315,35.9498],[72.5264,35.9503],[72.5131,35.9387],[72.5137,35.9345],[72.5169,35.9321],[72.515,35.9267],[72.5168,35.912],[72.5185,35.9055],[72.5237,35.9037],[72.5316,35.9031],[72.5345,35.9014],[72.5369,35.8978],[72.543,35.8945],[72.5465,35.896],[72.551,35.896],[72.5565,35.8979],[72.5595,35.8958],[72.5606,35.8894],[72.5654,35.8876],[72.5705,35.8821],[72.5742,35.8736],[72.58,35.8644],[72.5851,35.8594],[72.6046,35.8617],[72.6115,35.8609],[72.6167,35.8546],[72.62,35.8535],[72.6252,35.8578],[72.6308,35.8565],[72.6422,35.8464],[72.6497,35.8389],[72.6646,35.8303],[72.6779,35.8237],[72.6844,35.8225],[72.6999,35.831],[72.7126,35.8429],[72.7234,35.8522],[72.7266,35.8531],[72.7362,35.8472],[72.7429,35.8447],[72.7483,35.8407],[72.7614,35.8323],[72.7648,35.8331],[72.7752,35.8415],[72.7794,35.8426],[72.7843,35.8415],[72.7865,35.8425],[72.7875,35.8494],[72.7874,35.8553],[72.7918,35.8594],[72.7966,35.8602],[72.8034,35.8586],[72.8082,35.8591],[72.8125,35.8659],[72.814,35.8751],[72.8157,35.8801],[72.8192,35.8817],[72.8326,35.8709],[72.8393,35.8671],[72.8433,35.8673],[72.8552,35.8711],[72.8728,35.8747],[72.8827,35.8755],[72.8911,35.8737],[72.8936,35.8714],[72.8929,35.8674],[72.889,35.8543],[72.8893,35.8488],[72.8924,35.8445],[72.8984,35.8408],[72.9184,35.8391],[72.9296,35.8402],[72.9583,35.8472],[72.9733,35.8542],[72.9776,35.8574],[72.9871,35.8598],[72.9944,35.8595],[73.0002,35.8578],[73.0063,35.8526],[73.0123,35.8493],[73.0243,35.8467],[73.0288,35.8471],[73.0349,35.8497],[73.058,35.8627],[73.0682,35.8777],[73.0743,35.8786],[73.0839,35.8775],[73.09,35.8727],[73.096,35.8654],[73.1059,35.8575],[73.1203,35.8478],[73.1408,35.8383],[73.1473,35.8337],[73.1479,35.8287],[73.1412,35.8251],[73.1372,35.8192],[73.1335,35.8018],[73.1279,35.7853],[73.1265,35.7762],[73.1257,35.7569],[73.1273,35.7514],[73.1264,35.7356],[73.1264,35.721],[73.1281,35.7164],[73.1329,35.7108],[73.138,35.7066],[73.1536,35.7003],[73.1577,35.7001],[73.1586,35.6973],[73.1624,35.6932],[73.1839,35.6793],[73.1943,35.6737],[73.2037,35.6708],[73.2126,35.6689],[73.2159,35.6663],[73.2239,35.6576],[73.2312,35.6512],[73.2398,35.6444],[73.2496,35.6385],[73.2599,35.6289],[73.2687,35.6244],[73.2887,35.6152],[73.2997,35.6112],[73.3063,35.6097],[73.3274,35.6062],[73.3416,35.6018],[73.3524,35.5994],[73.3607,35.5983],[73.3635,35.5972],[73.3732,35.5889],[73.3918,35.5677],[73.3939,35.5624],[73.3981,35.5571],[73.4027,35.5574],[73.4246,35.5624],[73.4387,35.5644],[73.4546,35.5674],[73.4702,35.5708],[73.4774,35.5719],[73.4811,35.5713],[73.4959,35.5599],[73.5015,35.5576],[73.5073,35.5579],[73.5129,35.5605],[73.5221,35.5662],[73.5279,35.5673],[73.5367,35.5635],[73.5502,35.5506],[73.5568,35.5468],[73.5616,35.5464],[73.5685,35.5481],[73.5867,35.5539],[73.6017,35.5556],[73.6093,35.5582],[73.6221,35.5678],[73.6284,35.569],[73.638,35.563],[73.6518,35.551],[73.6588,35.5476],[73.6734,35.5447],[73.691,35.5455],[73.7141,35.5489],[73.7213,35.5492],[73.7228,35.5474],[73.7253,35.5395],[73.7253,35.5349],[73.7296,35.5295],[73.7364,35.5277],[73.7525,35.5263],[73.7785,35.5229],[73.7813,35.5124],[73.7827,35.4951],[73.7838,35.4852],[73.7872,35.4706],[73.7886,35.463],[73.792,35.4542],[73.7796,35.4479],[73.763,35.441],[73.7524,35.436],[73.7396,35.429],[73.727,35.419],[73.7149,35.3944],[73.7105,35.3881],[73.6983,35.3757],[73.6954,35.3691],[73.6929,35.3508],[73.6951,35.3322],[73.6948,35.3184],[73.6985,35.3101],[73.7066,35.3],[73.7152,35.2868],[73.7206,35.2799],[73.725,35.273],[73.7241,35.2672],[73.7191,35.2425],[73.7137,35.2321],[73.708,35.2225],[73.7202,35.2144],[73.7294,35.2097],[73.7335,35.2085],[73.7412,35.2149],[73.7566,35.2229],[73.7664,35.2333],[73.7705,35.236],[73.7757,35.2369],[73.8083,35.2395],[73.8284,35.2301],[73.8348,35.2262],[73.8454,35.2246],[73.8483,35.2218],[73.8528,35.2141],[73.8567,35.2099],[73.8612,35.2071],[73.8662,35.2062],[73.8841,35.2101],[73.897,35.2117],[73.9152,35.208],[73.9245,35.2039],[73.9417,35.1865],[73.9517,35.1728],[73.9568,35.168],[73.9624,35.1705],[73.9695,35.1759],[73.9777,35.1806],[73.9831,35.1813],[73.993,35.1799],[74.0003,35.18],[74.0041,35.1817],[74.0053,35.1718],[74.0048,35.1677],[74.009,35.1653],[74.0166,35.1632],[74.0254,35.1527],[74.0308,35.148],[74.0338,35.1469],[74.0441,35.1498],[74.0512,35.1465],[74.0634,35.147],[74.0696,35.1523],[74.0741,35.1526],[74.0801,35.1495],[74.0852,35.1489],[74.0911,35.1416],[74.0958,35.1407],[74.0992,35.1424],[74.1066,35.148],[74.1098,35.149],[74.1133,35.1478],[74.1136,35.1377],[74.1113,35.1339],[74.1071,35.1303],[74.1059,35.1257],[74.111,35.1253],[74.119,35.1184],[74.1279,35.1161],[74.1337,35.11],[74.1339,35.1057],[74.1324,35.1029],[74.1191,35.1042],[74.1114,35.1007],[74.1014,35.0991],[74.1003,35.0973],[74.0939,35.0919],[74.0884,35.0841],[74.0819,35.0794],[74.0808,35.0701],[74.0799,35.0681],[74.0729,35.0614],[74.0712,35.0585],[74.0736,35.0546],[74.0668,35.0468],[74.0734,35.0458],[74.078,35.0387],[74.0894,35.033],[74.0949,35.034],[74.0982,35.0322],[74.102,35.0266],[74.1034,35.0219],[74.1059,35.0184],[74.1097,35.0161],[74.1037,35.0142],[74.0975,35.0105],[74.0948,35.0043],[74.0896,35.0018],[74.0656,34.9978],[74.0593,34.9927],[74.0598,34.987],[74.0633,34.9833],[74.061,34.9769],[74.0622,34.9739],[74.061,34.9677],[74.0644,34.9632],[74.0641,34.9572],[74.0668,34.9517],[74.0675,34.9474],[74.0712,34.9355],[74.0699,34.9337],[74.0644,34.9322],[74.0537,34.9249],[74.0479,34.9229],[74.0389,34.9211],[74.0372,34.9192],[74.0365,34.9111],[74.0343,34.9062],[74.0359,34.8988],[74.0417,34.8925],[74.0384,34.8877],[74.0308,34.883],[74.0299,34.8763],[74.0263,34.874],[74.0204,34.8725],[74.015,34.8752],[74.0057,34.8733],[73.9996,34.8747],[73.9991,34.8689],[73.9927,34.8659],[73.986,34.8645],[73.9766,34.8636],[73.9674,34.8638],[73.9671,34.8571],[73.9647,34.8516],[73.9641,34.8474],[73.9612,34.8431],[73.961,34.8386],[73.958,34.8355],[73.9475,34.8331],[73.9327,34.8331],[73.9289,34.8305],[73.9284,34.8264],[73.9258,34.8176],[73.9194,34.8116],[73.9049,34.8128],[73.8993,34.8188],[73.895,34.819],[73.8888,34.8166],[73.8822,34.8152],[73.8768,34.8156],[73.8709,34.8141],[73.863,34.8096],[73.8567,34.8085],[73.8531,34.8093],[73.8431,34.8143],[73.8377,34.8132],[73.8343,34.8103],[73.827,34.7976],[73.8242,34.7937],[73.818,34.7913],[73.8046,34.7946],[73.8008,34.7947],[73.7929,34.7928],[73.7837,34.7914],[73.7763,34.7954],[73.7723,34.7961],[73.7671,34.7942],[73.7563,34.7874],[73.747,34.7795],[73.7355,34.7717],[73.7314,34.7729],[73.7258,34.7681],[73.7224,34.7634],[73.7208,34.7559],[73.7164,34.748],[73.7118,34.7429],[73.7077,34.7276],[73.7046,34.722],[73.6978,34.7164],[73.688,34.7109],[73.6846,34.7075],[73.6813,34.6969],[73.679,34.6936],[73.6754,34.691],[73.6705,34.6902],[73.6683,34.6884],[73.6665,34.6832],[73.6591,34.6731],[73.6603,34.6661],[73.6635,34.6632],[73.6877,34.6555],[73.6929,34.6533],[73.695,34.6501],[73.6947,34.647],[73.6905,34.6411],[73.6845,34.6352],[73.6779,34.6272],[73.6677,34.618],[73.6627,34.6113],[73.6538,34.6005],[73.6541,34.5964],[73.6578,34.5899],[73.6599,34.5846],[73.6586,34.5766],[73.6552,34.5729],[73.6512,34.5631],[73.646,34.5609],[73.6373,34.5605],[73.633,34.5626],[73.6252,34.5756],[73.6156,34.5813],[73.6111,34.5848],[73.585,34.5851],[73.577,34.5836],[73.5723,34.5837],[73.5561,34.5898],[73.555,34.5896],[73.5447,34.5788],[73.5387,34.5738],[73.5322,34.571],[73.5272,34.5704],[73.5172,34.5709],[73.4996,34.5744],[73.4932,34.5748],[73.4761,34.5698],[73.4702,34.5685],[73.4639,34.5719],[73.4538,34.5711],[73.4505,34.5699],[73.4483,34.5671],[73.4435,34.5556],[73.4465,34.5435],[73.4463,34.5396],[73.4409,34.5278],[73.4313,34.5227],[73.4312,34.5192],[73.4356,34.5109],[73.4373,34.5065],[73.4352,34.4849],[73.4335,34.4807],[73.427,34.4737],[73.4219,34.4661],[73.4218,34.4637],[73.4245,34.4603],[73.4263,34.4525],[73.426,34.4393],[73.4277,34.426],[73.4232,34.4189],[73.418,34.4038],[73.414,34.3947],[73.4139,34.3911],[73.4107,34.3846],[73.4092,34.3776],[73.3991,34.3755],[73.3961,34.3716],[73.4008,34.3661],[73.403,34.3623],[73.4043,34.3543],[73.4079,34.3503],[73.4166,34.3504],[73.4213,34.3467],[73.4288,34.347],[73.4307,34.3446],[73.4247,34.3389],[73.4286,34.332],[73.4331,34.3276],[73.4418,34.3246],[73.4445,34.3214],[73.4472,34.3134],[73.4466,34.3061],[73.4455,34.3031],[73.4522,34.3005],[73.459,34.2916],[73.4607,34.2869],[73.4556,34.2808],[73.4567,34.2765],[73.4599,34.2762],[73.472,34.2838],[73.4755,34.2913],[73.4808,34.2894],[73.4821,34.2808],[73.4845,34.2746],[73.4759,34.2677],[73.473,34.2598],[73.4728,34.2523],[73.4737,34.2486],[73.4774,34.2437],[73.482,34.2309],[73.4871,34.2255],[73.496,34.215],[73.4985,34.2112],[73.4986,34.2083],[73.4927,34.2016],[73.4944,34.1953],[73.4939,34.191],[73.4911,34.1853],[73.4936,34.1761],[73.4908,34.1708],[73.4924,34.16],[73.4913,34.1538],[73.4936,34.1472],[73.491,34.1411],[73.4917,34.138],[73.4964,34.1338],[73.4971,34.1309],[73.4944,34.1247],[73.4983,34.1123],[73.4976,34.1049],[73.5007,34.0988],[73.5013,34.094],[73.4992,34.0877],[73.5002,34.0808],[73.5001,34.0733],[73.506,34.0679],[73.5078,34.0649],[73.509,34.0579],[73.5114,34.0494],[73.5118,34.0398],[73.5114,34.0326],[73.5179,34.0218],[73.5182,34.0148],[73.5166,34.0049],[73.5165,33.9988],[73.5261,33.9914],[73.5291,33.9823],[73.5322,33.9782],[73.5325,33.9722],[73.5364,33.9652],[73.5378,33.9563],[73.5454,33.9438],[73.5476,33.9369],[73.5501,33.9338],[73.5577,33.9299],[73.5613,33.9227],[73.5661,33.9179],[73.5712,33.9149],[73.5798,33.9076],[73.5844,33.905],[73.5909,33.8975],[73.5935,33.8898],[73.5933,33.8788],[73.5878,33.8744],[73.5868,33.8709],[73.5872,33.8607],[73.578,33.8475],[73.576,33.8394],[73.5764,33.8304],[73.5747,33.8225],[73.5697,33.8153],[73.5668,33.8],[73.5619,33.7892],[73.5599,33.7813],[73.5638,33.775],[73.5696,33.7721],[73.5748,33.7633],[73.584,33.7601],[73.5946,33.7512],[73.5968,33.7471],[73.5965,33.7434],[73.5987,33.7359],[73.603,33.7285],[73.6036,33.7257],[73.6031,33.7151],[73.6,33.7076],[73.5999,33.705],[73.5972,33.6998],[73.5884,33.6902],[73.5787,33.6836],[73.5775,33.6806],[73.5688,33.671],[73.5675,33.6685],[73.5679,33.6601],[73.5736,33.6478],[73.5773,33.6423],[73.5777,33.6381],[73.576,33.6333],[73.569,33.6246],[73.5672,33.6177],[73.5754,33.6162],[73.5855,33.6167],[73.5883,33.6154],[73.5954,33.6069],[73.5985,33.6002],[73.6091,33.6055],[73.6119,33.6038],[73.6117,33.6008],[73.6059,33.5925],[73.606,33.5866],[73.6108,33.586],[73.6219,33.5808],[73.6287,33.5711],[73.6279,33.5651],[73.6257,33.562],[73.6253,33.5582],[73.6274,33.5497],[73.6241,33.5433],[73.6266,33.5378],[73.6307,33.5352],[73.6376,33.5335],[73.641,33.5317],[73.6411,33.5255],[73.6325,33.5249],[73.6278,33.5225],[73.6257,33.5196],[73.6185,33.5149],[73.6114,33.5131],[73.6121,33.5088],[73.6181,33.5014],[73.62,33.4971],[73.6163,33.4959],[73.6113,33.4993],[73.6054,33.5003],[73.6021,33.4967],[73.6051,33.4916],[73.6042,33.4858],[73.6109,33.4823],[73.6099,33.4726],[73.6163,33.4771],[73.6201,33.4729],[73.6192,33.4649],[73.62,33.4625],[73.6282,33.4615],[73.6321,33.458],[73.6325,33.4494],[73.6309,33.4468],[73.6264,33.448],[73.6159,33.4477],[73.6113,33.4387],[73.6072,33.4381],[73.604,33.44],[73.5961,33.439],[73.5952,33.4372],[73.5959,33.4294],[73.5894,33.4277],[73.5861,33.4252],[73.589,33.4221],[73.5941,33.4231],[73.6017,33.4229],[73.6032,33.4191],[73.6016,33.4168],[73.5909,33.4132],[73.5891,33.4113],[73.5885,33.4057],[73.5819,33.4032],[73.5811,33.3955],[73.5759,33.3939],[73.5733,33.3918],[73.5706,33.3844],[73.5711,33.3794],[73.5651,33.3693],[73.5652,33.3663],[73.5704,33.3583],[73.5742,33.3563],[73.5815,33.3585],[73.5838,33.3557],[73.5804,33.3518],[73.5756,33.3489],[73.5705,33.343],[73.5711,33.3391],[73.5753,33.3375],[73.5772,33.335],[73.5784,33.3286],[73.5831,33.329],[73.5875,33.3355],[73.5936,33.3401],[73.598,33.3375],[73.5996,33.3312],[73.5976,33.3278],[73.5914,33.3272],[73.5893,33.3235],[73.5942,33.3176],[73.5954,33.3104],[73.5956,33.3028],[73.6011,33.2987],[73.6042,33.2983],[73.6132,33.2945],[73.6138,33.2916],[73.6071,33.2878],[73.6053,33.2821],[73.6065,33.2737],[73.6103,33.2658],[73.6143,33.2601],[73.6153,33.2551],[73.613,33.2495],[73.615,33.2473],[73.6194,33.2461],[73.6208,33.2388],[73.6237,33.2344],[73.6363,33.2327],[73.6378,33.2257],[73.6317,33.2232],[73.6345,33.2179],[73.6335,33.2076],[73.6353,33.2048],[73.6381,33.2044],[73.6409,33.2073],[73.6412,33.215],[73.6427,33.2192],[73.6453,33.2219],[73.6495,33.2224],[73.6538,33.2138],[73.6584,33.2095],[73.6621,33.209],[73.6658,33.206],[73.668,33.2019],[73.6626,33.1917],[73.6664,33.1819],[73.6628,33.176],[73.6619,33.1691],[73.6645,33.1613],[73.6602,33.1588],[73.6518,33.1587],[73.6492,33.154],[73.6499,33.1438],[73.6487,33.1375],[73.644,33.1368],[73.6389,33.1407],[73.6336,33.1419],[73.6313,33.1373],[73.6381,33.1301],[73.6389,33.1258],[73.6313,33.1176],[73.633,33.1069],[73.6319,33.0953],[73.633,33.0918],[73.6377,33.0846],[73.6419,33.0832],[73.6494,33.0863],[73.6557,33.0854],[73.6569,33.0831],[73.6668,33.0832],[73.6728,33.0822],[73.6816,33.0875],[73.6888,33.0867],[73.6913,33.0849],[73.6997,33.0849],[73.7097,33.0794],[73.7157,33.0788],[73.7187,33.0761],[73.7291,33.0707],[73.7371,33.0673],[73.7428,33.0662],[73.7493,33.0596],[73.7499,33.0544],[73.7476,33.036],[73.7579,33.028],[73.758,33.0253],[73.7627,33.0233],[73.7668,33.0194],[73.773,33.0179],[73.7808,33.0125],[73.7843,33.0073],[73.7875,33.0054],[73.7945,33.0036],[73.7958,32.996],[73.7979,32.9929],[73.7979,32.987],[73.7934,32.9825],[73.7899,32.9776],[73.7895,32.9739],[73.7904,32.9668],[73.7934,32.9658],[73.806,32.9668],[73.8093,32.9676],[73.8147,32.9716],[73.8205,32.9732],[73.826,32.9772],[73.8271,32.9801],[73.8277,32.988],[73.8254,32.9985],[73.8257,33.004],[73.8355,33.0024],[73.8568,33.0016],[73.8656,33.003],[73.8694,33.0028],[73.8805,32.9975],[73.8879,32.9975],[73.8987,33.0022],[73.9083,33.0014],[73.9163,32.9936],[73.9233,32.9906],[73.925,32.9884],[73.9323,32.9872],[73.9414,32.9824],[73.9493,32.9843],[73.9539,32.9846],[73.958,32.987],[73.9646,32.9871],[73.9678,32.9843],[73.9704,32.9762],[73.9694,32.973],[73.9701,32.969],[73.9724,32.9672],[73.9793,32.9664],[73.9895,32.9622],[73.9951,32.9631],[73.9983,32.962],[74.0062,32.9549],[74.0062,32.9507],[73.9987,32.9395],[73.9997,32.9354],[74.0051,32.9356],[74.0195,32.9307],[74.0245,32.9297],[74.0392,32.9304],[74.05,32.9347],[74.0582,32.9345],[74.06,32.9318],[74.0592,32.9221],[74.0635,32.9169],[74.0634,32.9125],[74.069,32.9096],[74.0735,32.9083],[74.0834,32.9092],[74.0905,32.908],[74.1061,32.9029],[74.1168,32.8976],[74.1217,32.8968],[74.1371,32.8962],[74.1443,32.895],[74.1563,32.8919],[74.1656,32.8869],[74.1687,32.8878],[74.1728,32.8864],[74.1744,32.889],[74.1788,32.8895],[74.1907,32.8829],[74.1925,32.875],[74.1955,32.8736],[74.1976,32.8753],[74.2113,32.8734],[74.2126,32.8717],[74.2129,32.8646],[74.2142,32.8627],[74.2198,32.8623],[74.2197,32.8558],[74.218,32.8522],[74.2196,32.8488],[74.2255,32.849],[74.2344,32.8481],[74.2441,32.8451],[74.2634,32.8421],[74.2663,32.8385],[74.2672,32.8332],[74.2715,32.8314],[74.2767,32.8316],[74.2767,32.8336],[74.2848,32.8325],[74.294,32.8321],[74.2943,32.8305],[74.3034,32.8298],[74.3128,32.8222],[74.3091,32.8125],[74.3083,32.8076],[74.3151,32.8048],[74.3145,32.7968],[74.3183,32.7941],[74.3272,32.7906],[74.3278,32.7885],[74.3337,32.7804],[74.3422,32.7781],[74.3474,32.7748],[74.3513,32.7746],[74.355,32.767],[74.3649,32.7654],[74.3706,32.7661],[74.391,32.7632],[74.3942,32.7721],[74.4012,32.7675],[74.4029,32.7674],[74.4071,32.7743],[74.4076,32.779],[74.41,32.7795],[74.4153,32.7846],[74.4246,32.7835],[74.4261,32.7852],[74.4445,32.7835],[74.4538,32.7856],[74.4594,32.7877],[74.4646,32.7759],[74.4722,32.7761],[74.476,32.7754],[74.4843,32.7683],[74.4861,32.7644],[74.4967,32.7647],[74.4979,32.7659],[74.5046,32.7641],[74.5102,32.7649],[74.5104,32.7625],[74.5152,32.7558],[74.5141,32.7511],[74.51,32.751],[74.5094,32.7472],[74.5116,32.7455],[74.5165,32.7451],[74.5197,32.7469],[74.527,32.7468],[74.5301,32.7447],[74.5339,32.7449],[74.5359,32.7499],[74.5392,32.7482],[74.5483,32.7482],[74.547,32.7518],[74.5543,32.7584],[74.5588,32.7583],[74.5629,32.7601],[74.5703,32.7597],[74.5762,32.7566],[74.5766,32.7545],[74.574,32.7505],[74.5805,32.7485],[74.5824,32.7528],[74.5899,32.7506],[74.596,32.7565],[74.6036,32.7576],[74.6135,32.7577],[74.6136,32.7597],[74.6192,32.7607],[74.624,32.7566],[74.6263,32.7563],[74.6343,32.7495],[74.638,32.7515],[74.6384,32.7586],[74.6327,32.7645],[74.6304,32.7684],[74.6323,32.7764],[74.6397,32.7821],[74.6429,32.7826],[74.6475,32.7808],[74.654,32.7809],[74.658,32.7858],[74.6566,32.7894],[74.6454,32.7954],[74.6371,32.8031],[74.6346,32.8066],[74.6352,32.8118],[74.6428,32.8212],[74.6507,32.8269],[74.6556,32.8321],[74.6594,32.8303],[74.6635,32.826],[74.6679,32.825],[74.6725,32.8292],[74.6795,32.8335],[74.6835,32.8368],[74.6902,32.8375],[74.6967,32.8408],[74.7048,32.8419],[74.7047,32.8299],[74.7054,32.8258],[74.704,32.817],[74.6975,32.8097],[74.6962,32.805],[74.6914,32.798],[74.6872,32.7885],[74.6842,32.7841],[74.6818,32.7765],[74.6784,32.7726],[74.6768,32.7688],[74.6771,32.7613],[74.6727,32.7526],[74.6646,32.7426],[74.6618,32.7348],[74.6594,32.7308],[74.6559,32.728],[74.6619,32.727],[74.6637,32.724],[74.658,32.715],[74.6579,32.707],[74.6543,32.7001],[74.6535,32.6967],[74.6587,32.6886],[74.6614,32.6865],[74.6619,32.6834],[74.667,32.6753],[74.6784,32.6725],[74.6824,32.6723],[74.6826,32.6688],[74.6882,32.6677],[74.696,32.6643],[74.6917,32.6544],[74.6878,32.6513],[74.6807,32.6525],[74.6713,32.6452],[74.6704,32.6389],[74.6678,32.6388],[74.6637,32.6356],[74.6597,32.6355],[74.6551,32.637],[74.657,32.6304],[74.655,32.6246],[74.6558,32.617],[74.6549,32.6152],[74.6491,32.6143],[74.6433,32.6152],[74.639,32.6146],[74.6403,32.6083],[74.6395,32.6035],[74.6418,32.6005],[74.651,32.5979],[74.6543,32.5995],[74.6588,32.5968],[74.6571,32.5926],[74.6502,32.5897],[74.6486,32.5846],[74.6498,32.5824],[74.6547,32.5808],[74.6526,32.5733],[74.6517,32.5661],[74.6525,32.563],[74.6627,32.5649],[74.6693,32.5688],[74.6738,32.568],[74.6745,32.5544],[74.6733,32.5534],[74.6627,32.5538],[74.6617,32.5497],[74.6629,32.5445],[74.6735,32.539],[74.6825,32.5353],[74.6888,32.5351],[74.6906,32.533],[74.6907,32.5235],[74.6842,32.5154],[74.6826,32.5097],[74.6857,32.5066],[74.6848,32.4995],[74.6821,32.4936],[74.6879,32.4869],[74.6936,32.4865],[74.6961,32.4895],[74.7003,32.49],[74.7033,32.4922],[74.7102,32.4926],[74.7137,32.488],[74.7112,32.4782],[74.7168,32.4781],[74.7275,32.4758],[74.7283,32.4808],[74.7378,32.4799],[74.7405,32.4786],[74.7485,32.4794],[74.7516,32.4783],[74.7546,32.4821],[74.7655,32.4805],[74.7711,32.4813],[74.7888,32.4773],[74.7977,32.4765],[74.7995,32.4778],[74.8005,32.4823],[74.8128,32.4796],[74.8138,32.4868],[74.8188,32.4979],[74.8221,32.4956],[74.8282,32.4946],[74.8355,32.4952],[74.8414,32.4911],[74.8471,32.4892],[74.8536,32.4906],[74.8586,32.4928],[74.8653,32.4863],[74.8707,32.486],[74.8729,32.4893],[74.8773,32.493],[74.8835,32.4909],[74.8839,32.4887],[74.8791,32.482],[74.8793,32.4767],[74.8917,32.4709],[74.9008,32.4674],[74.9066,32.4729],[74.9083,32.4723],[74.9139,32.4662],[74.9174,32.4643],[74.9215,32.465],[74.931,32.4712],[74.9379,32.4713],[74.9362,32.4675],[74.9416,32.4628],[74.947,32.4484],[74.9527,32.4475],[74.9607,32.4553],[74.9686,32.4593],[74.9713,32.4595],[74.9742,32.4568],[74.9832,32.4509],[74.9865,32.4504],[74.9887,32.4524],[74.9919,32.4515],[74.9993,32.4575],[75.0033,32.4572],[75.0119,32.4641],[75.0174,32.4651],[75.0197,32.4679],[75.0166,32.4708],[75.0168,32.4795],[75.0236,32.4911],[75.028,32.4971],[75.03,32.4949],[75.0416,32.4871],[75.0454,32.4883],[75.0548,32.4816],[75.0648,32.4793],[75.0678,32.4777],[75.0699,32.4797],[75.084,32.472],[75.0908,32.4693],[75.0959,32.4734],[75.099,32.4777],[75.1014,32.4777],[75.1067,32.4741],[75.1087,32.4676],[75.1078,32.4606],[75.1111,32.4582],[75.1193,32.4542],[75.1182,32.447],[75.1186,32.4443],[75.1244,32.4366],[75.1319,32.4298],[75.133,32.4264],[75.1273,32.4255],[75.1266,32.4203],[75.1275,32.4172],[75.1317,32.4145],[75.1314,32.4089],[75.1333,32.4085],[75.1411,32.4123],[75.1527,32.4211],[75.1601,32.4186],[75.1639,32.4226],[75.1676,32.4232],[75.1768,32.4214],[75.179,32.4235],[75.1871,32.426],[75.1898,32.4258],[75.1936,32.4214],[75.1988,32.4216],[75.2004,32.4138],[75.1975,32.4098],[75.1924,32.4101],[75.1924,32.4019],[75.1994,32.3975],[75.2076,32.3947],[75.2119,32.4007],[75.215,32.4013],[75.221,32.3982],[75.2229,32.3942],[75.2274,32.3918],[75.2308,32.3919],[75.2383,32.386],[75.2448,32.3847],[75.2476,32.3881],[75.2543,32.3898],[75.2572,32.388],[75.2554,32.3768],[75.2571,32.3766],[75.2581,32.3714],[75.2601,32.3703],[75.265,32.3724],[75.2679,32.3716],[75.2729,32.3751],[75.2754,32.3751],[75.2897,32.3698],[75.2874,32.3607],[75.2883,32.3545],[75.2989,32.3535],[75.2996,32.3464],[75.3022,32.3443],[75.3113,32.3427],[75.3227,32.3435],[75.3268,32.3349],[75.3278,32.3261],[75.3322,32.3267],[75.3377,32.3218],[75.3366,32.3166],[75.3328,32.316],[75.3301,32.3126],[75.3336,32.311],[75.3299,32.3068],[75.324,32.3025],[75.3205,32.2974],[75.3254,32.2957],[75.3326,32.2944],[75.3502,32.2899],[75.3437,32.2786],[75.3518,32.2792],[75.3608,32.2788],[75.3711,32.2796],[75.3731,32.2788],[75.3781,32.2732],[75.3786,32.2703],[75.3819,32.269],[75.3807,32.266],[75.3743,32.2659],[75.3708,32.2576],[75.3705,32.2425],[75.3742,32.2414],[75.3724,32.2339],[75.3732,32.2289],[75.3716,32.2247],[75.3686,32.2262],[75.3658,32.2239],[75.3655,32.2199],[75.3574,32.2181],[75.3466,32.2178],[75.3421,32.217],[75.3367,32.2195],[75.3314,32.2196],[75.3242,32.2111],[75.319,32.2081],[75.3201,32.2041],[75.3119,32.1994],[75.3101,32.1961],[75.3137,32.1894],[75.3184,32.1874],[75.3164,32.181],[75.3224,32.1795],[75.3139,32.1721],[75.3068,32.169],[75.3001,32.1573],[75.2994,32.1533],[75.2878,32.1528],[75.2854,32.1515],[75.2773,32.137],[75.2834,32.1319],[75.2816,32.1281],[75.2814,32.1226],[75.2794,32.1178],[75.2748,32.1138],[75.2719,32.1127],[75.2627,32.1119],[75.2661,32.1089],[75.2662,32.1065],[75.2613,32.1014],[75.2493,32.1011],[75.2451,32.0997],[75.2403,32.0911],[75.2314,32.0916],[75.2292,32.0933],[75.2354,32.1035],[75.227,32.1068],[75.2262,32.1034],[75.2232,32.1024],[75.2237,32.0982],[75.2177,32.1034],[75.2203,32.1077],[75.2158,32.1211],[75.2098,32.1199],[75.2025,32.1202],[75.2054,32.1091],[75.2057,32.1025],[75.2037,32.0993],[75.2041,32.0967],[75.1979,32.0986],[75.1974,32.0868],[75.196,32.0834],[75.1885,32.0819],[75.1793,32.0762],[75.1742,32.0675],[75.1662,32.0715],[75.1647,32.0745],[75.1577,32.0818],[75.1547,32.0811],[75.1447,32.0814],[75.1424,32.0802],[75.1229,32.0814],[75.1175,32.0754],[75.1132,32.0719],[75.1086,32.0716],[75.1067,32.0696],[75.1089,32.0647],[75.1049,32.0586],[75.102,32.0592],[75.0957,32.0684],[75.0912,32.0718],[75.0902,32.0694],[75.0916,32.0658],[75.084,32.06],[75.0754,32.0589],[75.0689,32.0635],[75.0705,32.067],[75.0641,32.0656],[75.068,32.0624],[75.062,32.0553],[75.0587,32.0528],[75.0538,32.0543],[75.0519,32.0514],[75.0407,32.0427],[75.0368,32.0445],[75.0324,32.0511],[75.0239,32.0477],[75.0189,32.047],[75.0124,32.0357],[75.0048,32.0376],[75.0011,32.0412],[74.9852,32.0424],[74.9829,32.0403],[74.9716,32.0426],[74.9779,32.0473],[74.9739,32.0535],[74.9528,32.0602],[74.9448,32.0637],[74.939,32.0641],[74.9344,32.0656],[74.9252,32.0665],[74.9189,32.0625],[74.9173,32.0592],[74.9123,32.0561],[74.9127,32.054],[74.9048,32.0502],[74.8977,32.0519],[74.8944,32.0541],[74.8899,32.0552],[74.8886,32.0526],[74.8795,32.0538],[74.8755,32.0509],[74.8727,32.044],[74.8726,32.0417],[74.8758,32.0353],[74.88,32.032],[74.8697,32.0226],[74.8692,32.028],[74.8656,32.0304],[74.8627,32.0295],[74.8639,32.0246],[74.8591,32.0216],[74.8484,32.0205],[74.8532,32.0136],[74.8468,32.0083],[74.839,32.0084],[74.8289,31.9986],[74.8314,31.9809],[74.826,31.9707],[74.8231,31.9667],[74.8191,31.9587],[74.815,31.9605],[74.8109,31.9594],[74.8106,31.9622],[74.8062,31.9628],[74.8024,31.9578],[74.7948,31.9582],[74.788,31.9564],[74.7815,31.9557],[74.7684,31.9477],[74.7596,31.9545],[74.7556,31.9558],[74.7566,31.9437],[74.7484,31.9419],[74.7432,31.9396],[74.7343,31.9451],[74.7309,31.941],[74.7272,31.9426],[74.7224,31.9427],[74.7153,31.9362],[74.7141,31.932],[74.7192,31.9237],[74.7077,31.923],[74.7065,31.9211],[74.7007,31.9235],[74.7006,31.9258],[74.6955,31.9267],[74.6909,31.9262],[74.6772,31.9261],[74.6733,31.9209],[74.6688,31.9193],[74.6677,31.9165],[74.6584,31.9103],[74.6576,31.9019],[74.6543,31.8996],[74.6509,31.9022],[74.6466,31.8967],[74.6401,31.8905],[74.6363,31.8842],[74.6326,31.8842],[74.6294,31.8821],[74.6158,31.8897],[74.6111,31.8908],[74.6079,31.8904],[74.6074,31.882],[74.6101,31.8785],[74.6066,31.8685],[74.6,31.8686],[74.5961,31.8658],[74.5922,31.858],[74.5907,31.8485],[74.5833,31.8519],[74.5761,31.8438],[74.5732,31.8384],[74.5707,31.8369],[74.5704,31.8281],[74.5712,31.819],[74.5731,31.816],[74.5653,31.8085],[74.5637,31.8088],[74.5579,31.8048],[74.5645,31.7997],[74.5671,31.7964],[74.5592,31.7936],[74.5556,31.7914],[74.5553,31.7862],[74.5524,31.7826],[74.5514,31.779],[74.557,31.7705],[74.5549,31.7669],[74.5618,31.7633],[74.5594,31.7579],[74.5523,31.7538],[74.5473,31.7522],[74.5474,31.7493],[74.533,31.7483],[74.527,31.7465],[74.5139,31.7401],[74.5089,31.7422],[74.5037,31.7405],[74.5027,31.7326],[74.5031,31.7285],[74.5002,31.7283],[74.4905,31.7235],[74.4881,31.72],[74.4866,31.715],[74.4993,31.7095],[74.4993,31.7075],[74.5034,31.7027],[74.5019,31.6958],[74.5176,31.6885],[74.5241,31.687],[74.5263,31.6842],[74.532,31.681],[74.5351,31.677],[74.5344,31.6736],[74.5294,31.6692],[74.5313,31.6661],[74.5402,31.6601],[74.5373,31.6533],[74.5391,31.6485],[74.5419,31.647],[74.5447,31.6484],[74.5467,31.6457],[74.548,31.6391],[74.5463,31.6331],[74.5476,31.6317],[74.552,31.6221],[74.5511,31.6176],[74.5563,31.6113],[74.5553,31.6078],[74.5678,31.6068],[74.5753,31.6038],[74.5748,31.5978],[74.577,31.5953],[74.5808,31.5942],[74.5809,31.5873],[74.5869,31.5835],[74.5855,31.5814],[74.5917,31.5769],[74.5923,31.5741],[74.6015,31.5728],[74.6092,31.569],[74.6068,31.563],[74.6107,31.5592],[74.6166,31.5565],[74.6169,31.5533],[74.6144,31.5511],[74.615,31.5442],[74.6127,31.5411],[74.6143,31.5355],[74.6122,31.5303],[74.6127,31.5272],[74.6082,31.5265],[74.604,31.5241],[74.596,31.526],[74.5922,31.5232],[74.5841,31.5206],[74.5816,31.5123],[74.5836,31.5103],[74.5817,31.5067],[74.5872,31.5043],[74.5852,31.5008],[74.579,31.5005],[74.5839,31.4967],[74.5887,31.4972],[74.593,31.4964],[74.5947,31.5015],[74.599,31.4999],[74.6031,31.5006],[74.6045,31.4987],[74.6098,31.4999],[74.6136,31.4946],[74.6144,31.4892],[74.6168,31.4863],[74.6218,31.4829],[74.6319,31.4866],[74.6354,31.4854],[74.6337,31.4826],[74.6309,31.483],[74.6279,31.4801],[74.6309,31.4767],[74.6353,31.4778],[74.6384,31.4729],[74.6441,31.4691],[74.6477,31.4656],[74.6531,31.4553],[74.6513,31.452],[74.6441,31.4507],[74.6402,31.4482],[74.6387,31.4437],[74.6395,31.4411],[74.6477,31.4324],[74.6538,31.4279],[74.6484,31.4239],[74.6457,31.4186],[74.642,31.4162],[74.6334,31.419],[74.6322,31.4241],[74.6289,31.4262],[74.6274,31.4294],[74.6224,31.4301],[74.6193,31.42],[74.6116,31.4224],[74.6087,31.4221],[74.6008,31.4155],[74.5966,31.4162],[74.5943,31.4108],[74.5942,31.4078],[74.5906,31.401],[74.5872,31.3981],[74.5853,31.3822],[74.5835,31.379],[74.5735,31.3742],[74.5716,31.3715],[74.5687,31.3723],[74.5577,31.3676],[74.5539,31.3667],[74.5503,31.3608],[74.5512,31.3531],[74.5487,31.3444],[74.5459,31.3408],[74.5487,31.3346],[74.5436,31.3351],[74.5417,31.3325],[74.5369,31.3302],[74.5374,31.3268],[74.5339,31.3249],[74.5344,31.322],[74.5375,31.3205],[74.5348,31.3169],[74.5348,31.3135],[74.5292,31.314],[74.5264,31.3117],[74.5358,31.3047],[74.5407,31.306],[74.5328,31.2905],[74.5312,31.2843],[74.5269,31.2787],[74.5265,31.2768],[74.5228,31.2741],[74.5206,31.2689],[74.5237,31.2617],[74.527,31.2589],[74.5284,31.2556],[74.5324,31.2518],[74.5325,31.2487],[74.5282,31.24],[74.523,31.2374],[74.519,31.2333],[74.5197,31.2318],[74.5172,31.2268],[74.5207,31.2251],[74.5245,31.2203],[74.5236,31.218],[74.5259,31.212],[74.5237,31.2081],[74.5248,31.2034],[74.5218,31.2028],[74.5202,31.194],[74.5216,31.1909],[74.5197,31.1843],[74.5124,31.1827],[74.5108,31.1812],[74.5101,31.1761],[74.511,31.1688],[74.5131,31.1643],[74.511,31.1579],[74.5139,31.156],[74.5152,31.1521],[74.5139,31.1485],[74.5144,31.1425],[74.5133,31.1382],[74.5104,31.1319],[74.5219,31.1291],[74.5247,31.1292],[74.5313,31.1258],[74.5438,31.1209],[74.5484,31.1219],[74.5477,31.1145],[74.5497,31.113],[74.5501,31.1035],[74.5491,31.1016],[74.551,31.0968],[74.5504,31.0894],[74.5515,31.0864],[74.5582,31.0831],[74.5713,31.0814],[74.5738,31.0858],[74.5836,31.0875],[74.5888,31.0878],[74.5866,31.0912],[74.5908,31.0925],[74.5915,31.0888],[74.5968,31.089],[74.6008,31.088],[74.5994,31.0931],[74.6043,31.0932],[74.6074,31.0949],[74.6107,31.0993],[74.61,31.1117],[74.6055,31.1144],[74.6029,31.1191],[74.5976,31.1253],[74.601,31.132],[74.6108,31.1336],[74.6143,31.1315],[74.6183,31.1313],[74.6219,31.1331],[74.6265,31.1311],[74.6309,31.1327],[74.6324,31.1215],[74.6362,31.1183],[74.6403,31.1197],[74.6467,31.1269],[74.6529,31.1294],[74.659,31.134],[74.6665,31.1244],[74.6732,31.1236],[74.6829,31.1273],[74.6889,31.1279],[74.69,31.1246],[74.6898,31.1183],[74.6921,31.1176],[74.6981,31.1124],[74.6979,31.1037],[74.7013,31.0973],[74.7024,31.0917],[74.6973,31.0847],[74.6906,31.0815],[74.6959,31.0742],[74.6712,31.0536],[74.6576,31.0501],[74.65,31.049],[74.6459,31.0498],[74.6183,31.0439],[74.613,31.0448],[74.5968,31.0377],[74.5959,31.0422],[74.5901,31.05],[74.5744,31.0568],[74.5704,31.053],[74.5682,31.0547],[74.5614,31.0487],[74.5592,31.0388],[74.5477,31.032],[74.5397,31.0088],[74.5418,31.0017],[74.544,30.998],[74.5437,30.9951],[74.5462,30.9924],[74.5333,30.9872],[74.5162,30.9795],[74.5087,30.9674],[74.5035,30.9648],[74.4979,30.9643],[74.4919,30.9744],[74.4896,30.9725],[74.4814,30.9708],[74.4797,30.9743],[74.4665,30.968],[74.4601,30.9663],[74.4569,30.9643],[74.4638,30.9583],[74.4515,30.9559],[74.4553,30.9514],[74.4421,30.9517],[74.4419,30.946],[74.4395,30.9422],[74.4289,30.9425],[74.4164,30.9403],[74.4178,30.938],[74.4139,30.9296],[74.4237,30.9296],[74.4287,30.9312],[74.4249,30.9252],[74.4235,30.9207],[74.4143,30.9221],[74.4111,30.9196],[74.42,30.9188],[74.4244,30.916],[74.4239,30.9098],[74.4227,30.9078],[74.4098,30.9096],[74.3973,30.9094],[74.3829,30.8955],[74.3745,30.8957],[74.3675,30.8943],[74.3659,30.8929],[74.3667,30.8857],[74.3646,30.8807],[74.3617,30.8779],[74.3608,30.8737],[74.3663,30.8697],[74.3821,30.8604],[74.3779,30.8584],[74.374,30.8598],[74.3694,30.8574],[74.3645,30.8574],[74.3685,30.8518],[74.3672,30.8491],[74.3634,30.8473],[74.3592,30.8486],[74.355,30.8484],[74.3541,30.8527],[74.3481,30.8549],[74.3388,30.8527],[74.3398,30.8492],[74.3343,30.8511],[74.3247,30.8496],[74.3204,30.8466],[74.3202,30.842],[74.3221,30.8387],[74.3193,30.8329],[74.3198,30.8274],[74.3176,30.8246],[74.3107,30.8192],[74.3051,30.8109],[74.2994,30.8046],[74.2967,30.7998],[74.2967,30.7968],[74.3013,30.7898],[74.3068,30.7892],[74.3035,30.7816],[74.2976,30.777],[74.2946,30.7771],[74.2898,30.7752],[74.2867,30.7759],[74.2834,30.7745],[74.2744,30.7735],[74.2673,30.7769],[74.2614,30.7751],[74.2608,30.7699],[74.2651,30.7652],[74.2737,30.7535],[74.2747,30.744],[74.2818,30.7397],[74.2865,30.7357],[74.2815,30.7309],[74.2765,30.7353],[74.2746,30.7358],[74.2691,30.7303],[74.267,30.7262],[74.2609,30.7231],[74.253,30.7243],[74.2488,30.7259],[74.2453,30.7229],[74.2327,30.7246],[74.2273,30.7188],[74.2233,30.7093],[74.2214,30.6988],[74.2192,30.6936],[74.2121,30.6878],[74.2092,30.6812],[74.2053,30.6761],[74.198,30.6708],[74.1933,30.6652],[74.1818,30.6615],[74.1774,30.6552],[74.1694,30.6487],[74.1634,30.6484],[74.1632,30.6465],[74.1595,30.6417],[74.1561,30.6408],[74.1532,30.6351],[74.1491,30.6317],[74.1377,30.6275],[74.1286,30.6323],[74.1269,30.6241],[74.1213,30.6226],[74.1181,30.6079],[74.1051,30.6193],[74.096,30.6116],[74.102,30.6111],[74.1026,30.6071],[74.1015,30.6033],[74.0953,30.6012],[74.0987,30.5906],[74.0966,30.5872],[74.1021,30.5792],[74.0734,30.5547],[74.08,30.5485],[74.0909,30.5494],[74.0827,30.5365],[74.0723,30.5229],[74.0715,30.5236],[74.0635,30.5192],[74.0573,30.5187],[74.0534,30.5236],[74.0516,30.5277],[74.0517,30.5318],[74.05,30.5372],[74.0478,30.5396],[74.0392,30.5426],[74.038,30.5316],[74.031,30.5269],[74.0238,30.5261],[74.012,30.5336],[74.0111,30.5211],[74.02,30.5142],[73.9927,30.5143],[73.982,30.504],[73.9759,30.4941],[73.9637,30.4849],[73.9696,30.4783],[73.9697,30.4753],[73.965,30.4625],[73.9641,30.4565],[73.9541,30.4582],[73.9502,30.4604],[73.9469,30.4639],[73.9458,30.4683],[73.9477,30.4839],[73.9435,30.4851],[73.9344,30.4901],[73.931,30.4762],[73.9317,30.4672],[73.9277,30.4659],[73.9375,30.4522],[73.9373,30.4451],[73.9263,30.4389],[73.9368,30.4365],[73.9497,30.437],[73.9601,30.4409],[73.9677,30.4401],[73.9739,30.4441],[73.9663,30.4326],[73.9647,30.4246],[73.9505,30.4181],[73.9465,30.4149],[73.9397,30.4049],[73.9356,30.4015],[73.9256,30.3996],[73.9196,30.3956],[73.9163,30.3857],[73.9043,30.3753],[73.8927,30.3702],[73.8903,30.3697],[73.8829,30.3656],[73.8798,30.3597],[73.8942,30.3536],[73.9027,30.3491],[73.9135,30.3369],[73.9145,30.3349],[73.9245,30.3254],[73.9309,30.3201],[73.94,30.3005],[73.9462,30.2907],[73.9565,30.2761],[73.9598,30.2702],[73.9639,30.2572],[73.9642,30.2484],[73.9673,30.2353],[73.9679,30.2249],[73.9697,30.2167],[73.9704,30.2103],[73.9727,30.1983],[73.9517,30.1819],[73.9288,30.1645],[73.8999,30.1434],[73.8881,30.1356],[73.8776,30.1273],[73.8707,30.1229],[73.8278,30.0923],[73.8199,30.0852],[73.8066,30.068],[73.75,30.0549],[73.7098,30.0452],[73.6937,30.0417],[73.6239,30.0254],[73.597,30.019],[73.5277,29.9938],[73.4894,29.9797],[73.4123,29.9518],[73.3969,29.946],[73.3942,29.9385],[73.3696,29.8541],[73.3611,29.8259],[73.3464,29.7759],[73.3305,29.7242],[73.325,29.7077],[73.3127,29.6683],[73.2936,29.6087],[73.291,29.5999],[73.2839,29.581],[73.2821,29.572],[73.2479,29.514],[73.244,29.5075],[73.2004,29.4332],[73.1832,29.4041],[73.1801,29.3973],[73.1756,29.3912],[73.113,29.2847],[73.0844,29.2363],[73.0419,29.1918],[73.0044,29.153],[72.9855,29.1128],[72.9796,29.099],[72.9762,29.0926],[72.9458,29.0279],[72.8851,29.005],[72.8509,28.9923],[72.8394,28.9879],[72.7331,28.9481],[72.6727,28.9159],[72.6199,28.8879],[72.613,28.8841],[72.5005,28.8234],[72.4794,28.8121],[72.4651,28.8064],[72.4189,28.7888],[72.4123,28.7868],[72.4038,28.783],[72.3907,28.7704],[72.3793,28.7579],[72.371,28.75],[72.3546,28.7335],[72.3401,28.7161],[72.3247,28.6987],[72.3147,28.687],[72.2992,28.6698],[72.2885,28.6361],[72.2821,28.6131],[72.2765,28.5969],[72.264,28.5624],[72.2517,28.5274],[72.2473,28.5156],[72.2331,28.4755],[72.2269,28.4573],[72.2086,28.4014],[72.2061,28.3943],[72.1956,28.3817],[72.1667,28.3516],[72.1509,28.3346],[72.1322,28.3131],[72.1199,28.304],[72.0959,28.287],[72.0817,28.2762],[72.0526,28.255],[72.0043,28.2187],[71.9568,28.1591],[71.9295,28.1245],[71.9272,28.1213],[71.9173,28.0679],[71.9105,28.0304],[71.8983,27.9612],[71.8829,27.9576],[71.8529,27.9467],[71.8202,27.9344],[71.7625,27.9136],[71.7016,27.8911],[71.6664,27.8778],[71.5819,27.8768],[71.5317,27.876],[71.4802,27.8734],[71.4641,27.8734],[71.4473,27.8742],[71.4351,27.8735],[71.3831,27.8726],[71.3554,27.8665],[71.3006,27.8546],[71.2204,27.8378],[71.2055,27.8354],[71.1813,27.8257],[71.1646,27.8187],[71.1504,27.8137],[71.1361,27.8068],[71.1188,27.7996],[71.1044,27.7933],[71.09,27.7874],[71.0646,27.7752],[71.0489,27.7692],[71.0194,27.7576],[70.9827,27.7422],[70.9632,27.7294],[70.9512,27.7288],[70.9061,27.7096],[70.8718,27.7056],[70.808,27.7142],[70.7692,27.7197],[70.7593,27.7213],[70.7507,27.7336],[70.7398,27.7419],[70.7324,27.7603],[70.6982,27.8112],[70.6844,27.8282],[70.6785,27.873],[70.679,27.8844],[70.6774,27.9218],[70.6662,27.9315],[70.6549,27.9419],[70.6332,27.9613],[70.5985,27.9931],[70.5895,28.0104],[70.5543,28.0263],[70.538,28.0299],[70.5218,28.0326],[70.5058,28.037],[70.4887,28.0346],[70.4395,28.0202],[70.4217,28.0179],[70.3722,28.0118],[70.3111,27.9496],[70.2962,27.936],[70.227,27.9014],[70.2179,27.8908],[70.2065,27.8792],[70.1977,27.8672],[70.1554,27.8287],[70.1454,27.8205],[70.1324,27.806],[70.1236,27.7888],[70.1183,27.7755],[70.1138,27.7626],[70.1058,27.7445],[70.0952,27.7197],[70.0886,27.7031],[70.073,27.6651],[70.0687,27.6552],[70.0259,27.5629],[69.9974,27.545],[69.9819,27.534],[69.9663,27.5235],[69.9339,27.4978],[69.9246,27.4845],[69.9077,27.4574],[69.8903,27.4328],[69.8764,27.4163],[69.8625,27.4018],[69.8522,27.3948],[69.8146,27.3655],[69.8,27.3557],[69.7833,27.3426],[69.7725,27.332],[69.7601,27.321],[69.7343,27.3054],[69.7135,27.2924],[69.7027,27.2843],[69.6913,27.2721],[69.6769,27.2585],[69.6577,27.2388],[69.6448,27.2253],[69.6279,27.2111],[69.6005,27.1941],[69.5864,27.1826],[69.5563,27.1112],[69.5418,27.077],[69.5248,27.0368],[69.5133,27.01],[69.5137,27.0021],[69.5111,26.9817],[69.4997,26.8825],[69.4975,26.8661],[69.4934,26.849],[69.4885,26.8302],[69.4853,26.8143],[69.4844,26.8048],[69.4862,26.798],[69.5103,26.7435],[69.5331,26.7341],[69.6135,26.6997],[69.6566,26.6814],[69.6966,26.6643],[69.7073,26.6605],[69.7225,26.6533],[69.7301,26.6484],[69.7604,26.6243],[69.7919,26.5983],[69.8231,26.589],[69.8516,26.5844],[69.8868,26.5789],[69.9347,26.5815],[69.9773,26.5877],[70.0119,26.5928],[70.0562,26.6006],[70.0711,26.5967],[70.0971,26.5909],[70.1172,26.5869],[70.1286,26.5797],[70.1384,26.5716],[70.155,26.5638],[70.1685,26.5546],[70.1742,26.5514],[70.1784,26.5221],[70.1795,26.5057],[70.1818,26.5016],[70.1835,26.4938],[70.1846,26.4816],[70.1831,26.4697],[70.1801,26.4536],[70.1769,26.424],[70.1854,26.3743],[70.1791,26.3427],[70.1635,26.2949],[70.175,26.2515],[70.1683,26.2181],[70.1414,26.1562],[70.138,26.1524],[70.1231,26.1338],[70.119,26.1282],[70.1042,26.1094],[70.091,26.0932],[70.0834,26.0833],[70.0859,26.0573],[70.0905,26.0176],[70.0938,25.9839],[70.0976,25.9503],[70.0998,25.9383],[70.1227,25.9048],[70.163,25.8451],[70.1745,25.8284],[70.1883,25.821],[70.1971,25.8155],[70.2049,25.8089],[70.2224,25.7931],[70.2472,25.7616],[70.2517,25.7552],[70.2627,25.7202],[70.2687,25.7136],[70.287,25.7063],[70.3166,25.6952],[70.3586,25.6801],[70.387,25.6738],[70.4063,25.6763],[70.4486,25.682],[70.5022,25.6848],[70.5302,25.6835],[70.5526,25.6923],[70.5598,25.6958],[70.5939,25.7106],[70.6089,25.715],[70.6217,25.7144],[70.6473,25.7126],[70.6601,25.7022],[70.6739,25.6758],[70.6736,25.6447],[70.6702,25.6326],[70.6713,25.611],[70.6694,25.5935],[70.6692,25.576],[70.668,25.5457],[70.6671,25.5313],[70.6784,25.5256],[70.677,25.509],[70.6737,25.4746],[70.6714,25.4609],[70.6728,25.4579],[70.672,25.4202],[70.6648,25.3969],[70.6872,25.3752],[70.7064,25.3582],[70.7226,25.3443],[70.7368,25.3326],[70.7516,25.2778],[70.779,25.2512],[70.8189,25.2138],[70.8422,25.1906],[70.8628,25.1715],[70.8887,25.1482],[70.8917,25.1338],[70.8955,25.1112],[70.9024,25.0725],[70.9084,25.0436],[70.916,25.0105],[70.9196,24.9965],[70.9278,24.9695],[70.9376,24.9386],[70.9439,24.9255],[70.9498,24.9183],[70.9555,24.9124],[70.9832,24.8759],[70.9921,24.8634],[70.999,24.8516],[71.0077,24.8384],[71.0096,24.8342],[71.018,24.8192],[71.0265,24.8088],[71.0292,24.8003],[71.0338,24.788],[71.0471,24.7591],[71.0653,24.7175],[71.0892,24.696],[71.0964,24.6885],[71.0897,24.6779],[71.0854,24.6719],[71.0747,24.6619],[71.0663,24.6591],[71.0646,24.6564],[71.0564,24.6515],[71.0492,24.6484],[71.0433,24.6469],[71.0095,24.6354],[71.0071,24.6286],[70.9988,24.6218],[70.9863,24.5955],[70.989,24.5867],[70.9925,24.5638],[70.9874,24.5434],[70.9952,24.5379],[71.003,24.53],[71.0052,24.523],[71.0011,24.4991],[71,24.4863],[70.9978,24.4772],[70.996,24.475],[70.9986,24.4725],[70.9964,24.4659],[70.9971,24.4622],[70.9986,24.4444],[71.0043,24.4457],[71.0137,24.443],[71.0375,24.4319],[71.0466,24.4345],[71.0676,24.4369],[71.0734,24.4371],[71.0882,24.4366],[71.1031,24.4357],[71.1255,24.4201],[71.1218,24.4057],[71.1197,24.4025],[71.1119,24.3981],[71.1068,24.3963],[71.0843,24.3945],[71.0797,24.3912],[71.0667,24.3769],[71.0573,24.3615],[71.0495,24.356],[71.0468,24.3562],[71.0421,24.3539],[71.0202,24.3474],[71.0035,24.351],[70.9865,24.3647],[70.9637,24.3536],[70.9554,24.3486],[70.9477,24.3481],[70.9237,24.3277],[70.9225,24.3253],[70.9172,24.3206],[70.9142,24.3199],[70.8871,24.3053],[70.8787,24.3014],[70.8745,24.2945],[70.8748,24.2827],[70.8757,24.2802],[70.8829,24.2728],[70.9062,24.2635],[70.9092,24.2628],[70.9073,24.2588],[70.8897,24.2526],[70.8831,24.2499],[70.8766,24.2457],[70.8663,24.2453],[70.8591,24.246],[70.8509,24.2444],[70.8362,24.2315],[70.8265,24.2268],[70.8055,24.2209],[70.7727,24.2201],[70.7581,24.2186],[70.7402,24.219],[70.7188,24.2158],[70.7139,24.2157],[70.6949,24.2198],[70.6678,24.2195],[70.6444,24.2246],[70.596,24.2433],[70.5858,24.2465],[70.5828,24.2439],[70.582,24.2479],[70.5712,24.2517],[70.5719,24.2572],[70.5744,24.2641],[70.5846,24.2774],[70.5845,24.2904],[70.5794,24.2953],[70.5814,24.3006],[70.5818,24.3045],[70.5739,24.322],[70.5621,24.3519],[70.5636,24.3563],[70.5805,24.3633],[70.5868,24.3769],[70.599,24.4045],[70.6025,24.4081],[70.5783,24.4197],[70.5728,24.4219],[70.5655,24.4216],[70.5578,24.4198],[70.5497,24.4144],[70.5409,24.41],[70.5348,24.4079],[70.5267,24.406],[70.5153,24.4041],[70.5032,24.3996],[70.4934,24.397],[70.4761,24.3898],[70.4661,24.3874],[70.4535,24.386],[70.4396,24.3835],[70.4231,24.3792],[70.4117,24.3756],[70.4044,24.3715],[70.3984,24.3671],[70.392,24.3606],[70.3881,24.3587],[70.3764,24.3555],[70.3685,24.3508],[70.3631,24.3506],[70.3542,24.3541],[70.3507,24.3537],[70.3456,24.3516],[70.3256,24.3519],[70.3052,24.3468],[70.2887,24.3417],[70.2595,24.331],[70.2537,24.3255],[70.25,24.3243],[70.2397,24.3233],[70.2312,24.3236],[70.22,24.3223],[70.2121,24.3204],[70.2002,24.3149],[70.1824,24.3094],[70.1739,24.3059],[70.1659,24.3035],[70.1545,24.3038],[70.1394,24.3029],[70.121,24.2986],[70.1099,24.295],[70.0938,24.2598],[70.089,24.2481],[70.0831,24.2348],[70.0668,24.1992],[70.051,24.1896],[70.0387,24.1765],[70.0251,24.1713],[69.9664,24.171],[69.898,24.1714],[69.8508,24.1715],[69.8456,24.1713],[69.8035,24.1714],[69.7312,24.1711],[69.7096,24.1903],[69.666,24.2288],[69.6432,24.2491],[69.6398,24.2526],[69.6208,24.2695],[69.6054,24.2828],[69.595,24.2921],[69.5901,24.2914],[69.5742,24.2858],[69.5641,24.2816],[69.5547,24.2797],[69.5442,24.2785],[69.5284,24.2734],[69.5038,24.2686],[69.494,24.2678],[69.4849,24.2681],[69.4697,24.2711],[69.4574,24.2762],[69.446,24.2803],[69.4409,24.28],[69.4324,24.2776],[69.405,24.2712],[69.3986,24.2704],[69.3809,24.2695],[69.3669,24.2701],[69.3577,24.272],[69.3475,24.2747],[69.3362,24.2761],[69.3301,24.2774],[69.3169,24.2812],[69.3127,24.2816],[69.3072,24.2796],[69.2674,24.2644],[69.2528,24.2589],[69.238,24.253],[69.1957,24.2367],[69.1933,24.2362],[69.1593,24.2493],[69.1553,24.2512],[69.0948,24.2745],[69.0937,24.2713],[69.0879,24.2693],[69.0833,24.2655],[69.0549,24.2507],[69.0415,24.2433],[69.0339,24.2395],[69.0308,24.2354],[69.0226,24.2294],[69.012,24.2239],[69.0053,24.2231],[68.9983,24.2235],[68.9892,24.2255],[68.9847,24.2276],[68.9799,24.2399],[68.9771,24.2492],[68.9732,24.2602],[68.9668,24.2728],[68.9629,24.2793],[68.9547,24.2895],[68.9453,24.3025],[68.94,24.2989],[68.9243,24.2909],[68.9125,24.2841],[68.9068,24.2798],[68.9031,24.2744],[68.8975,24.2637],[68.8931,24.2523],[68.8909,24.2443],[68.8899,24.2379],[68.8803,24.2166],[68.8749,24.2123],[68.8648,24.2128],[68.8574,24.2143],[68.8539,24.2224],[68.8477,24.2392],[68.8449,24.2513],[68.8439,24.2601],[68.8441,24.2696],[68.8434,24.2779],[68.8307,24.3119],[68.8263,24.3174],[68.8204,24.3123],[68.8082,24.3136],[68.7933,24.3078],[68.7647,24.2958],[68.7657,24.2877],[68.7683,24.2824],[68.7693,24.2673],[68.7689,24.2532],[68.768,24.2381],[68.7656,24.2078],[68.7656,24.1983],[68.765,24.1708],[68.7639,24.1394],[68.7625,24.1143],[68.761,24.0914],[68.7606,24.0795],[68.7573,24.0383],[68.7565,24.0231],[68.7544,23.9938],[68.7539,23.9765],[68.753,23.9713],[68.75,23.9715],[68.7166,23.9716],[68.6164,23.971],[68.5386,23.9708],[68.52,23.9706],[68.4947,23.9709],[68.4245,23.9705],[68.3974,23.9705],[68.3925,23.9672],[68.3897,23.9666],[68.3851,23.9707],[68.3833,23.9777],[68.3794,23.9821],[68.3786,23.9845],[68.3689,23.9848],[68.355,23.9788],[68.3449,23.9726],[68.3411,23.9697],[68.3378,23.9646],[68.3358,23.9581],[68.3366,23.9476],[68.3383,23.9364],[68.3347,23.9271],[68.3287,23.9223],[68.3241,23.9213],[68.3189,23.9221],[68.2992,23.9282],[68.2904,23.9316],[68.2866,23.9322],[68.2799,23.9308],[68.2757,23.9288],[68.2714,23.9247],[68.2663,23.9168],[68.258,23.903],[68.2508,23.8959],[68.2372,23.8885],[68.2308,23.8857],[68.2222,23.8847],[68.2169,23.8825],[68.2086,23.8755],[68.2061,23.8707],[68.2039,23.8588],[68.1995,23.8471],[68.1981,23.8361],[68.1988,23.8201],[68.1985,23.8132],[68.1995,23.8053],[68.2025,23.7973],[68.2035,23.7889],[68.203,23.7868],[68.2026,23.7667],[68.2006,23.7627],[68.1952,23.7547],[68.1851,23.7383],[68.1827,23.7289],[68.1817,23.7216],[68.1871,23.7196],[68.1902,23.7166],[68.1918,23.7073],[68.1962,23.7039],[68.1982,23.6955],[68.2016,23.6902],[68.2057,23.6803],[68.2067,23.6689],[68.2047,23.662],[68.2018,23.6587],[68.1916,23.6581],[68.1876,23.6585],[68.1837,23.6563],[68.1919,23.6543],[68.1976,23.6506],[68.19,23.6481],[68.1863,23.6453],[68.1849,23.6395],[68.182,23.6379],[68.1775,23.6279],[68.1777,23.6192],[68.1787,23.6141],[68.1844,23.6071],[68.1849,23.6044],[68.1889,23.6003],[68.194,23.5902],[68.198,23.5875],[68.1959,23.5857],[68.1896,23.5887],[68.1869,23.5935],[68.1837,23.5902],[68.184,23.587],[68.1865,23.583],[68.1937,23.5802],[68.1992,23.5794],[68.2091,23.5833],[68.2153,23.5821],[68.2222,23.5785],[68.2236,23.5739],[68.2297,23.5746],[68.233,23.5769],[68.2394,23.575],[68.2457,23.5707],[68.2531,23.5701],[68.2602,23.5669],[68.2663,23.567],[68.2727,23.5643],[68.2781,23.5597],[68.2827,23.5668],[68.291,23.5714],[68.2999,23.574],[68.307,23.5754],[68.3225,23.5774],[68.3263,23.5773],[68.3353,23.5793],[68.3565,23.5866],[68.3686,23.5892],[68.3773,23.5927],[68.3872,23.5948],[68.3912,23.5973],[68.3951,23.6017],[68.3983,23.6086],[68.3977,23.6132],[68.4015,23.6261],[68.4012,23.6317],[68.4026,23.6509],[68.4035,23.6577],[68.4063,23.6697],[68.4091,23.6792],[68.4103,23.6908],[68.4127,23.703],[68.4173,23.7123],[68.419,23.7179],[68.4197,23.7248],[68.4188,23.7271],[68.421,23.7332],[68.4277,23.7371],[68.4348,23.739],[68.4389,23.7357],[68.4418,23.7363],[68.4451,23.7351],[68.4525,23.7397],[68.4567,23.7415],[68.4652,23.7421],[68.4701,23.7397],[68.4761,23.7351],[68.4828,23.7324],[68.493,23.7342],[68.4999,23.7388],[68.5041,23.7398],[68.5073,23.7436],[68.5088,23.7505],[68.5115,23.7483],[68.5161,23.7486],[68.5232,23.7466],[68.5275,23.7461],[68.5314,23.7539],[68.5436,23.7682],[68.5497,23.7771],[68.5551,23.7838],[68.5628,23.7955],[68.5717,23.8071],[68.574,23.8137],[68.5808,23.821],[68.5855,23.8233],[68.5903,23.8242],[68.5994,23.8277],[68.6026,23.8295],[68.6093,23.8293],[68.622,23.8312],[68.6304,23.8305],[68.6555,23.8328],[68.6584,23.8335],[68.6676,23.8415],[68.6719,23.8434],[68.6882,23.8464],[68.6927,23.8444],[68.7001,23.8381],[68.7083,23.8343],[68.7112,23.8302],[68.6939,23.8182],[68.6815,23.795],[68.6791,23.7956],[68.6724,23.804],[68.6613,23.7967],[68.6573,23.7982],[68.6543,23.797],[68.6486,23.7889],[68.6432,23.7779],[68.6409,23.7712],[68.6364,23.7651],[68.6355,23.7598],[68.6401,23.7525],[68.6438,23.7512],[68.642,23.7427],[68.646,23.7397],[68.6409,23.7389],[68.6369,23.7413],[68.6341,23.7386],[68.631,23.7412],[68.6285,23.739],[68.6215,23.7389],[68.6146,23.7349],[68.6137,23.7286],[68.6157,23.7259],[68.6216,23.7244],[68.627,23.733],[68.6313,23.7324],[68.632,23.7286],[68.6252,23.7252],[68.6232,23.7258],[68.6181,23.7199],[68.6074,23.7215],[68.605,23.7201],[68.6026,23.7236],[68.5953,23.7198],[68.5931,23.7172],[68.599,23.7103],[68.5977,23.7088],[68.5861,23.7027],[68.5849,23.7068],[68.5787,23.7083],[68.5774,23.7068],[68.5721,23.7087],[68.5713,23.714],[68.5734,23.7156],[68.5693,23.7179],[68.573,23.7202],[68.5671,23.7215],[68.558,23.7176],[68.5556,23.7139],[68.5515,23.7051],[68.5492,23.6989],[68.5483,23.6918],[68.5518,23.6945],[68.5521,23.6991],[68.5574,23.6949],[68.5578,23.6893],[68.561,23.6905],[68.5648,23.69],[68.568,23.688],[68.568,23.6849],[68.5624,23.6832],[68.5595,23.6789],[68.5602,23.6776],[68.5537,23.667],[68.5516,23.6653],[68.5512,23.662],[68.5479,23.6605],[68.5449,23.6573],[68.541,23.6577],[68.5429,23.6532],[68.5356,23.6515],[68.5301,23.6531],[68.5207,23.6496],[68.5199,23.6464],[68.5248,23.6437],[68.5272,23.6481],[68.533,23.6495],[68.5333,23.6469],[68.529,23.6467],[68.5295,23.6431],[68.5279,23.6404],[68.529,23.6358],[68.5253,23.6351],[68.5195,23.6357],[68.5106,23.6395],[68.5098,23.6366],[68.509,23.6262],[68.5079,23.6235],[68.5112,23.6217],[68.5156,23.6212],[68.5142,23.6172],[68.5104,23.6142],[68.5093,23.6162],[68.5054,23.6171],[68.5059,23.6137],[68.5027,23.6134],[68.5024,23.6096],[68.5038,23.6064],[68.5011,23.6045],[68.4974,23.6059],[68.4936,23.6013],[68.4957,23.5999],[68.4937,23.5931],[68.4943,23.587],[68.4919,23.5857],[68.4904,23.5792],[68.4928,23.5748],[68.4939,23.5621],[68.4948,23.5592],[68.493,23.5545],[68.4898,23.5533],[68.484,23.5477],[68.4894,23.5402],[68.4906,23.5322],[68.4943,23.5268],[68.495,23.5234],[68.4942,23.5187],[68.503,23.5105],[68.5025,23.5072],[68.5047,23.5039],[68.5024,23.5019],[68.5045,23.4995],[68.5121,23.4993],[68.5174,23.4904],[68.5174,23.487],[68.5132,23.4874],[68.5138,23.4812],[68.5191,23.4699],[68.5191,23.4665],[68.5224,23.4595],[68.5248,23.4573],[68.5288,23.4499],[68.5311,23.4499],[68.5293,23.4563],[68.5309,23.4577],[68.5355,23.4564],[68.5408,23.4585],[68.542,23.4629],[68.546,23.46],[68.5418,23.4577],[68.5382,23.4511],[68.5362,23.4516],[68.5319,23.4484],[68.5307,23.4459],[68.5317,23.4404],[68.5354,23.4337],[68.5435,23.4241],[68.543,23.4211],[68.5477,23.4171],[68.5588,23.4163],[68.5628,23.4183],[68.5659,23.4172],[68.5675,23.4141],[68.5703,23.4038],[68.5743,23.4069],[68.5778,23.4033],[68.5835,23.4026],[68.5838,23.4],[68.5904,23.3931],[68.5935,23.3924],[68.6001,23.3858],[68.6086,23.3829],[68.6106,23.3797],[68.6087,23.3746],[68.6135,23.3755],[68.6181,23.3732],[68.6164,23.3715],[68.6117,23.3713],[68.6129,23.368],[68.6165,23.3678],[68.6201,23.3658],[68.624,23.3663],[68.6262,23.3641],[68.6261,23.3606],[68.6282,23.3588],[68.6282,23.3512],[68.6313,23.3526],[68.6331,23.3497],[68.6368,23.3472],[68.6367,23.3388],[68.6408,23.3392],[68.6411,23.3362],[68.6447,23.3334],[68.643,23.331],[68.6435,23.3253],[68.64,23.3233],[68.6444,23.3211],[68.6454,23.315],[68.6487,23.3075],[68.6535,23.3026],[68.6561,23.3058],[68.6559,23.3127],[68.6569,23.3158],[68.6532,23.3179],[68.6547,23.3203],[68.6521,23.3248],[68.6526,23.3285],[68.6552,23.3294],[68.6557,23.3337],[68.6599,23.3342],[68.6612,23.3368],[68.6605,23.3475],[68.6677,23.345],[68.6703,23.3432],[68.6701,23.3408],[68.6658,23.3376],[68.6652,23.3356],[68.6684,23.3314],[68.6712,23.3306],[68.6792,23.3311],[68.685,23.3279],[68.6803,23.3232],[68.6787,23.3167],[68.6806,23.3123],[68.6842,23.3106],[68.6932,23.3089],[68.698,23.3132],[68.7027,23.3141],[68.7076,23.3136],[68.713,23.3072],[68.7116,23.306],[68.7134,23.3013],[68.714,23.2956],[68.7097,23.2916],[68.7034,23.2928],[68.7018,23.2915],[68.7027,23.2859],[68.709,23.2883],[68.7118,23.2848],[68.7071,23.2818],[68.7107,23.2768],[68.7061,23.2741],[68.7053,23.2717],[68.7074,23.2695],[68.7103,23.2702],[68.7146,23.2686],[68.7169,23.2651],[68.7236,23.2671],[68.7257,23.2642],[68.7231,23.261],[68.7176,23.2623],[68.715,23.2642],[68.7108,23.2615],[68.7093,23.2576],[68.7062,23.2548],[68.7045,23.2495],[68.7052,23.2462],[68.7035,23.2419],[68.6992,23.2403],[68.6945,23.2358],[68.6872,23.2349],[68.6838,23.2324],[68.6816,23.233],[68.6779,23.2294],[68.6756,23.2295],[68.6741,23.2333],[68.668,23.2316],[68.6652,23.2325],[68.6535,23.2311],[68.6494,23.2291],[68.6455,23.2252],[68.6431,23.2181],[68.6387,23.2172],[68.6368,23.2183],[68.6304,23.2174],[68.6259,23.2133],[68.6218,23.2124],[68.6205,23.2071],[68.6256,23.2094],[68.6281,23.2119],[68.6369,23.2108],[68.6393,23.2127],[68.6447,23.2145],[68.6517,23.2117],[68.6561,23.212],[68.6599,23.2147],[68.662,23.2179],[68.6675,23.2188],[68.67,23.2171],[68.6711,23.2112],[68.6702,23.208],[68.6737,23.2033],[68.6699,23.1982],[68.6627,23.2008],[68.6596,23.1978],[68.6621,23.1947],[68.6634,23.19],[68.6676,23.1875],[68.6702,23.1819],[68.6755,23.1811],[68.6763,23.1785],[68.6797,23.1774],[68.6815,23.1726],[68.6788,23.1684],[68.6802,23.1667],[68.6827,23.1595],[68.6809,23.1585],[68.6783,23.1623],[68.6765,23.1619],[68.6826,23.1529],[68.688,23.1524],[68.6894,23.154],[68.6955,23.1554],[68.699,23.1528],[68.7022,23.1487],[68.7058,23.1485],[68.7109,23.1517],[68.7151,23.1441],[68.7131,23.1414],[68.7173,23.1396],[68.7196,23.1373],[68.7232,23.1369],[68.7258,23.1351],[68.732,23.1336],[68.7325,23.1276],[68.7343,23.1261],[68.7336,23.1192],[68.7404,23.1136],[68.7475,23.1129],[68.7499,23.1171],[68.7533,23.1175],[68.7542,23.1228],[68.7584,23.1227],[68.763,23.1211],[68.765,23.1238],[68.7754,23.1227],[68.7835,23.1201],[68.7849,23.1152],[68.7771,23.1158],[68.7745,23.1167],[68.7699,23.1147],[68.7674,23.1117],[68.7661,23.1076],[68.7642,23.1067],[68.7626,23.1027],[68.7639,23.0959],[68.7609,23.0905],[68.7674,23.0859],[68.7727,23.0804],[68.77,23.0773],[68.7641,23.0803],[68.7634,23.0845],[68.7586,23.0891],[68.7544,23.0836],[68.7614,23.0787],[68.7685,23.0769],[68.7758,23.0761],[68.7874,23.0719],[68.802,23.0645],[68.8116,23.0588],[68.8115,23.066],[68.8123,23.0687],[68.8095,23.073],[68.8109,23.076],[68.8152,23.077],[68.816,23.0734],[68.8155,23.0672],[68.8161,23.0625],[68.8236,23.0555],[68.827,23.0575],[68.831,23.0564],[68.8344,23.0507],[68.8363,23.0553],[68.8386,23.0502],[68.8418,23.0524],[68.8455,23.047],[68.8411,23.0478],[68.8401,23.0443],[68.8458,23.0426],[68.8533,23.038],[68.8572,23.0372],[68.8565,23.0348],[68.8608,23.0343],[68.8622,23.032],[68.8695,23.0341],[68.8691,23.0293],[68.8656,23.0319],[68.8632,23.0313],[68.8613,23.0322],[68.8608,23.0333],[68.8573,23.0326],[68.8688,23.027],[68.8746,23.0211],[68.8811,23.0179],[68.8903,23.0117],[68.9114,23.0003],[68.9149,22.9971],[68.9222,22.995],[68.9269,22.9926],[68.9312,22.9872],[68.9441,22.979],[68.9497,22.9775],[68.9549,22.973],[68.975,22.9623],[68.9808,22.9608],[68.9887,22.9556],[68.9957,22.9531],[69.0064,22.9467],[69.0198,22.9421],[69.0268,22.9372],[69.0366,22.9333],[69.0438,22.9299],[69.051,22.9249],[69.0755,22.9109],[69.0832,22.9054],[69.0922,22.8998],[69.0976,22.8975],[69.1042,22.8931],[69.1187,22.8824],[69.1312,22.8723],[69.1474,22.866],[69.1501,22.8662],[69.1674,22.8563],[69.1731,22.8522],[69.1728,22.856],[69.1669,22.859],[69.1724,22.8603],[69.1745,22.8562],[69.1783,22.8559],[69.1808,22.8578],[69.1826,22.855],[69.1863,22.8523],[69.1885,22.8531],[69.1942,22.8519],[69.1919,22.8463],[69.1937,22.845],[69.1946,22.8391],[69.1989,22.8378],[69.2019,22.8412],[69.2036,22.8378],[69.2096,22.8365],[69.2185,22.8372],[69.2218,22.8361],[69.2258,22.8375],[69.2308,22.8364],[69.2336,22.8338],[69.2428,22.8319],[69.2477,22.8297],[69.2548,22.8296],[69.2686,22.8252],[69.275,22.8266],[69.28,22.8266],[69.2867,22.8278],[69.2987,22.8315],[69.3002,22.833],[69.3061,22.8335],[69.3144,22.8332],[69.3216,22.8321],[69.331,22.8294],[69.3389,22.8264],[69.345,22.8219],[69.3517,22.8203],[69.3574,22.8218],[69.3668,22.8198],[69.3706,22.8183],[69.3748,22.8181],[69.3821,22.8156],[69.3918,22.8134],[69.3975,22.8111],[69.4097,22.804],[69.4232,22.7951],[69.4314,22.7885],[69.4365,22.7863],[69.4381,22.7871],[69.4481,22.7793],[69.4588,22.778],[69.4687,22.7745],[69.4726,22.7737],[69.4792,22.7751],[69.4737,22.7773],[69.47,22.7764],[69.4692,22.7788],[69.465,22.7814],[69.4602,22.7824],[69.4576,22.7868],[69.4519,22.7863],[69.4404,22.7946],[69.4398,22.7968],[69.4346,22.7986],[69.4316,22.8033],[69.4253,22.805],[69.4218,22.809],[69.4247,22.8117],[69.4314,22.809],[69.4384,22.8105],[69.4443,22.8109],[69.4461,22.8088],[69.4494,22.8117],[69.4522,22.8085],[69.4548,22.8133],[69.4573,22.8143],[69.4605,22.8092],[69.4605,22.8069],[69.4666,22.8013],[69.4685,22.7979],[69.477,22.7955],[69.4805,22.7963],[69.4834,22.7994],[69.4822,22.8047],[69.4867,22.8021],[69.4885,22.7993],[69.4929,22.7995],[69.4932,22.7972],[69.4984,22.7974],[69.5007,22.7995],[69.5045,22.8004],[69.5035,22.8032],[69.5053,22.8089],[69.5087,22.8054],[69.516,22.8051],[69.5185,22.8029],[69.531,22.8022],[69.5305,22.8055],[69.5332,22.8064],[69.5366,22.8042],[69.5456,22.807],[69.5574,22.8077],[69.5679,22.8138],[69.5712,22.8095],[69.576,22.8104],[69.5801,22.8159],[69.5837,22.8127],[69.5883,22.8118],[69.5914,22.8143],[69.5935,22.8118],[69.5974,22.8101],[69.6005,22.8053],[69.6067,22.8031],[69.6085,22.806],[69.6119,22.8057],[69.6132,22.8085],[69.6179,22.8121],[69.6228,22.8112],[69.6255,22.8085],[69.6318,22.8091],[69.6343,22.8118],[69.6369,22.808],[69.6364,22.8056],[69.6405,22.8045],[69.6459,22.81],[69.6472,22.8087],[69.646,22.8033],[69.6472,22.8016],[69.6474,22.7962],[69.6571,22.7963],[69.6716,22.8004],[69.6824,22.8],[69.6871,22.8025],[69.6882,22.8056],[69.692,22.8038],[69.6997,22.8049],[69.706,22.8046],[69.7102,22.8088],[69.7125,22.8061],[69.7168,22.8096],[69.7221,22.8099],[69.7238,22.8145],[69.7284,22.8161],[69.7357,22.8167],[69.7413,22.8202],[69.7454,22.8206],[69.748,22.8185],[69.7577,22.8227],[69.7686,22.8264],[69.7816,22.8346],[69.7842,22.8398],[69.7896,22.8422],[69.7901,22.844],[69.7951,22.8485],[69.8048,22.8518],[69.8073,22.8501],[69.8118,22.8499],[69.8149,22.852],[69.8203,22.8535],[69.8273,22.8577],[69.8419,22.8632],[69.8471,22.8658],[69.8563,22.8687],[69.863,22.8699],[69.8708,22.8699],[69.8788,22.8711],[69.8793,22.8735],[69.8837,22.8718],[69.8881,22.8714],[69.8872,22.8755],[69.8944,22.8708],[69.8987,22.8713],[69.9039,22.8748],[69.9044,22.8763],[69.9101,22.8784],[69.913,22.8847],[69.9335,22.8958],[69.939,22.8977],[69.9539,22.8987],[69.96,22.8983],[69.9698,22.8995],[69.9796,22.9028],[69.9821,22.9029],[69.9837,22.9064],[69.9848,22.9146],[69.9926,22.9138],[70.0007,22.9153],[70.0032,22.9168],[70.0121,22.9183],[70.0168,22.9202],[70.019,22.9236],[70.0237,22.9264],[70.0272,22.932],[70.0263,22.9397],[70.0279,22.9411],[70.0298,22.9464],[70.0318,22.9458],[70.0365,22.9527],[70.0416,22.9528],[70.0451,22.9511],[70.0496,22.9545],[70.0527,22.9546],[70.0584,22.9579],[70.0595,22.9636],[70.0642,22.9635],[70.0706,22.9661],[70.0812,22.967],[70.085,22.969],[70.0827,22.9761],[70.0901,22.9742],[70.0972,22.9758],[70.1038,22.98],[70.1111,22.9865],[70.1139,22.9881],[70.1191,22.9926],[70.1182,22.9966],[70.1221,22.9966],[70.1252,23.0048],[70.1302,23.0076],[70.1332,23.0115],[70.1353,23.0215],[70.1384,23.0212],[70.1395,23.0262],[70.1416,23.0268],[70.1472,23.0327],[70.1505,23.0336],[70.158,23.032],[70.1529,23.0263],[70.1518,23.024],[70.1464,23.0179],[70.1422,23.0089],[70.1373,23.0038],[70.1338,23.0016],[70.129,22.9904],[70.1297,22.9882],[70.1336,22.9858],[70.1334,22.9811],[70.1222,22.9702],[70.12,22.9654],[70.1205,22.9633],[70.1264,22.9596],[70.1304,22.96],[70.1335,22.9588],[70.1431,22.9515],[70.1499,22.9485],[70.1644,22.9383],[70.1723,22.9389],[70.1758,22.9374],[70.1804,22.9375],[70.1999,22.9426],[70.2074,22.9437],[70.216,22.9466],[70.2264,22.9518],[70.2307,22.9549],[70.2286,22.96],[70.2286,22.9658],[70.2302,22.9685],[70.2303,22.9727],[70.2284,22.9796],[70.2255,22.9866],[70.2258,22.989],[70.2242,22.9969],[70.224,23.0056],[70.2211,23.0123],[70.2203,23.0252],[70.2223,23.0355],[70.2196,23.0412],[70.2202,23.0428],[70.218,23.0526],[70.2193,23.0591],[70.2187,23.0633],[70.2137,23.0689],[70.2101,23.075],[70.2082,23.0751],[70.1886,23.0728],[70.1861,23.0683],[70.179,23.0642],[70.1695,23.0558],[70.1714,23.0514],[70.1704,23.0437],[70.164,23.0416],[70.159,23.0349],[70.1533,23.0382],[70.1567,23.0453],[70.1647,23.0538],[70.1677,23.0618],[70.1678,23.0644],[70.1716,23.0661],[70.1752,23.07],[70.1795,23.0709],[70.1817,23.0752],[70.1825,23.0795],[70.1739,23.0774],[70.1877,23.095],[70.1936,23.1056],[70.2025,23.1159],[70.2079,23.1271],[70.2084,23.1359],[70.2128,23.1399],[70.2092,23.1531],[70.2088,23.1604],[70.217,23.1658],[70.2247,23.1666],[70.2385,23.1649],[70.2362,23.1703],[70.245,23.1758],[70.253,23.1788],[70.2546,23.1776],[70.2676,23.1785],[70.2688,23.1825],[70.2727,23.1852],[70.2837,23.1983],[70.2915,23.1991],[70.2933,23.2111],[70.2966,23.2137],[70.2957,23.219],[70.3019,23.2237],[70.3082,23.2225],[70.3118,23.2194],[70.319,23.2197],[70.3239,23.2181],[70.3228,23.2217],[70.3277,23.2263],[70.3328,23.2227],[70.3378,23.2226],[70.3416,23.2199],[70.3456,23.221],[70.349,23.22],[70.3534,23.2206],[70.3664,23.2199],[70.364,23.2224],[70.3655,23.225],[70.3694,23.2249],[70.3699,23.2275],[70.378,23.2316],[70.3857,23.2334],[70.3887,23.2309],[70.3951,23.231],[70.403,23.2354],[70.4181,23.2375],[70.4286,23.2365],[70.4363,23.2334],[70.4322,23.2299],[70.4317,23.2227],[70.428,23.2175],[70.4296,23.2164],[70.4515,23.2045],[70.461,23.2039],[70.4757,23.1997],[70.4888,23.1914],[70.4916,23.1861],[70.4997,23.1813],[70.5023,23.1779],[70.5116,23.1774],[70.5237,23.1794],[70.5312,23.1784],[70.5353,23.1793],[70.5531,23.178],[70.5556,23.1787],[70.5642,23.1778],[70.574,23.1782],[70.579,23.1777],[70.596,23.1799],[70.6047,23.1799],[70.6179,23.1818],[70.6383,23.1866],[70.6457,23.1908],[70.649,23.192],[70.6444,23.2012],[70.6457,23.2023],[70.6446,23.2082],[70.6521,23.2169],[70.6508,23.2239],[70.6562,23.2213],[70.6622,23.2223],[70.6654,23.2243],[70.6703,23.221],[70.6758,23.2218],[70.6772,23.2184],[70.6797,23.2188],[70.682,23.2158],[70.6852,23.2159],[70.6865,23.2097],[70.6922,23.2094],[70.6939,23.2119],[70.6985,23.2117],[70.7005,23.2144],[70.706,23.2142],[70.7118,23.2156],[70.7132,23.21],[70.7156,23.2125],[70.7202,23.2119],[70.7242,23.2073],[70.7282,23.206],[70.7306,23.2082],[70.7242,23.2142],[70.7235,23.2171],[70.7254,23.2185],[70.7325,23.2194],[70.7378,23.2227],[70.7445,23.2209],[70.7461,23.2224],[70.7496,23.2351],[70.7566,23.2401],[70.7632,23.244],[70.7757,23.2493],[70.7812,23.2499],[70.7872,23.2473],[70.8017,23.2347],[70.8081,23.2309],[70.8143,23.2303],[70.8206,23.2328],[70.8269,23.2396],[70.8307,23.2479],[70.8331,23.2499],[70.8368,23.249],[70.8456,23.2425],[70.8568,23.2372],[70.8707,23.2298],[70.8804,23.2273],[70.8902,23.226],[70.8885,23.2227],[70.8835,23.2194],[70.8697,23.2128],[70.8646,23.2113],[70.8602,23.2085],[70.8599,23.2066],[70.8641,23.2049],[70.8731,23.2043],[70.8711,23.2002],[70.8643,23.1995],[70.8613,23.1978],[70.8603,23.1952],[70.8629,23.1924],[70.8707,23.1925],[70.8786,23.19],[70.8854,23.1838],[70.8883,23.1828],[70.8958,23.1838],[70.9088,23.1936],[70.9189,23.1984],[70.9264,23.1988],[70.9519,23.1971],[70.9579,23.1955],[70.9578,23.1936],[70.9495,23.1914],[70.9424,23.1888],[70.9351,23.185],[70.9194,23.1794],[70.9086,23.1732],[70.9016,23.1708],[70.8963,23.1704],[70.8762,23.1713],[70.8653,23.1715],[70.8524,23.1703],[70.8474,23.1687],[70.848,23.163],[70.844,23.1601],[70.8475,23.1581],[70.842,23.1522],[70.8349,23.1552],[70.8363,23.1583],[70.832,23.1593],[70.8288,23.1583],[70.8256,23.1551],[70.8251,23.1526],[70.8276,23.1489],[70.8338,23.1455],[70.8421,23.1446],[70.8481,23.142],[70.8573,23.1332],[70.8582,23.1297],[70.857,23.1254],[70.8485,23.1201],[70.848,23.1172],[70.8423,23.1172],[70.8404,23.1094],[70.838,23.1133],[70.8356,23.1115],[70.8349,23.1076],[70.8364,23.0998],[70.8383,23.095],[70.837,23.0916],[70.8335,23.0945],[70.8318,23.0927],[70.8337,23.0884],[70.8305,23.0847],[70.8286,23.0799],[70.8259,23.0812],[70.8255,23.0907],[70.8226,23.094],[70.8234,23.0981],[70.8297,23.1006],[70.8298,23.1054],[70.8232,23.1098],[70.8269,23.1138],[70.8296,23.1191],[70.8286,23.1206],[70.8332,23.1231],[70.8338,23.1301],[70.8304,23.131],[70.8272,23.1339],[70.8228,23.1327],[70.8156,23.1365],[70.8192,23.1386],[70.8174,23.1416],[70.8169,23.1479],[70.813,23.1482],[70.8157,23.1526],[70.815,23.155],[70.8186,23.1586],[70.8161,23.1646],[70.8127,23.1616],[70.8087,23.164],[70.8077,23.1609],[70.8028,23.1591],[70.7973,23.1595],[70.7956,23.1579],[70.796,23.1542],[70.7934,23.1522],[70.7886,23.1508],[70.7852,23.1521],[70.7855,23.156],[70.7922,23.1598],[70.7938,23.1617],[70.7918,23.1651],[70.7883,23.1664],[70.7841,23.1591],[70.7793,23.1594],[70.776,23.1627],[70.7742,23.1661],[70.7715,23.1681],[70.7646,23.166],[70.7602,23.1598],[70.7647,23.1558],[70.7663,23.1516],[70.7661,23.1461],[70.761,23.1446],[70.7579,23.142],[70.7543,23.1428],[70.7484,23.1462],[70.7474,23.1451],[70.6937,23.1201],[70.6676,23.1018],[70.6631,23.0973],[70.6583,23.0957],[70.6386,23.0812],[70.6314,23.0694],[70.6293,23.0625],[70.6266,23.0626],[70.6221,23.0603],[70.6097,23.0636],[70.5971,23.0609],[70.5937,23.055],[70.6003,23.0423],[70.6022,23.0343],[70.5875,23.0306],[70.5794,23.0352],[70.5722,23.0371],[70.5617,23.029],[70.5587,23.0241],[70.5552,23.016],[70.5534,23.0091],[70.5481,23],[70.5462,22.9921],[70.5408,22.9604],[70.5394,22.9639],[70.5333,22.9645],[70.5272,22.9635],[70.5241,22.9647],[70.5204,22.9631],[70.5151,22.9622],[70.5124,22.9601],[70.5051,22.962],[70.4937,22.9669],[70.4907,22.9669],[70.4856,22.971],[70.4792,22.9749],[70.4743,22.9741],[70.472,22.9714],[70.4647,22.9668],[70.4587,22.9656],[70.4456,22.9665],[70.4389,22.9684],[70.4378,22.965],[70.4453,22.9579],[70.4529,22.9537],[70.4563,22.95],[70.464,22.9468],[70.4726,22.9422],[70.4788,22.9378],[70.4923,22.9342],[70.5099,22.9372],[70.5194,22.935],[70.5199,22.9326],[70.5263,22.9315],[70.5351,22.9266],[70.5397,22.9255],[70.5351,22.9121],[70.5324,22.9081],[70.5305,22.9082],[70.5301,22.9123],[70.5223,22.9148],[70.521,22.9123],[70.5115,22.9046],[70.4988,22.8972],[70.4911,22.8899],[70.4942,22.8813],[70.4894,22.8799],[70.4855,22.8815],[70.4819,22.8713],[70.4772,22.8672],[70.4797,22.8619],[70.4726,22.8516],[70.4659,22.8395],[70.4623,22.8313],[70.4526,22.8293],[70.4393,22.8275],[70.4334,22.8188],[70.4133,22.8184],[70.4061,22.8123],[70.3961,22.8027],[70.3611,22.7826],[70.3458,22.7697],[70.3375,22.7611],[70.3233,22.7489],[70.3159,22.7443],[70.3151,22.7461],[70.3102,22.7433],[70.3056,22.7384],[70.299,22.7346],[70.2931,22.7281],[70.2892,22.727],[70.2848,22.7273],[70.2787,22.7253],[70.2804,22.7187],[70.2749,22.7152],[70.2681,22.7053],[70.2688,22.7006],[70.2674,22.692],[70.2687,22.6831],[70.2734,22.6789],[70.273,22.6721],[70.264,22.6699],[70.2666,22.6631],[70.2638,22.6585],[70.2643,22.6549],[70.2598,22.651],[70.2554,22.6495],[70.253,22.6454],[70.2445,22.6374],[70.237,22.6323],[70.2312,22.631],[70.2289,22.6257],[70.2248,22.6242],[70.2236,22.6211],[70.2184,22.6145],[70.2109,22.611],[70.2091,22.607],[70.2108,22.606],[70.211,22.5986],[70.2046,22.5964],[70.1997,22.5977],[70.1982,22.5901],[70.2012,22.5843],[70.2005,22.5822],[70.1946,22.5827],[70.1942,22.5813],[70.1881,22.5766],[70.1864,22.5739],[70.1792,22.5675],[70.177,22.5577],[70.1778,22.5524],[70.1761,22.5444],[70.1789,22.5421],[70.1845,22.5431],[70.1846,22.5316],[70.1834,22.5241],[70.1801,22.5231],[70.1729,22.5257],[70.172,22.5293],[70.1635,22.5266],[70.1577,22.5217],[70.1492,22.512],[70.1397,22.5154],[70.1328,22.5172],[70.1241,22.5126],[70.1189,22.5058],[70.1211,22.4888],[70.1176,22.4894],[70.1172,22.4971],[70.1163,22.501],[70.1123,22.4985],[70.1035,22.4972],[70.0919,22.4941],[70.0865,22.4937],[70.0852,22.5012],[70.0861,22.5039],[70.0902,22.5057],[70.0912,22.5082],[70.0865,22.5095],[70.0866,22.5118],[70.0792,22.5151],[70.0732,22.5139],[70.0731,22.5178],[70.07,22.5166],[70.0683,22.5134],[70.0624,22.5113],[70.057,22.5067],[70.0537,22.5067],[70.0476,22.5049],[70.036,22.5081],[70.0313,22.5084],[70.0256,22.5072],[70.0207,22.5072],[70.0172,22.5059],[70.0154,22.5018],[70.0103,22.4999],[69.9994,22.5089],[69.9911,22.5106],[69.9877,22.5092],[69.9832,22.5002],[69.9819,22.4956],[69.9794,22.4955],[69.9787,22.4915],[69.9825,22.485],[69.9825,22.4759],[69.9798,22.4738],[69.9793,22.4682],[69.9705,22.4682],[69.9662,22.4731],[69.9642,22.4777],[69.9567,22.4783],[69.9576,22.475],[69.9505,22.4723],[69.9435,22.4779],[69.9398,22.4828],[69.9365,22.4789],[69.935,22.4713],[69.9374,22.4633],[69.9338,22.464],[69.9243,22.4642],[69.9205,22.4609],[69.9187,22.4639],[69.9149,22.4655],[69.9132,22.4644],[69.9158,22.4576],[69.9133,22.4554],[69.9137,22.4518],[69.9076,22.4488],[69.9024,22.4517],[69.8995,22.4567],[69.8946,22.4579],[69.8878,22.4546],[69.8777,22.4443],[69.8756,22.439],[69.8765,22.436],[69.8744,22.434],[69.8737,22.4297],[69.8706,22.4273],[69.8672,22.4274],[69.8671,22.4332],[69.8636,22.4356],[69.8569,22.4371],[69.8417,22.4441],[69.8328,22.4471],[69.8327,22.442],[69.8255,22.4246],[69.8221,22.4214],[69.8214,22.4179],[69.8191,22.4165],[69.8138,22.4091],[69.8148,22.4058],[69.8094,22.4015],[69.8119,22.3991],[69.8137,22.3953],[69.8095,22.3933],[69.8107,22.3896],[69.8093,22.3862],[69.8036,22.3828],[69.7969,22.3803],[69.7938,22.3784],[69.7915,22.3808],[69.7923,22.3859],[69.7954,22.3888],[69.7957,22.3956],[69.7974,22.3997],[69.7973,22.406],[69.7931,22.4076],[69.7929,22.4099],[69.7897,22.4138],[69.7855,22.4132],[69.7838,22.4151],[69.7769,22.4191],[69.7749,22.4228],[69.766,22.4297],[69.7632,22.434],[69.7625,22.4379],[69.76,22.4426],[69.7562,22.4389],[69.7547,22.4302],[69.746,22.428],[69.7451,22.4316],[69.7477,22.4331],[69.7437,22.4404],[69.7398,22.4432],[69.7417,22.447],[69.7354,22.448],[69.7355,22.4498],[69.7414,22.4484],[69.7435,22.4512],[69.7437,22.4589],[69.7408,22.4617],[69.7411,22.4642],[69.7353,22.4688],[69.7345,22.4713],[69.7363,22.4769],[69.7307,22.4846],[69.7196,22.4767],[69.7127,22.4744],[69.7121,22.4707],[69.7058,22.4667],[69.7005,22.4609],[69.6973,22.4554],[69.6954,22.4501],[69.6946,22.4427],[69.7002,22.4352],[69.7054,22.4337],[69.7043,22.4302],[69.7001,22.4229],[69.7006,22.4201],[69.6986,22.417],[69.7017,22.4068],[69.6997,22.4],[69.7006,22.3962],[69.6942,22.395],[69.6831,22.3958],[69.6781,22.3973],[69.6742,22.3945],[69.6717,22.3961],[69.6682,22.3936],[69.6631,22.3936],[69.6635,22.3883],[69.6614,22.3877],[69.6591,22.3823],[69.6592,22.3795],[69.6564,22.3765],[69.6557,22.3707],[69.6577,22.3674],[69.6572,22.3618],[69.6557,22.3598],[69.6492,22.3572],[69.6423,22.3571],[69.6355,22.3582],[69.6341,22.3599],[69.6239,22.3649],[69.6231,22.3667],[69.617,22.3685],[69.6155,22.364],[69.6188,22.3575],[69.617,22.3558],[69.6166,22.3523],[69.6183,22.3503],[69.6136,22.3449],[69.6131,22.3495],[69.6092,22.3525],[69.6072,22.3468],[69.6035,22.3457],[69.5964,22.3477],[69.5918,22.359],[69.5895,22.3617],[69.5857,22.3599],[69.5818,22.3623],[69.5796,22.3674],[69.5743,22.3674],[69.5701,22.3638],[69.5694,22.3593],[69.5646,22.3552],[69.5613,22.3558],[69.5623,22.3602],[69.5575,22.3688],[69.5479,22.3725],[69.5434,22.377],[69.5404,22.3772],[69.5371,22.3753],[69.5373,22.3727],[69.5348,22.3709],[69.5332,22.3721],[69.5273,22.3717],[69.524,22.3697],[69.5174,22.3727],[69.5117,22.3711],[69.508,22.369],[69.4995,22.3663],[69.4967,22.3615],[69.4912,22.3554],[69.4889,22.3479],[69.4891,22.3397],[69.4901,22.3382],[69.4805,22.3333],[69.4713,22.3323],[69.4679,22.329],[69.4597,22.3291],[69.4574,22.3316],[69.4543,22.3322],[69.4519,22.3307],[69.4467,22.3309],[69.4426,22.3298],[69.4373,22.3228],[69.4336,22.3202],[69.4304,22.3199],[69.4232,22.316],[69.4178,22.3156],[69.4127,22.3164],[69.392,22.316],[69.3812,22.3188],[69.3788,22.321],[69.367,22.3171],[69.3634,22.3171],[69.3572,22.3193],[69.3546,22.3216],[69.3539,22.3259],[69.3517,22.3268],[69.3433,22.325],[69.3392,22.3259],[69.3375,22.3278],[69.3325,22.3278],[69.3313,22.3255],[69.3324,22.322],[69.3359,22.3226],[69.3401,22.313],[69.3373,22.307],[69.3339,22.3033],[69.3301,22.3017],[69.3277,22.3035],[69.3256,22.3018],[69.3245,22.2968],[69.322,22.292],[69.3169,22.2895],[69.3142,22.2896],[69.3127,22.2872],[69.3076,22.2867],[69.2977,22.2876],[69.2945,22.278],[69.2922,22.2753],[69.2795,22.2699],[69.2727,22.2697],[69.2703,22.2687],[69.2546,22.2675],[69.25,22.2646],[69.2488,22.2614],[69.2419,22.2579],[69.2356,22.25],[69.2336,22.2499],[69.2351,22.2409],[69.2336,22.2351],[69.2343,22.2313],[69.2367,22.2293],[69.2376,22.2229],[69.2282,22.218],[69.2218,22.2165],[69.2203,22.2146],[69.2218,22.2119],[69.2128,22.2103],[69.2124,22.2177],[69.211,22.2198],[69.1952,22.2253],[69.1943,22.2332],[69.1903,22.2419],[69.1846,22.2402],[69.1901,22.2349],[69.1816,22.2324],[69.1792,22.2281],[69.1805,22.2237],[69.1785,22.2128],[69.1763,22.2148],[69.1713,22.2157],[69.1676,22.2124],[69.1692,22.2082],[69.1672,22.204],[69.1612,22.2023],[69.157,22.1955],[69.1482,22.195],[69.1366,22.1954],[69.1347,22.2022],[69.1356,22.2058],[69.1394,22.2113],[69.1368,22.218],[69.134,22.2213],[69.1349,22.2238],[69.1395,22.2254],[69.1495,22.238],[69.1539,22.2494],[69.1514,22.25],[69.1487,22.2544],[69.1496,22.259],[69.1554,22.2622],[69.155,22.2705],[69.1574,22.2724],[69.1592,22.277],[69.159,22.2809],[69.1606,22.2849],[69.1584,22.2896],[69.1601,22.2922],[69.1601,22.2967],[69.1575,22.2988],[69.158,22.3028],[69.1605,22.3049],[69.1568,22.316],[69.165,22.3233],[69.1692,22.3333],[69.1679,22.3394],[69.1694,22.3426],[69.1653,22.3445],[69.1634,22.3484],[69.1655,22.3501],[69.1719,22.35],[69.174,22.3546],[69.1701,22.3562],[69.1726,22.363],[69.1759,22.3648],[69.1771,22.3698],[69.1721,22.3697],[69.1722,22.3732],[69.1751,22.3773],[69.1779,22.3793],[69.1821,22.38],[69.1833,22.3824],[69.1888,22.3863],[69.1974,22.3878],[69.1968,22.3909],[69.1987,22.4011],[69.1957,22.3996],[69.195,22.403],[69.1877,22.4025],[69.1906,22.4068],[69.1874,22.4134],[69.1915,22.4159],[69.1928,22.4222],[69.1825,22.4197],[69.177,22.414],[69.1722,22.4135],[69.1689,22.4075],[69.1634,22.4042],[69.1569,22.4056],[69.1561,22.4102],[69.1509,22.4043],[69.1506,22.4008],[69.1475,22.3979],[69.1426,22.3981],[69.139,22.4016],[69.1359,22.3983],[69.1332,22.3975],[69.1291,22.3897],[69.13,22.386],[69.1276,22.3836],[69.1265,22.3778],[69.1224,22.379],[69.1282,22.3864],[69.128,22.3951],[69.126,22.3974],[69.1139,22.4044],[69.1099,22.4099],[69.1066,22.4088],[69.1022,22.4096],[69.0994,22.408],[69.0983,22.404],[69.1025,22.4019],[69.103,22.3986],[69.0979,22.395],[69.0881,22.3923],[69.086,22.3934],[69.0824,22.3884],[69.0769,22.3887],[69.072,22.3874],[69.0661,22.3893],[69.0602,22.3921],[69.0527,22.3906],[69.0551,22.3938],[69.0534,22.396],[69.0495,22.3976],[69.0469,22.3947],[69.0408,22.3934],[69.0351,22.3907],[69.0339,22.3938],[69.0375,22.3987],[69.0374,22.4026],[69.0397,22.4044],[69.0391,22.4091],[69.0419,22.4163],[69.0455,22.4194],[69.0467,22.4225],[69.0436,22.4298],[69.0412,22.4324],[69.0424,22.4359],[69.0413,22.4403],[69.038,22.4428],[69.0395,22.4457],[69.0469,22.448],[69.0515,22.4459],[69.0503,22.4433],[69.0457,22.4425],[69.0466,22.44],[69.05,22.438],[69.0516,22.4409],[69.0667,22.4533],[69.0705,22.4526],[69.0743,22.4544],[69.0741,22.4578],[69.0764,22.4655],[69.0834,22.4741],[69.0785,22.4798],[69.0701,22.4784],[69.068,22.4812],[69.0642,22.4749],[69.0591,22.4695],[69.0539,22.4657],[69.0293,22.4537],[69.0204,22.448],[69.0125,22.4444],[69.0063,22.4396],[69.0009,22.4301],[68.998,22.4272],[68.9917,22.4186],[68.9845,22.4134],[68.9785,22.4043],[68.9806,22.4023],[68.9858,22.4041],[68.9926,22.4038],[69,22.4063],[69,22.4041],[68.9964,22.4016],[68.9921,22.4027],[68.9818,22.4016],[68.9778,22.4039],[68.9729,22.3956],[68.9681,22.389],[68.9663,22.3804],[68.9574,22.3683],[68.9567,22.3656],[68.9581,22.3512],[68.9545,22.3459],[68.9563,22.3393],[68.954,22.3346],[68.9496,22.3317],[68.9436,22.3327],[68.9418,22.3312],[68.9403,22.3234],[68.9358,22.3118],[68.9367,22.3041],[68.9395,22.2987],[68.94,22.2945],[68.9419,22.2898],[68.9484,22.2769],[68.9517,22.272],[68.9527,22.2638],[68.9518,22.2607],[68.9542,22.2572],[68.9529,22.25],[68.9537,22.2451],[68.958,22.2387],[68.9617,22.2383],[68.9642,22.2364],[68.9759,22.2201],[68.9778,22.2165],[68.9963,22.195],[69.0057,22.1849],[69.0198,22.1704],[69.0246,22.1642],[69.035,22.1526],[69.0482,22.1367],[69.0568,22.1274],[69.0635,22.1223],[69.0688,22.1161],[69.0749,22.1103],[69.0813,22.1055],[69.0902,22.097],[69.094,22.0925],[69.0998,22.0834],[69.1096,22.071],[69.1248,22.056],[69.1352,22.0444],[69.1387,22.0412],[69.1766,22.0006],[69.18,21.9964],[69.1923,21.9834],[69.1972,21.9814],[69.2038,21.9736],[69.2088,21.9663],[69.2199,21.9547],[69.2234,21.9528],[69.2314,21.9431],[69.2391,21.9359],[69.2438,21.9338],[69.2506,21.9264],[69.255,21.9226],[69.266,21.9106],[69.2716,21.9059],[69.2837,21.8936],[69.2913,21.8895],[69.2982,21.8826],[69.3029,21.8796],[69.3082,21.8752],[69.3126,21.8706],[69.3169,21.8678],[69.318,21.8658],[69.3298,21.8555],[69.3342,21.8532],[69.354,21.8379],[69.3648,21.8346],[69.3738,21.8276],[69.3817,21.8194],[69.3893,21.8099],[69.3924,21.8047],[69.3999,21.7969],[69.4065,21.7918],[69.4165,21.7831],[69.433,21.7667],[69.4426,21.7617],[69.4435,21.7601],[69.453,21.7508],[69.4699,21.7406],[69.4774,21.7345],[69.4902,21.7208],[69.4963,21.7149],[69.4998,21.7106],[69.5113,21.6995],[69.5254,21.6878],[69.5343,21.679],[69.5412,21.6727],[69.5553,21.6614],[69.5662,21.6515],[69.5782,21.6422],[69.5844,21.6379],[69.5874,21.6367],[69.5899,21.6386],[69.6025,21.6369],[69.6083,21.6307],[69.616,21.6246],[69.6262,21.6134],[69.6358,21.604],[69.6367,21.6023],[69.6499,21.5898],[69.6663,21.5709],[69.6741,21.563],[69.6788,21.5597],[69.6852,21.5528],[69.694,21.5468],[69.7073,21.5343],[69.719,21.5199],[69.7346,21.5034],[69.7399,21.4968],[69.7463,21.4904],[69.7551,21.4802],[69.7735,21.4609],[69.7829,21.4503],[69.7988,21.4343],[69.8152,21.4169],[69.8275,21.4022],[69.8359,21.3931],[69.8481,21.3778],[69.854,21.3717],[69.8617,21.3629],[69.8716,21.3507],[69.8778,21.3442],[69.8847,21.3351],[69.9029,21.3143],[69.9111,21.3058],[69.9235,21.2905],[69.9337,21.2808],[69.9382,21.2753],[69.9456,21.2677],[69.9523,21.259],[69.9597,21.2507],[69.9619,21.2497],[69.9683,21.2417],[69.9742,21.2351],[69.9816,21.2282],[70.0009,21.2063],[70.0141,21.193],[70.0175,21.1908],[70.0272,21.1809],[70.0308,21.1763],[70.0471,21.1586],[70.0478,21.1569],[70.0646,21.1402],[70.0676,21.1381],[70.073,21.1318],[70.0908,21.1148],[70.0984,21.1082],[70.1027,21.107],[70.1065,21.1042],[70.111,21.0991],[70.1228,21.0885],[70.1323,21.0808],[70.1391,21.0762],[70.1436,21.0693],[70.1459,21.0682],[70.1599,21.0548],[70.1662,21.0508],[70.1732,21.0433],[70.187,21.0313],[70.195,21.0258],[70.2011,21.0201],[70.206,21.0164],[70.2169,21.0068],[70.2227,21.003],[70.2253,21.0003],[70.2295,20.9993],[70.2336,20.997],[70.2389,20.9925],[70.2442,20.9858],[70.2485,20.9822],[70.2508,20.9789],[70.2568,20.9732],[70.2648,20.9679],[70.2705,20.9633],[70.2757,20.9609],[70.2821,20.9548],[70.294,20.9462],[70.3016,20.9414],[70.3081,20.9388],[70.3095,20.9363],[70.3159,20.9322],[70.3228,20.926],[70.3283,20.924],[70.3379,20.918],[70.3462,20.9154],[70.3479,20.913],[70.3575,20.9045],[70.3643,20.9004],[70.3696,20.8995],[70.3736,20.9034],[70.3782,20.9001],[70.3849,20.8978],[70.3865,20.8952],[70.3905,20.8946],[70.3957,20.8915],[70.406,20.8826],[70.4139,20.8739],[70.4187,20.8698],[70.4247,20.8622],[70.43,20.8614],[70.4377,20.8529],[70.4427,20.8535],[70.4477,20.8495],[70.4522,20.8481],[70.4612,20.8435],[70.4683,20.839],[70.4739,20.8397],[70.4803,20.836],[70.4857,20.8352],[70.4873,20.8308],[70.4902,20.8278],[70.4942,20.8263],[70.4997,20.8228],[70.5084,20.821],[70.5114,20.8177],[70.5162,20.8168],[70.5183,20.8143],[70.523,20.8125],[70.5231,20.8108],[70.5282,20.8104],[70.5332,20.8079],[70.5371,20.8038],[70.5442,20.8022],[70.5482,20.8043],[70.5549,20.8016],[70.5623,20.7925],[70.5704,20.7924],[70.5747,20.7907],[70.5836,20.784],[70.5857,20.7816],[70.5908,20.7812],[70.5998,20.7774],[70.6075,20.7769],[70.6108,20.7759],[70.6128,20.7708],[70.6211,20.7706],[70.6279,20.7661],[70.6335,20.7651],[70.6349,20.7671],[70.6391,20.7646],[70.6445,20.7628],[70.646,20.761],[70.6496,20.761],[70.653,20.7576],[70.6594,20.7556],[70.6661,20.7611],[70.6678,20.7591],[70.6745,20.7565],[70.6787,20.7539],[70.6822,20.7503],[70.6921,20.7455],[70.6984,20.7402],[70.7038,20.7366],[70.7074,20.7363],[70.714,20.7316],[70.7215,20.7297],[70.7246,20.7268],[70.7285,20.7274],[70.7315,20.7258],[70.7334,20.7227],[70.739,20.7213],[70.7423,20.7185],[70.7496,20.7176],[70.7556,20.7219],[70.7623,20.7214],[70.7662,20.7202],[70.7717,20.7164],[70.7831,20.7134],[70.7885,20.711],[70.8028,20.7004],[70.8075,20.7003],[70.8191,20.6942],[70.8217,20.6916],[70.8281,20.6901],[70.8308,20.6914],[70.8364,20.69],[70.8352,20.6995],[70.8409,20.7051],[70.8456,20.7068],[70.8497,20.707],[70.859,20.7061],[70.8693,20.7035],[70.8728,20.7044],[70.8749,20.7075],[70.878,20.7098],[70.8877,20.7093],[70.8932,20.7076],[70.8986,20.7038],[70.8969,20.701],[70.8992,20.6997],[70.9066,20.7009],[70.9133,20.6995],[70.9168,20.7017],[70.915,20.7053],[70.9162,20.7078],[70.9198,20.7105],[70.928,20.7123],[70.9377,20.7104],[70.9382,20.708],[70.9443,20.7059],[70.9508,20.7061],[70.9533,20.7039],[70.9595,20.707],[70.9646,20.7061],[70.9699,20.7077],[70.9717,20.7045],[70.9758,20.7046],[70.9799,20.7059],[70.9874,20.7103],[70.9944,20.7113],[70.9983,20.7158],[70.9927,20.7246],[70.9937,20.728],[71,20.7352],[71.004,20.7368],[71.0154,20.7381],[71.0306,20.7368],[71.0439,20.7337],[71.0462,20.7304],[71.0506,20.7304],[71.0535,20.7331],[71.0556,20.7328],[71.0603,20.736],[71.0646,20.7334],[71.0667,20.7352],[71.0728,20.7349],[71.0791,20.7369],[71.0814,20.7404],[71.0767,20.7435],[71.0769,20.7465],[71.079,20.7507],[71.0863,20.7554],[71.092,20.7568],[71.1024,20.7567],[71.1116,20.7573],[71.1164,20.7543],[71.1234,20.7547],[71.1273,20.757],[71.1345,20.7562],[71.141,20.757],[71.1461,20.759],[71.1481,20.7583],[71.1497,20.7619],[71.1491,20.7664],[71.1498,20.7714],[71.1562,20.7777],[71.1648,20.7811],[71.1739,20.7819],[71.1842,20.7839],[71.1897,20.786],[71.1934,20.7864],[71.1985,20.7885],[71.2018,20.7888],[71.2058,20.7979],[71.2092,20.8009],[71.2183,20.8033],[71.2246,20.8032],[71.232,20.8041],[71.2361,20.807],[71.2396,20.8118],[71.2448,20.8117],[71.2494,20.8131],[71.2526,20.8154],[71.258,20.8163],[71.2675,20.8223],[71.2733,20.8233],[71.2783,20.8268],[71.2822,20.8269],[71.2901,20.8302],[71.2931,20.8283],[71.296,20.8297],[71.2944,20.8335],[71.3024,20.8357],[71.3074,20.8392],[71.3171,20.8434],[71.3223,20.8468],[71.3317,20.8472],[71.3356,20.849],[71.3386,20.8488],[71.3471,20.8523],[71.3509,20.8502],[71.3544,20.8505],[71.3599,20.8525],[71.3646,20.8522],[71.3709,20.8539],[71.3769,20.857],[71.3832,20.8564],[71.3813,20.8595],[71.3814,20.8644],[71.3755,20.8653],[71.3743,20.8679],[71.3794,20.874],[71.3845,20.8758],[71.3923,20.8749],[71.3956,20.8718],[71.3942,20.8677],[71.3965,20.8653],[71.3998,20.8654],[71.4043,20.8679],[71.412,20.8665],[71.418,20.8686],[71.4294,20.8673],[71.434,20.869],[71.44,20.8695],[71.446,20.877],[71.4497,20.8772],[71.4499,20.881],[71.4555,20.8796],[71.459,20.8809],[71.4617,20.8799],[71.4648,20.8832],[71.4683,20.8849],[71.4734,20.8889],[71.477,20.8889],[71.4792,20.8972],[71.4826,20.9004],[71.4818,20.9063],[71.4836,20.9089],[71.4892,20.9139],[71.495,20.9171],[71.503,20.9204],[71.5039,20.9285],[71.5092,20.9328],[71.5104,20.9375],[71.5095,20.9419],[71.5167,20.9481],[71.521,20.9477],[71.5275,20.951],[71.5304,20.9439],[71.5358,20.9442],[71.5454,20.9499],[71.5519,20.9504],[71.5656,20.949],[71.5686,20.953],[71.5798,20.9537],[71.5802,20.9575],[71.589,20.9604],[71.5945,20.9615],[71.5978,20.9642],[71.6,20.9629],[71.607,20.9644],[71.6105,20.9661],[71.6107,20.9738],[71.6127,20.9757],[71.6168,20.9756],[71.6185,20.9713],[71.6151,20.9689],[71.6169,20.9671],[71.6245,20.9678],[71.6321,20.9701],[71.6396,20.9734],[71.6414,20.9753],[71.6477,20.9747],[71.6485,20.9785],[71.6444,20.9771],[71.6425,20.9781],[71.637,20.9777],[71.6368,20.9807],[71.6413,20.987],[71.6429,20.9909],[71.6488,20.9952],[71.6546,20.9966],[71.6574,20.9963],[71.6652,20.9984],[71.6702,20.9981],[71.675,20.9948],[71.6819,20.9965],[71.6829,20.9985],[71.6811,21.0017],[71.6828,21.0038],[71.6878,21.0064],[71.7001,21.0105],[71.7172,21.0207],[71.7284,21.0212],[71.7316,21.0187],[71.736,21.021],[71.7379,21.0178],[71.7474,21.0199],[71.7508,21.0199],[71.7526,21.0219],[71.7606,21.0206],[71.7643,21.0215],[71.7634,21.0247],[71.7653,21.0266],[71.7686,21.0257],[71.7718,21.0283],[71.7829,21.0308],[71.7834,21.033],[71.779,21.0368],[71.7807,21.0392],[71.7848,21.0392],[71.7863,21.0408],[71.7927,21.04],[71.7969,21.0374],[71.8001,21.039],[71.8066,21.0386],[71.8033,21.0428],[71.802,21.0478],[71.7993,21.049],[71.7976,21.0552],[71.8005,21.0588],[71.807,21.0634],[71.8167,21.0693],[71.8222,21.0709],[71.8249,21.0691],[71.8283,21.0694],[71.8313,21.0721],[71.8347,21.0727],[71.8458,21.0779],[71.8498,21.0763],[71.8513,21.0793],[71.8546,21.0819],[71.8567,21.0814],[71.8602,21.0857],[71.865,21.0873],[71.8682,21.0865],[71.8706,21.0891],[71.8738,21.0873],[71.88,21.0893],[71.8878,21.0992],[71.8876,21.1015],[71.8908,21.1048],[71.8983,21.1099],[71.9119,21.1115],[71.9209,21.1133],[71.9249,21.1123],[71.9301,21.116],[71.9386,21.1167],[71.9397,21.1191],[71.9447,21.1216],[71.9479,21.1203],[71.9508,21.1208],[71.9533,21.1235],[71.9623,21.1243],[71.9744,21.1226],[71.972,21.1248],[71.9723,21.1281],[71.9763,21.1332],[71.9866,21.1379],[71.9961,21.1396],[71.999,21.1413],[72.004,21.1418],[72.0052,21.1382],[72.009,21.1377],[72.0083,21.1446],[72.0118,21.1496],[72.0202,21.1552],[72.0246,21.156],[72.033,21.1593],[72.0359,21.1594],[72.0391,21.1627],[72.0459,21.1633],[72.0465,21.1657],[72.0504,21.1694],[72.0577,21.1737],[72.0611,21.1741],[72.0637,21.1777],[72.0697,21.1802],[72.0748,21.1811],[72.076,21.1834],[72.0822,21.1873],[72.0869,21.1878],[72.0859,21.1903],[72.0992,21.1955],[72.1017,21.1955],[72.1085,21.1982],[72.1121,21.1986],[72.1102,21.2028],[72.1108,21.2058],[72.1095,21.21],[72.1054,21.2128],[72.1,21.2206],[72.097,21.2217],[72.0956,21.2245],[72.0905,21.2278],[72.0872,21.2344],[72.0847,21.2365],[72.0844,21.2464],[72.0905,21.2554],[72.0975,21.2635],[72.0986,21.2723],[72.0984,21.2794],[72.1037,21.2808],[72.1074,21.2855],[72.1115,21.2929],[72.111,21.2967],[72.1078,21.3025],[72.1116,21.3045],[72.1175,21.3153],[72.1207,21.3198],[72.1251,21.3284],[72.1325,21.3391],[72.1383,21.3449],[72.151,21.3559],[72.1559,21.3606],[72.1567,21.3646],[72.1677,21.3762],[72.1699,21.3815],[72.1696,21.3846],[72.1764,21.3926],[72.1899,21.4042],[72.1933,21.4058],[72.2027,21.4146],[72.2106,21.421],[72.2151,21.4262],[72.2178,21.4321],[72.2216,21.4357],[72.2263,21.4416],[72.2262,21.445],[72.2316,21.4524],[72.2354,21.456],[72.2351,21.461],[72.2367,21.4653],[72.2437,21.4743],[72.2428,21.4756],[72.2456,21.4801],[72.2456,21.4822],[72.2485,21.4851],[72.2527,21.4958],[72.2561,21.5025],[72.2557,21.5058],[72.2568,21.5111],[72.2597,21.5175],[72.2594,21.521],[72.2635,21.5305],[72.2636,21.5348],[72.265,21.5372],[72.2659,21.5454],[72.2647,21.5552],[72.2682,21.5629],[72.2694,21.5707],[72.2729,21.5777],[72.2784,21.5854],[72.2804,21.5908],[72.2884,21.5972],[72.2941,21.6083],[72.3008,21.6153],[72.3038,21.62],[72.3064,21.6287],[72.3058,21.6334],[72.3015,21.6453],[72.3045,21.6466],[72.3003,21.6532],[72.298,21.6613],[72.2958,21.6634],[72.2959,21.6665],[72.2933,21.6699],[72.2902,21.6807],[72.2845,21.6866],[72.2802,21.6947],[72.282,21.698],[72.2716,21.7054],[72.2684,21.7112],[72.2628,21.7196],[72.2537,21.7352],[72.25,21.7426],[72.2467,21.7534],[72.2433,21.7609],[72.241,21.7683],[72.2366,21.78],[72.2283,21.793],[72.2187,21.8033],[72.2028,21.8191],[72.2048,21.8238],[72.2103,21.819],[72.2121,21.821],[72.2202,21.8196],[72.2355,21.812],[72.2416,21.8242],[72.2425,21.8298],[72.232,21.8456],[72.2172,21.867],[72.2085,21.8862],[72.2042,21.8911],[72.2052,21.8969],[72.2031,21.9138],[72.206,21.9228],[72.2059,21.9299],[72.2086,21.9426],[72.2063,21.9471],[72.2068,21.9515],[72.2117,21.9621],[72.2137,21.9631],[72.222,21.9649],[72.2373,21.9714],[72.2417,21.9758],[72.2689,21.9706],[72.2725,21.9845],[72.2762,21.993],[72.2804,22],[72.2831,22.0096],[72.2877,22.0191],[72.2939,22.0273],[72.3018,22.035],[72.36,22.0796],[72.37,22.0875],[72.3949,22.1066],[72.4119,22.1207],[72.4302,22.1378],[72.4379,22.1434],[72.4572,22.1554],[72.4994,22.1792],[72.5031,22.1844],[72.5169,22.2015],[72.5313,22.2158],[72.5409,22.2216],[72.5553,22.2281],[72.5668,22.2314],[72.5758,22.2328],[72.6242,22.2339],[72.6342,22.2321],[72.6573,22.2252],[72.666,22.2211],[72.6736,22.2162],[72.6952,22.2008],[72.6997,22.2001],[72.7029,22.2014],[72.7083,22.2067],[72.7127,22.2091],[72.721,22.2121],[72.7474,22.2231],[72.762,22.2252],[72.7752,22.2292],[72.7876,22.2362],[72.7978,22.2447],[72.8025,22.2506],[72.8027,22.2523],[72.8089,22.253],[72.8159,22.2553],[72.824,22.2621],[72.8335,22.2715],[72.8391,22.2746],[72.8492,22.2749],[72.8486,22.2527],[72.8489,22.2478],[72.8538,22.2389],[72.8501,22.2406],[72.8468,22.2376],[72.8444,22.2396],[72.8414,22.2387],[72.8421,22.2324],[72.838,22.2287],[72.8324,22.2283],[72.8296,22.2269],[72.8269,22.2289],[72.8259,22.2244],[72.8228,22.2284],[72.8193,22.2231],[72.8232,22.2209],[72.8206,22.2175],[72.8227,22.2092],[72.8157,22.2062],[72.7828,22.1929],[72.7825,22.1759],[72.7827,22.1576],[72.7742,22.1612],[72.7646,22.169],[72.7602,22.1714],[72.7562,22.1724],[72.748,22.173],[72.7393,22.175],[72.7309,22.1783],[72.7219,22.1834],[72.7091,22.1856],[72.7052,22.1825],[72.6952,22.1876],[72.6877,22.1946],[72.6809,22.1983],[72.6746,22.2002],[72.6711,22.1982],[72.6663,22.2003],[72.6641,22.1992],[72.6599,22.2023],[72.663,22.2046],[72.6644,22.2074],[72.6578,22.2123],[72.6515,22.215],[72.6384,22.217],[72.6315,22.2165],[72.6219,22.2169],[72.6166,22.2163],[72.6118,22.2141],[72.6055,22.2133],[72.5938,22.208],[72.5908,22.2047],[72.5941,22.2013],[72.5919,22.199],[72.589,22.2031],[72.5855,22.2024],[72.581,22.1992],[72.5755,22.1912],[72.5708,22.1877],[72.564,22.1783],[72.5584,22.1678],[72.5583,22.1656],[72.5539,22.1577],[72.5482,22.145],[72.5482,22.1361],[72.5445,22.1322],[72.5448,22.1295],[72.543,22.1245],[72.5451,22.121],[72.5442,22.1187],[72.5464,22.1113],[72.5439,22.1005],[72.5414,22.095],[72.5409,22.0915],[72.5389,22.0905],[72.5395,22.0862],[72.5472,22.0837],[72.5464,22.0765],[72.5421,22.0798],[72.5369,22.0751],[72.5373,22.0681],[72.5369,22.0608],[72.5421,22.0383],[72.5401,22.0329],[72.5481,22.0143],[72.5485,21.9911],[72.5473,21.9878],[72.5419,21.9863],[72.5337,21.9869],[72.5337,21.9826],[72.5281,21.9823],[72.5281,21.9778],[72.5367,21.9775],[72.5377,21.9721],[72.5333,21.9724],[72.5334,21.9681],[72.5311,21.9659],[72.5399,21.9653],[72.5398,21.9618],[72.5376,21.9603],[72.5351,21.962],[72.5273,21.9609],[72.5271,21.9573],[72.5305,21.9551],[72.5322,21.9582],[72.5396,21.9584],[72.5416,21.9592],[72.5412,21.9652],[72.5479,21.9644],[72.5475,21.9543],[72.545,21.9493],[72.5407,21.9503],[72.5363,21.9498],[72.5312,21.9431],[72.5284,21.9381],[72.5291,21.9311],[72.5331,21.926],[72.5371,21.9276],[72.5389,21.9182],[72.5427,21.9124],[72.5467,21.9113],[72.5493,21.9139],[72.5645,21.9178],[72.5723,21.9221],[72.5818,21.9243],[72.588,21.9224],[72.5951,21.9267],[72.6016,21.929],[72.6087,21.9337],[72.6119,21.9371],[72.6245,21.9474],[72.6323,21.9516],[72.6376,21.9557],[72.6412,21.957],[72.6493,21.9567],[72.6526,21.9571],[72.66,21.9554],[72.6721,21.9557],[72.681,21.9592],[72.6837,21.9543],[72.6918,21.9521],[72.6997,21.9524],[72.7078,21.9534],[72.7117,21.956],[72.7143,21.9615],[72.7152,21.9664],[72.7141,21.9726],[72.7096,21.9792],[72.7151,21.9827],[72.7227,21.9949],[72.7252,21.9965],[72.7286,21.9956],[72.7356,21.9868],[72.7336,21.9827],[72.7337,21.9788],[72.7365,21.9755],[72.7464,21.9706],[72.7483,21.9675],[72.7467,21.9618],[72.7411,21.9551],[72.7351,21.9509],[72.7324,21.9502],[72.7194,21.9392],[72.71,21.9392],[72.7076,21.9383],[72.6977,21.9385],[72.6952,21.9414],[72.6919,21.9419],[72.6933,21.9361],[72.6942,21.9284],[72.6946,21.91],[72.6952,21.9029],[72.6977,21.8889],[72.693,21.8866],[72.6913,21.8826],[72.6836,21.8851],[72.6755,21.8923],[72.6705,21.8957],[72.6651,21.8943],[72.6592,21.8914],[72.6547,21.8953],[72.6482,21.8973],[72.646,21.8967],[72.6452,21.8882],[72.6395,21.8902],[72.6362,21.8871],[72.633,21.8804],[72.6234,21.8838],[72.6231,21.8771],[72.6162,21.8604],[72.6151,21.8544],[72.6103,21.8397],[72.6162,21.8346],[72.62,21.8294],[72.6143,21.8214],[72.6055,21.8137],[72.593,21.8049],[72.5953,21.8002],[72.5993,21.7983],[72.599,21.7948],[72.6006,21.7915],[72.6099,21.7904],[72.61,21.7891],[72.602,21.7898],[72.6018,21.7816],[72.6034,21.7764],[72.6015,21.772],[72.6012,21.767],[72.6027,21.7638],[72.6064,21.765],[72.605,21.7596],[72.6052,21.7563],[72.5996,21.75],[72.5918,21.7486],[72.5877,21.7467],[72.5837,21.7422],[72.5681,21.7387],[72.5598,21.7326],[72.557,21.7321],[72.5496,21.7349],[72.5459,21.735],[72.5397,21.7319],[72.5379,21.727],[72.5339,21.7217],[72.5322,21.7172],[72.5324,21.7097],[72.5319,21.6962],[72.5332,21.6887],[72.5332,21.6804],[72.5344,21.6714],[72.5375,21.6657],[72.5439,21.6603],[72.5483,21.6587],[72.5547,21.6589],[72.5584,21.6599],[72.5643,21.6647],[72.5705,21.668],[72.5829,21.6729],[72.5957,21.6802],[72.6052,21.6833],[72.6018,21.6853],[72.6031,21.6872],[72.6088,21.688],[72.6121,21.684],[72.6216,21.6823],[72.6376,21.6808],[72.6399,21.6838],[72.6448,21.6817],[72.6485,21.6824],[72.6551,21.6808],[72.6601,21.6811],[72.6682,21.6845],[72.6663,21.6877],[72.6717,21.6876],[72.6749,21.6864],[72.6756,21.6842],[72.6849,21.6816],[72.6899,21.681],[72.6935,21.6816],[72.6987,21.684],[72.7079,21.6803],[72.7124,21.6796],[72.7228,21.685],[72.7291,21.6865],[72.737,21.6911],[72.7459,21.6885],[72.7498,21.6828],[72.7526,21.6815],[72.7547,21.6758],[72.7636,21.6694],[72.7766,21.6653],[72.7898,21.6633],[72.8013,21.6577],[72.8178,21.6583],[72.8342,21.6714],[72.8365,21.6744],[72.8495,21.6835],[72.8536,21.6854],[72.8619,21.6876],[72.8631,21.6863],[72.8707,21.6868],[72.8805,21.6863],[72.8924,21.6831],[72.9126,21.6788],[72.9158,21.6771],[72.9228,21.676],[72.925,21.6785],[72.9354,21.6766],[72.9382,21.6767],[72.9535,21.6806],[72.9611,21.6819],[72.963,21.674],[72.9542,21.6718],[72.941,21.6691],[72.9313,21.6679],[72.9272,21.6681],[72.9077,21.6652],[72.9072,21.6668],[72.895,21.6751],[72.8884,21.6734],[72.8789,21.6729],[72.874,21.6692],[72.8727,21.6625],[72.8734,21.6571],[72.8733,21.6449],[72.8679,21.6422],[72.8669,21.6436],[72.8585,21.6458],[72.8478,21.6513],[72.8417,21.6558],[72.8285,21.6509],[72.8314,21.6437],[72.8319,21.6392],[72.8313,21.632],[72.8289,21.6259],[72.8257,21.6216],[72.8203,21.6111],[72.8106,21.604],[72.8018,21.6006],[72.7977,21.5956],[72.8022,21.5872],[72.7918,21.5885],[72.7846,21.5872],[72.7791,21.5804],[72.7747,21.574],[72.7738,21.5714],[72.7688,21.5704],[72.7662,21.5685],[72.7565,21.5659],[72.7586,21.561],[72.7615,21.5646],[72.7679,21.5651],[72.7702,21.5625],[72.7675,21.5567],[72.7605,21.5499],[72.7603,21.5478],[72.7501,21.5417],[72.75,21.5275],[72.7466,21.5288],[72.7395,21.5297],[72.7397,21.5339],[72.737,21.5336],[72.7325,21.5305],[72.7287,21.532],[72.7258,21.5274],[72.7221,21.5297],[72.719,21.528],[72.7168,21.5291],[72.7117,21.5269],[72.7074,21.5284],[72.7057,21.5261],[72.7022,21.5249],[72.6979,21.5181],[72.6902,21.5084],[72.687,21.5014],[72.677,21.503],[72.6723,21.4975],[72.6659,21.4859],[72.6636,21.4803],[72.6601,21.4741],[72.6558,21.4692],[72.6503,21.4648],[72.639,21.4585],[72.625,21.4476],[72.6178,21.4439],[72.6052,21.4406],[72.6018,21.4365],[72.5961,21.4327],[72.5925,21.4284],[72.5911,21.4249],[72.5866,21.4197],[72.5796,21.4139],[72.5791,21.4096],[72.5852,21.4023],[72.5919,21.4008],[72.6003,21.4001],[72.6142,21.4056],[72.6131,21.4001],[72.6285,21.4089],[72.6374,21.418],[72.6457,21.4195],[72.6517,21.4296],[72.6582,21.4367],[72.6605,21.4432],[72.6657,21.445],[72.6704,21.4443],[72.6794,21.4456],[72.6838,21.4549],[72.6873,21.4524],[72.6829,21.443],[72.6766,21.4388],[72.6669,21.437],[72.6605,21.4321],[72.6547,21.4234],[72.6508,21.4195],[72.6414,21.4121],[72.63,21.4039],[72.6231,21.3997],[72.6099,21.3947],[72.6012,21.3886],[72.6009,21.3802],[72.6016,21.3562],[72.6015,21.343],[72.6007,21.3236],[72.5979,21.3174],[72.5975,21.3055],[72.6003,21.2899],[72.6093,21.2799],[72.6081,21.2735],[72.6093,21.2689],[72.6198,21.2537],[72.6223,21.2426],[72.6304,21.2343],[72.6452,21.2252],[72.6537,21.2254],[72.6557,21.2223],[72.6548,21.2169],[72.6496,21.2133],[72.6381,21.2111],[72.6393,21.2028],[72.6357,21.1954],[72.6346,21.1905],[72.6302,21.1622],[72.6286,21.1441],[72.6252,21.1298],[72.6192,21.1148],[72.6195,21.1027],[72.6206,21.0979],[72.6232,21.0931],[72.6312,21.0862],[72.6381,21.0845],[72.6448,21.0861],[72.6489,21.0897],[72.6522,21.0974],[72.6581,21.1045],[72.665,21.1083],[72.67,21.1142],[72.6699,21.1059],[72.6754,21.1033],[72.6828,21.0977],[72.6863,21.0939],[72.6843,21.0881],[72.6848,21.083],[72.6956,21.0848],[72.6949,21.0928],[72.6955,21.0952],[72.7025,21.0962],[72.7042,21.09],[72.7033,21.0868],[72.7084,21.0807],[72.7108,21.0794],[72.7259,21.0774],[72.733,21.0776],[72.7412,21.0745],[72.741,21.0705],[72.75,21.0637],[72.7489,21.0572],[72.7406,21.0514],[72.7361,21.0509],[72.7331,21.0536],[72.7321,21.0574],[72.729,21.0612],[72.7248,21.0594],[72.7249,21.0543],[72.726,21.0473],[72.7227,21.0432],[72.7222,21.0377],[72.7238,21.0321],[72.7246,21.0253],[72.7259,21.0209],[72.7264,21.0147],[72.7309,21.0025],[72.7325,21.0015],[72.7321,20.9961],[72.7342,20.9897],[72.7391,20.9808],[72.7411,20.9703],[72.7411,20.9679],[72.7437,20.959],[72.7475,20.9527],[72.7547,20.9387],[72.765,20.9351],[72.7698,20.9375],[72.774,20.9368],[72.7817,20.9399],[72.7876,20.9436],[72.7986,20.9442],[72.8051,20.9467],[72.8091,20.9468],[72.8152,20.9509],[72.8192,20.9523],[72.8185,20.9484],[72.8138,20.9426],[72.8127,20.9371],[72.82,20.9275],[72.8123,20.9276],[72.8053,20.9263],[72.7955,20.9214],[72.7921,20.9182],[72.7896,20.9181],[72.7862,20.9208],[72.7845,20.9252],[72.781,20.9247],[72.7802,20.9212],[72.7811,20.9182],[72.7855,20.9115],[72.7859,20.9082],[72.7974,20.8835],[72.8127,20.8477],[72.814,20.8434],[72.818,20.8344],[72.8247,20.8242],[72.8251,20.819],[72.8288,20.8104],[72.8334,20.8067],[72.8392,20.8052],[72.8392,20.8005],[72.8323,20.8],[72.8267,20.7983],[72.8202,20.7938],[72.8227,20.791],[72.8226,20.7879],[72.8243,20.7835],[72.8292,20.7765],[72.8387,20.7683],[72.8377,20.7652],[72.8417,20.7631],[72.8482,20.7619],[72.8529,20.7569],[72.854,20.7517],[72.8497,20.7501],[72.8488,20.7445],[72.8493,20.7368],[72.8527,20.7246],[72.8542,20.715],[72.86,20.6994],[72.8625,20.6949],[72.8661,20.6851],[72.8672,20.6792],[72.8736,20.6595],[72.876,20.6492],[72.8776,20.6454],[72.8821,20.6409],[72.8842,20.64],[72.8842,20.6355],[72.8862,20.6309],[72.8867,20.6264],[72.8907,20.6139],[72.8935,20.603],[72.8967,20.5932],[72.8979,20.5864],[72.8982,20.5736],[72.8951,20.5633],[72.8907,20.557],[72.8889,20.5494],[72.886,20.5424],[72.8879,20.5367],[72.8878,20.5325],[72.8862,20.5251],[72.8881,20.5158],[72.8888,20.509],[72.8876,20.5066],[72.8859,20.4977],[72.8799,20.4925],[72.8744,20.494],[72.8726,20.4932],[72.8707,20.4892],[72.8688,20.4884],[72.8656,20.483],[72.8604,20.4716],[72.8581,20.4656],[72.8563,20.4705],[72.8463,20.478],[72.8465,20.4714],[72.8442,20.4668],[72.8371,20.4619],[72.8331,20.4551],[72.8256,20.4464],[72.8201,20.4339],[72.8209,20.4234],[72.8171,20.4175],[72.8166,20.4067],[72.8152,20.4031],[72.8133,20.3901],[72.8097,20.3823],[72.8052,20.3761],[72.8046,20.3723],[72.8084,20.3726],[72.8156,20.3706],[72.8238,20.3672],[72.8194,20.3596],[72.8141,20.3528],[72.8095,20.3522],[72.8031,20.3495],[72.7995,20.3491],[72.794,20.3505],[72.7901,20.3484],[72.7836,20.3397],[72.7794,20.3359],[72.7771,20.3317],[72.7761,20.3253],[72.7763,20.3149],[72.7742,20.3018],[72.77,20.298],[72.7677,20.2974],[72.7634,20.2993],[72.7574,20.292],[72.7563,20.2892],[72.755,20.2662],[72.7537,20.2604],[72.7498,20.2521],[72.7451,20.2476],[72.7424,20.2412],[72.7466,20.2263],[72.7486,20.2069],[72.7504,20.2014],[72.7474,20.1974],[72.7461,20.1856],[72.7444,20.1819],[72.7454,20.175],[72.7444,20.1672],[72.7451,20.165],[72.7426,20.1593],[72.7421,20.1485],[72.7428,20.1403],[72.7412,20.1403],[72.74,20.1348],[72.7377,20.1343],[72.7371,20.1272],[72.7441,20.1241],[72.745,20.1177],[72.7432,20.1168],[72.7388,20.1177],[72.7359,20.1066],[72.7291,20.0931],[72.7285,20.0879],[72.7256,20.0828],[72.726,20.0799],[72.7159,20.0797],[72.7105,20.0782],[72.7079,20.07],[72.7095,20.0641],[72.7104,20.0573],[72.7126,20.0505],[72.7151,20.0371],[72.7144,20.0306],[72.7148,20.0271],[72.7128,20.0225],[72.7165,20.0174],[72.7201,20.0047],[72.7214,19.9889],[72.7204,19.9844],[72.7167,19.9746],[72.7172,19.9723],[72.7132,19.9678],[72.7056,19.9666],[72.7008,19.9617],[72.6952,19.9587],[72.6894,19.9574],[72.6871,19.9543],[72.6834,19.9456],[72.6803,19.9422],[72.6727,19.937],[72.6642,19.9335],[72.6644,19.9297],[72.6687,19.928],[72.6731,19.9227],[72.6759,19.9238],[72.6788,19.9207],[72.6771,19.9191],[72.6747,19.9034],[72.6786,19.9003],[72.6815,19.8902],[72.6816,19.8811],[72.6794,19.872],[72.6791,19.8669],[72.6803,19.8652],[72.6737,19.8644],[72.6716,19.8666],[72.6609,19.8626],[72.6555,19.8619],[72.6509,19.8649],[72.6506,19.8698],[72.6475,19.8696],[72.6459,19.8644],[72.6455,19.8571],[72.6472,19.8474],[72.6456,19.8448],[72.642,19.844],[72.6463,19.8387],[72.6496,19.8296],[72.6517,19.8277],[72.6512,19.8173],[72.6543,19.8106],[72.6642,19.8039],[72.6684,19.802],[72.6681,19.8065],[72.6656,19.8135],[72.6713,19.8136],[72.674,19.8109],[72.6805,19.7997],[72.6828,19.7935],[72.6835,19.7891],[72.6831,19.7797],[72.6846,19.7678],[72.6829,19.7605],[72.6781,19.7629],[72.6759,19.765],[72.6727,19.7634],[72.6719,19.761],[72.6743,19.7562],[72.6773,19.7527],[72.6779,19.7495],[72.6744,19.7425],[72.6739,19.7381],[72.6753,19.7269],[72.6726,19.7221],[72.6769,19.7147],[72.6841,19.7145],[72.6847,19.7171],[72.6909,19.7175],[72.6924,19.7195],[72.6975,19.7191],[72.7043,19.7113],[72.7081,19.7038],[72.7086,19.6958],[72.7061,19.6894],[72.7029,19.6888],[72.7011,19.6828],[72.7018,19.6741],[72.7028,19.6706],[72.6991,19.6617],[72.7012,19.6561],[72.703,19.6547],[72.7057,19.6496],[72.7073,19.6383],[72.7101,19.6396],[72.7157,19.6347],[72.719,19.6293],[72.718,19.6265],[72.7112,19.6259],[72.711,19.6222],[72.7183,19.6205],[72.7234,19.6169],[72.7253,19.6083],[72.7222,19.6025],[72.7196,19.6028],[72.7182,19.5978],[72.7133,19.597],[72.7093,19.5988],[72.7118,19.5851],[72.7141,19.5836],[72.714,19.5784],[72.7104,19.5745],[72.7108,19.5694],[72.7133,19.5669],[72.7172,19.5659],[72.7173,19.5621],[72.7155,19.5606],[72.7169,19.5576],[72.7141,19.5547],[72.7155,19.5507],[72.7111,19.5424],[72.7114,19.5398],[72.7148,19.5365],[72.7203,19.5371],[72.7218,19.5333],[72.7223,19.5285],[72.7199,19.5229],[72.7162,19.5194],[72.7188,19.5161],[72.7204,19.5117],[72.7195,19.5016],[72.7204,19.5005],[72.7335,19.5006],[72.7425,19.5],[72.7477,19.4965],[72.7473,19.4928],[72.7495,19.4893],[72.7495,19.475],[72.7487,19.4706],[72.7463,19.4687],[72.7434,19.4638],[72.7431,19.4584],[72.7482,19.4478],[72.7536,19.4301],[72.7558,19.4202],[72.7564,19.4063],[72.7577,19.3976],[72.7599,19.3921],[72.7541,19.3846],[72.7533,19.3797],[72.7515,19.3786],[72.7445,19.3789],[72.7479,19.3702],[72.7509,19.3704],[72.7525,19.368],[72.7575,19.3645],[72.7589,19.3692],[72.7614,19.3692],[72.7684,19.3633],[72.7657,19.3616],[72.7744,19.3537],[72.779,19.3475],[72.7928,19.3338],[72.7975,19.326],[72.8012,19.3236],[72.8085,19.3245],[72.8118,19.3278],[72.8155,19.3276],[72.8205,19.3291],[72.8268,19.3346],[72.83,19.3346],[72.8308,19.3285],[72.8249,19.3216],[72.8157,19.3145],[72.8003,19.3134],[72.795,19.315],[72.7924,19.3101],[72.7898,19.3096],[72.7859,19.3064],[72.7839,19.3017],[72.7851,19.299],[72.784,19.2858],[72.7828,19.2794],[72.7789,19.2793],[72.781,19.2701],[72.7841,19.2665],[72.7837,19.2593],[72.7822,19.2554],[72.7817,19.2488],[72.7804,19.2427],[72.7787,19.2396],[72.7806,19.2337],[72.7756,19.2272],[72.7768,19.2217],[72.7814,19.2181],[72.7809,19.2115],[72.7854,19.2064],[72.7862,19.2038],[72.7826,19.2007],[72.7813,19.1963],[72.7897,19.1948],[72.7926,19.197],[72.7954,19.1953],[72.7951,19.1874],[72.7958,19.1789],[72.7949,19.1747],[72.7905,19.1723],[72.7858,19.1675],[72.7819,19.1687],[72.7818,19.1657],[72.7843,19.162],[72.782,19.1593],[72.7833,19.1565],[72.7875,19.1539],[72.7897,19.1473],[72.7881,19.1417],[72.7891,19.1366],[72.788,19.1327],[72.795,19.133],[72.7975,19.1353],[72.7955,19.1414],[72.8005,19.1396],[72.8068,19.1515],[72.8077,19.1466],[72.8055,19.146],[72.8044,19.1407],[72.8129,19.1322],[72.8173,19.127],[72.822,19.1192],[72.8212,19.1174],[72.823,19.1129],[72.8252,19.1031],[72.8255,19.0997],[72.8275,19.0943],[72.8259,19.0847],[72.8316,19.0833],[72.8283,19.0778],[72.8252,19.078],[72.8218,19.0761],[72.823,19.0714],[72.8234,19.0653],[72.8219,19.0604],[72.8244,19.0558],[72.817,19.0415],[72.8199,19.041],[72.8271,19.0459],[72.8297,19.0515],[72.8318,19.0532],[72.837,19.0528],[72.8382,19.0511],[72.8387,19.0415],[72.8385,19.0331],[72.8363,19.0278],[72.8326,19.0237],[72.8257,19.0179],[72.8218,19.0177],[72.8192,19.0232],[72.8166,19.0231],[72.8171,19.0145],[72.8164,19.0098],[72.8111,19.0015],[72.813,18.9923],[72.811,18.9887],[72.8131,18.9875],[72.8138,18.983],[72.8109,18.9786],[72.8064,18.977],[72.8026,18.9695],[72.8015,18.9627],[72.7992,18.9572],[72.7956,18.9544],[72.7925,18.9499],[72.7937,18.9446],[72.8067,18.9533],[72.8077,18.9551],[72.8122,18.9553],[72.8142,18.954],[72.8222,18.9453],[72.8241,18.9387],[72.8236,18.9332],[72.8202,18.9274],[72.8228,18.9276],[72.8259,18.9258],[72.8256,18.9194],[72.8152,18.9081],[72.8116,18.9108],[72.8051,18.9102],[72.8035,18.9062],[72.8036,18.8988],[72.8087,18.8934],[72.812,18.8951],[72.817,18.9012],[72.817,18.9069],[72.8211,18.9108],[72.8256,18.9125],[72.8295,18.9164],[72.8316,18.917],[72.8331,18.9211],[72.8379,18.9261],[72.8369,18.9284],[72.8436,18.9309],[72.8431,18.9335],[72.8456,18.9431],[72.8462,18.9495],[72.8502,18.9681],[72.8479,18.9695],[72.8505,18.9742],[72.8502,18.9802],[72.8568,18.9785],[72.8605,18.9815],[72.8554,18.9936],[72.8548,18.9964],[72.8601,18.9992],[72.8621,19.0037],[72.8611,19.0056],[72.8625,19.0101],[72.8695,19.0119],[72.8738,19.0153],[72.8763,19.0201],[72.8784,19.0215],[72.8813,19.0178],[72.8851,19.0158],[72.8857,19.0121],[72.8833,19.0046],[72.8827,18.9991],[72.8803,18.996],[72.8804,18.9884],[72.883,18.9839],[72.8865,18.9806],[72.8909,18.979],[72.9023,18.9789],[72.9118,18.9819],[72.9222,18.9842],[72.9309,18.9855],[72.9471,18.9869],[72.9482,18.9675],[72.9506,18.9595],[72.9562,18.9571],[72.9514,18.9518],[72.9466,18.9505],[72.9408,18.9445],[72.9408,18.9416],[72.9443,18.9367],[72.9443,18.9342],[72.9392,18.9297],[72.9388,18.9275],[72.9418,18.9245],[72.9394,18.9216],[72.9389,18.9174],[72.9374,18.9157],[72.9371,18.9093],[72.9278,18.9144],[72.921,18.9136],[72.9164,18.9082],[72.9119,18.9062],[72.9049,18.9052],[72.9037,18.9025],[72.9036,18.8958],[72.9017,18.8914],[72.9015,18.8858],[72.904,18.8808],[72.9123,18.8773],[72.9138,18.8758],[72.9155,18.869],[72.919,18.8665],[72.9201,18.8639],[72.9168,18.8627],[72.9161,18.8598],[72.9176,18.8565],[72.921,18.8525],[72.9257,18.8486],[72.9348,18.844],[72.9383,18.8442],[72.9425,18.8424],[72.9458,18.8426],[72.9514,18.8447],[72.9551,18.8418],[72.961,18.841],[72.9652,18.8426],[72.9695,18.8491],[72.9694,18.8547],[72.9734,18.8628],[72.976,18.8647],[72.9828,18.8651],[72.9907,18.8698],[72.9865,18.8628],[72.9834,18.8597],[72.9798,18.8537],[72.9773,18.845],[72.9751,18.8395],[72.9771,18.8341],[72.9775,18.8304],[72.9816,18.8255],[72.9836,18.8179],[72.9874,18.8126],[72.9952,18.8097],[72.9993,18.8092],[72.9989,18.8028],[72.9877,18.8048],[72.9807,18.8081],[72.9802,18.804],[72.985,18.7996],[72.9923,18.7902],[72.9957,18.7836],[72.9968,18.7769],[72.9936,18.7782],[72.9877,18.7834],[72.9822,18.7855],[72.9763,18.7895],[72.9713,18.7914],[72.965,18.7951],[72.9587,18.8004],[72.9534,18.8073],[72.9495,18.8154],[72.945,18.8181],[72.9466,18.8248],[72.9429,18.8261],[72.9377,18.8225],[72.937,18.8241],[72.9302,18.8228],[72.9259,18.8195],[72.9247,18.8139],[72.9215,18.8098],[72.9171,18.8081],[72.9146,18.8046],[72.9145,18.8003],[72.9086,18.8001],[72.9029,18.8041],[72.899,18.8059],[72.8963,18.8019],[72.8896,18.8005],[72.888,18.8042],[72.883,18.8058],[72.878,18.804],[72.8724,18.8057],[72.8704,18.8113],[72.8658,18.8076],[72.8652,18.8014],[72.8608,18.7918],[72.8609,18.7838],[72.8617,18.781],[72.8603,18.7739],[72.8586,18.7707],[72.8642,18.7594],[72.8644,18.7553],[72.861,18.7461],[72.8604,18.7422],[72.8625,18.7335],[72.8622,18.7208],[72.8578,18.7062],[72.8511,18.6988],[72.854,18.696],[72.8541,18.6934],[72.8578,18.6901],[72.8592,18.6842],[72.8593,18.6778],[72.861,18.6719],[72.8619,18.6644],[72.8607,18.6609],[72.8607,18.6494],[72.8621,18.6459],[72.8641,18.6454],[72.8627,18.6384],[72.8601,18.6335],[72.8612,18.6297],[72.8644,18.6326],[72.8701,18.6332],[72.8748,18.632],[72.8741,18.628],[72.8784,18.6201],[72.8791,18.6162],[72.8835,18.6171],[72.8881,18.6112],[72.8936,18.6024],[72.8964,18.5942],[72.9016,18.5836],[72.9086,18.575],[72.9148,18.5643],[72.9212,18.5506],[72.9217,18.5472],[72.9064,18.5405],[72.9053,18.5386],[72.9089,18.5306],[72.9119,18.5169],[72.9109,18.5136],[72.9117,18.5077],[72.9091,18.5024],[72.9057,18.5027],[72.9035,18.4934],[72.9011,18.4886],[72.9023,18.4853],[72.9022,18.4776],[72.8972,18.4739],[72.8941,18.4726],[72.8943,18.4681],[72.8956,18.4637],[72.8948,18.4575],[72.8974,18.458],[72.9018,18.4514],[72.9059,18.4419],[72.9077,18.4329],[72.9062,18.4281],[72.9096,18.4222],[72.9062,18.4113],[72.907,18.403],[72.9096,18.3994],[72.9134,18.3977],[72.9133,18.394],[72.919,18.3945],[72.9229,18.3931],[72.9259,18.3834],[72.9251,18.3774],[72.9195,18.3727],[72.9148,18.3709],[72.9119,18.3654],[72.913,18.3616],[72.9157,18.359],[72.9152,18.3551],[72.9173,18.3527],[72.9178,18.3494],[72.9258,18.3509],[72.9276,18.3497],[72.9335,18.3516],[72.9362,18.3484],[72.9351,18.3442],[72.943,18.3437],[72.9491,18.3388],[72.9539,18.3339],[72.9537,18.3321],[72.9563,18.3258],[72.96,18.321],[72.9564,18.3156],[72.9604,18.3118],[72.9642,18.3145],[72.9684,18.3094],[72.9681,18.3059],[72.9692,18.3015],[72.9731,18.301],[72.9757,18.298],[72.9794,18.2979],[72.9828,18.2903],[72.9853,18.2864],[72.9865,18.2823],[72.9854,18.2785],[72.9806,18.2766],[72.9818,18.2725],[72.9802,18.2697],[72.9742,18.2662],[72.9704,18.2747],[72.9633,18.2805],[72.9574,18.2778],[72.9545,18.278],[72.9506,18.2809],[72.9509,18.2839],[72.9483,18.285],[72.9412,18.2849],[72.938,18.2837],[72.9359,18.2809],[72.9378,18.2752],[72.9353,18.2726],[72.9385,18.2685],[72.9402,18.2641],[72.9394,18.2603],[72.9418,18.2551],[72.9431,18.2473],[72.9405,18.243],[72.9426,18.2341],[72.9383,18.2327],[72.9378,18.2303],[72.935,18.2286],[72.9339,18.224],[72.9318,18.2204],[72.9363,18.2174],[72.943,18.2214],[72.9451,18.2241],[72.9496,18.2224],[72.9516,18.2197],[72.9545,18.2202],[72.9594,18.2174],[72.962,18.2134],[72.965,18.2122],[72.9677,18.2072],[72.9745,18.2021],[72.9785,18.1971],[72.9809,18.1963],[72.98,18.1925],[72.9809,18.186],[72.9836,18.1779],[72.9887,18.1579],[72.9871,18.1579],[72.9822,18.1394],[72.9808,18.1363],[72.9737,18.1344],[72.971,18.1329],[72.973,18.1251],[72.9748,18.1241],[72.9793,18.1138],[72.9798,18.1081],[72.9838,18.1034],[72.9868,18.1029],[72.9895,18.1005],[72.9922,18.0952],[72.997,18.0804],[72.9992,18.0695],[72.9948,18.0676],[72.9914,18.0615],[72.9904,18.0558],[72.9954,18.0501],[72.9981,18.0508],[73.0009,18.055],[73.0085,18.0499],[73.0126,18.0376],[73.0159,18.0321],[73.0189,18.0316],[73.0213,18.0275],[73.0101,18.0243],[73.0051,18.0197],[73.0085,18.0107],[73.0125,18.0104],[73.0153,18.0077],[73.0185,17.9986],[73.0211,17.9933],[73.0182,17.9928],[73.0213,17.9888],[73.0273,17.9882],[73.0307,17.9898],[73.0327,17.988],[73.04,17.9788],[73.0383,17.9748],[73.0319,17.9699],[73.0301,17.9658],[73.0314,17.9612],[73.0306,17.954],[73.0288,17.9508],[73.0318,17.9411],[73.0359,17.9394],[73.0386,17.9352],[73.0423,17.9336],[73.0445,17.935],[73.0509,17.9307],[73.0507,17.929],[73.0532,17.9152],[73.0526,17.9105],[73.0547,17.8997],[73.0636,17.8904],[73.068,17.8913],[73.0678,17.8869],[73.0702,17.8821],[73.0749,17.8824],[73.0761,17.8776],[73.0754,17.8759],[73.0776,17.8721],[73.0811,17.8684],[73.082,17.8653],[73.0815,17.8611],[73.0845,17.8591],[73.0846,17.8533],[73.0871,17.8478],[73.0888,17.8402],[73.0887,17.8352],[73.0923,17.8319],[73.0954,17.8267],[73.0921,17.8166],[73.0924,17.8124],[73.0986,17.8082],[73.1031,17.803],[73.1054,17.7958],[73.1097,17.7886],[73.1102,17.7858],[73.1139,17.7786],[73.1193,17.763],[73.1193,17.7597],[73.1229,17.7533],[73.1252,17.7418],[73.1281,17.74],[73.1289,17.7314],[73.1316,17.7293],[73.1353,17.7126],[73.1348,17.7075],[73.1302,17.7065],[73.1278,17.7044],[73.1251,17.7],[73.1178,17.6984],[73.1143,17.6952],[73.1136,17.6898],[73.1165,17.6794],[73.1177,17.679],[73.1191,17.672],[73.1212,17.6701],[73.1209,17.6675],[73.1249,17.6635],[73.1274,17.6581],[73.1299,17.6578],[73.1325,17.6546],[73.1351,17.6453],[73.1303,17.6429],[73.1275,17.638],[73.132,17.6338],[73.1313,17.6317],[73.1336,17.628],[73.1344,17.6222],[73.1375,17.6115],[73.1447,17.6017],[73.1482,17.5987],[73.1526,17.5994],[73.1502,17.5741],[73.1443,17.5709],[73.1401,17.5704],[73.137,17.5644],[73.1368,17.5583],[73.1376,17.5542],[73.1411,17.5467],[73.1467,17.5405],[73.151,17.5377],[73.153,17.5294],[73.1544,17.5277],[73.1606,17.5289],[73.1667,17.5238],[73.168,17.5206],[73.1706,17.5181],[73.1738,17.5172],[73.1828,17.4938],[73.1838,17.4895],[73.1873,17.4833],[73.1892,17.4759],[73.1921,17.4699],[73.1923,17.4639],[73.1845,17.4557],[73.1858,17.4492],[73.1845,17.4431],[73.1863,17.4414],[73.197,17.442],[73.198,17.4399],[73.1944,17.4369],[73.1922,17.4334],[73.1897,17.4335],[73.186,17.4302],[73.1852,17.4192],[73.186,17.4152],[73.1833,17.4126],[73.1785,17.4114],[73.1775,17.4087],[73.1697,17.4101],[73.1673,17.4047],[73.1689,17.4001],[73.1735,17.3945],[73.1752,17.3896],[73.1784,17.3866],[73.1837,17.384],[73.1916,17.3845],[73.1932,17.3876],[73.1973,17.3877],[73.2028,17.3896],[73.2078,17.3841],[73.2107,17.3763],[73.209,17.3719],[73.2136,17.3698],[73.2115,17.3651],[73.2113,17.3607],[73.2145,17.3559],[73.2191,17.3531],[73.2146,17.3495],[73.2153,17.3454],[73.2203,17.34],[73.2256,17.3363],[73.219,17.3324],[73.2186,17.3295],[73.2238,17.3229],[73.2306,17.319],[73.2374,17.3181],[73.2393,17.3099],[73.235,17.3037],[73.2366,17.2993],[73.2356,17.2881],[73.25,17.2892],[73.2554,17.2908],[73.2588,17.286],[73.2576,17.2798],[73.2494,17.2799],[73.2478,17.2824],[73.2453,17.2818],[73.2425,17.285],[73.2332,17.2858],[73.2292,17.2825],[73.2275,17.2851],[73.2263,17.2932],[73.2251,17.2954],[73.2266,17.2991],[73.225,17.3043],[73.2229,17.3062],[73.2115,17.307],[73.2112,17.3038],[73.2076,17.2997],[73.2041,17.2993],[73.1959,17.305],[73.1921,17.3033],[73.1936,17.3011],[73.1912,17.298],[73.1957,17.2965],[73.1985,17.291],[73.203,17.2892],[73.2036,17.2867],[73.2016,17.282],[73.2039,17.2758],[73.2049,17.2703],[73.21,17.2708],[73.2113,17.2756],[73.2146,17.2748],[73.2178,17.2705],[73.2198,17.2702],[73.2222,17.2666],[73.2225,17.263],[73.2213,17.2592],[73.2237,17.2555],[73.2271,17.2561],[73.2285,17.2511],[73.2249,17.2476],[73.2311,17.2468],[73.2346,17.2374],[73.2325,17.2349],[73.2363,17.2271],[73.2396,17.2281],[73.2424,17.227],[73.2448,17.2221],[73.2469,17.2108],[73.2465,17.2041],[73.241,17.1984],[73.2393,17.2006],[73.2333,17.2015],[73.2325,17.1971],[73.2364,17.1939],[73.2395,17.1943],[73.2428,17.1914],[73.2464,17.1907],[73.2487,17.1922],[73.2527,17.1897],[73.2557,17.1823],[73.2594,17.1715],[73.2604,17.1632],[73.2652,17.1551],[73.2644,17.1542],[73.2667,17.1422],[73.2675,17.1421],[73.2682,17.1323],[73.2703,17.129],[73.2725,17.1188],[73.2705,17.118],[73.2682,17.1135],[73.2716,17.1127],[73.2778,17.1134],[73.2825,17.1072],[73.2863,17.0843],[73.2836,17.0799],[73.2877,17.078],[73.2891,17.0744],[73.2888,17.0627],[73.2867,17.0543],[73.2845,17.0481],[73.2822,17.0454],[73.2786,17.038],[73.2728,17.0397],[73.2706,17.0385],[73.268,17.0401],[73.2695,17.0439],[73.2652,17.0477],[73.2595,17.0487],[73.2571,17.0477],[73.2566,17.0434],[73.2584,17.0375],[73.2587,17.0318],[73.2555,17.0267],[73.2586,17.0199],[73.2615,17.0216],[73.2657,17.0209],[73.2677,17.025],[73.2748,17.0238],[73.2791,17.02],[73.2844,17.0099],[73.2844,17.0038],[73.2818,16.9985],[73.2778,17.0015],[73.2739,16.9981],[73.2702,17],[73.2678,16.9975],[73.2673,16.991],[73.2722,16.9842],[73.2751,16.984],[73.2793,16.9934],[73.2848,16.9896],[73.2882,16.9888],[73.2921,16.9859],[73.2997,16.9819],[73.2954,16.9789],[73.296,16.9683],[73.2931,16.962],[73.2925,16.955],[73.2885,16.9517],[73.2845,16.9527],[73.2832,16.9504],[73.2858,16.9448],[73.2854,16.9429],[73.2882,16.9344],[73.2875,16.9313],[73.2833,16.9308],[73.2841,16.9239],[73.2877,16.9193],[73.2873,16.9134],[73.2849,16.9115],[73.2853,16.9082],[73.2807,16.9048],[73.2817,16.8981],[73.2787,16.8925],[73.2829,16.8926],[73.2879,16.8941],[73.2875,16.8973],[73.292,16.8983],[73.2969,16.8982],[73.3019,16.892],[73.3014,16.8902],[73.2964,16.8882],[73.2944,16.8855],[73.2885,16.8828],[73.2876,16.8749],[73.2933,16.8713],[73.2952,16.8655],[73.2954,16.8613],[73.2894,16.8584],[73.2939,16.8553],[73.2942,16.8502],[73.2919,16.8442],[73.295,16.8391],[73.294,16.8363],[73.2972,16.8282],[73.2977,16.824],[73.2956,16.8209],[73.2961,16.8169],[73.3031,16.8095],[73.3092,16.8089],[73.3116,16.8069],[73.3162,16.8061],[73.3176,16.8018],[73.3184,16.7957],[73.3103,16.7845],[73.3073,16.7713],[73.3044,16.7659],[73.3058,16.7581],[73.3053,16.7508],[73.3071,16.7479],[73.3056,16.7438],[73.3064,16.741],[73.3052,16.7356],[73.3054,16.7303],[73.3098,16.7264],[73.31,16.7226],[73.3126,16.7207],[73.3116,16.7166],[73.3169,16.7114],[73.317,16.7086],[73.3192,16.7064],[73.3181,16.6997],[73.3213,16.6948],[73.3297,16.6874],[73.3292,16.6847],[73.3306,16.6718],[73.333,16.6556],[73.3323,16.6478],[73.328,16.6456],[73.3247,16.6477],[73.3221,16.6442],[73.3243,16.6361],[73.3292,16.6382],[73.329,16.6416],[73.3357,16.6405],[73.3385,16.638],[73.3407,16.6336],[73.3399,16.6263],[73.338,16.6276],[73.3329,16.625],[73.3305,16.6199],[73.3341,16.6189],[73.3348,16.6217],[73.3384,16.6234],[73.3405,16.621],[73.3487,16.6215],[73.3521,16.6249],[73.3552,16.619],[73.3523,16.6159],[73.3539,16.6128],[73.3515,16.6098],[73.3478,16.6126],[73.3409,16.6056],[73.3358,16.6052],[73.3307,16.6086],[73.3275,16.6077],[73.3255,16.6051],[73.3218,16.6072],[73.3174,16.6017],[73.3199,16.5983],[73.3186,16.593],[73.3214,16.5914],[73.3226,16.5869],[73.3219,16.584],[73.3269,16.5808],[73.3301,16.5775],[73.3333,16.5768],[73.3361,16.5798],[73.3402,16.5806],[73.3449,16.577],[73.3447,16.5697],[73.3321,16.5657],[73.3274,16.5659],[73.3278,16.5629],[73.3335,16.5584],[73.3321,16.5566],[73.3271,16.5575],[73.3242,16.5536],[73.3198,16.552],[73.3157,16.5459],[73.3126,16.5353],[73.3169,16.5298],[73.3167,16.5231],[73.3191,16.5189],[73.3224,16.5162],[73.3278,16.5065],[73.33,16.4939],[73.3332,16.4858],[73.336,16.4832],[73.3374,16.4795],[73.3398,16.4789],[73.3429,16.4753],[73.3425,16.4704],[73.345,16.4599],[73.3468,16.4556],[73.3469,16.4504],[73.3508,16.4439],[73.3549,16.4434],[73.3587,16.4417],[73.3572,16.4391],[73.3603,16.424],[73.3625,16.4181],[73.3661,16.4148],[73.3668,16.409],[73.3654,16.4064],[73.3666,16.4018],[73.3656,16.3974],[73.371,16.3906],[73.369,16.381],[73.3669,16.3779],[73.3701,16.3755],[73.3722,16.3706],[73.3689,16.3629],[73.3737,16.36],[73.3803,16.3612],[73.3828,16.358],[73.3865,16.3577],[73.3901,16.3468],[73.3876,16.3433],[73.3861,16.3365],[73.3933,16.3319],[73.3961,16.3194],[73.3945,16.3176],[73.3942,16.3132],[73.3986,16.3079],[73.3999,16.2998],[73.403,16.2998],[73.4047,16.2955],[73.4068,16.2855],[73.4131,16.2688],[73.4121,16.2675],[73.414,16.2601],[73.4155,16.2572],[73.4173,16.2453],[73.4189,16.2445],[73.4218,16.2364],[73.4249,16.2232],[73.424,16.2182],[73.426,16.2155],[73.4278,16.209],[73.4265,16.2057],[73.4299,16.1989],[73.4354,16.1998],[73.4396,16.1913],[73.4429,16.1804],[73.4434,16.1765],[73.4456,16.1707],[73.4472,16.1612],[73.4517,16.1442],[73.4525,16.1382],[73.4554,16.1295],[73.4578,16.1176],[73.4575,16.1062],[73.4603,16.0967],[73.4586,16.091],[73.4649,16.0869],[73.4609,16.0854],[73.4571,16.0814],[73.4622,16.0801],[73.4647,16.0762],[73.4649,16.067],[73.4625,16.0644],[73.4553,16.0618],[73.4571,16.0568],[73.4567,16.0526],[73.4601,16.0527],[73.4605,16.0554],[73.4672,16.0537],[73.4691,16.0502],[73.4681,16.0474],[73.4772,16.0414],[73.4844,16.0337],[73.4885,16.0191],[73.4904,16.0147],[73.4912,16.007],[73.4892,15.9985],[73.4893,15.9885],[73.4908,15.9843],[73.496,15.9766],[73.4985,15.9718],[73.5049,15.962],[73.5024,15.9561],[73.5057,15.9472],[73.5087,15.946],[73.5101,15.9405],[73.5184,15.9399],[73.5308,15.9323],[73.5335,15.9333],[73.5357,15.9379],[73.5401,15.9367],[73.5409,15.9347],[73.548,15.9291],[73.5484,15.9278],[73.5548,15.9261],[73.5611,15.9217],[73.5675,15.919],[73.5692,15.913],[73.5715,15.9118],[73.5784,15.9117],[73.5812,15.9103],[73.587,15.9106],[73.5898,15.9064],[73.5918,15.9013],[73.5955,15.8974],[73.5951,15.8936],[73.599,15.8895],[73.5984,15.887],[73.6094,15.8641],[73.6117,15.8617],[73.6116,15.8586],[73.614,15.8542],[73.6175,15.856],[73.6231,15.8555],[73.6287,15.8472],[73.6287,15.8436],[73.6326,15.8363],[73.6348,15.8301],[73.6394,15.8205],[73.6391,15.8182],[73.6361,15.8154],[73.6405,15.8116],[73.6429,15.8113],[73.6454,15.8056],[73.6484,15.8045],[73.6563,15.7958],[73.6542,15.7915],[73.6573,15.7796],[73.6621,15.7667],[73.6642,15.7533],[73.6617,15.7519],[73.6576,15.7471],[73.6542,15.7482],[73.6531,15.7444],[73.6553,15.741],[73.6584,15.7418],[73.6608,15.74],[73.6637,15.7405],[73.6678,15.7356],[73.6721,15.7334],[73.6724,15.7302],[73.6755,15.7285],[73.677,15.7259],[73.6811,15.7246],[73.6835,15.7204],[73.6889,15.7227],[73.6958,15.7217],[73.698,15.7254],[73.703,15.7288],[73.7068,15.7324],[73.7078,15.7295],[73.7151,15.7294],[73.717,15.7268],[73.7203,15.7256],[73.7252,15.7273],[73.7348,15.7295],[73.7319,15.7205],[73.7263,15.717],[73.7199,15.7238],[73.7105,15.7241],[73.704,15.7209],[73.7012,15.7205],[73.6992,15.718],[73.6894,15.718],[73.6938,15.7068],[73.6943,15.6995],[73.6973,15.6968],[73.6991,15.6905],[73.7013,15.6895],[73.7036,15.6832],[73.7049,15.6749],[73.707,15.6703],[73.7114,15.6632],[73.7151,15.6477],[73.7183,15.6396],[73.7221,15.6322],[73.7229,15.6278],[73.7276,15.6247],[73.7327,15.6149],[73.7355,15.6118],[73.7402,15.612],[73.7433,15.6051],[73.7389,15.6078],[73.7329,15.6075],[73.7341,15.6005],[73.7319,15.5978],[73.7343,15.5923],[73.7322,15.5899],[73.7352,15.5865],[73.7389,15.5744],[73.7413,15.5685],[73.7419,15.5624],[73.7456,15.5597],[73.7486,15.5616],[73.7515,15.5562],[73.7526,15.5516],[73.7559,15.5435],[73.7563,15.5402],[73.7606,15.5254],[73.7657,15.5059],[73.7679,15.4991],[73.7666,15.4928],[73.7695,15.4906],[73.7742,15.4903],[73.7757,15.4891],[73.7815,15.4756],[73.7897,15.4638],[73.7879,15.4626],[73.7882,15.4592],[73.786,15.4373],[73.7919,15.4192],[73.7892,15.412],[73.7844,15.4128],[73.7832,15.4095],[73.7868,15.4049],[73.7879,15.402],[73.7911,15.3987],[73.7898,15.3953],[73.7922,15.3928],[73.8043,15.3935],[73.806,15.3918],[73.8082,15.384],[73.8078,15.3769],[73.8118,15.3758],[73.8163,15.3722],[73.8217,15.3719],[73.8229,15.3697],[73.8289,15.3679],[73.8317,15.3695],[73.8347,15.3672],[73.8375,15.3612],[73.8424,15.3584],[73.8513,15.359],[73.8548,15.3644],[73.8633,15.3649],[73.8634,15.3677],[73.8713,15.3692],[73.8737,15.3679],[73.8792,15.3619],[73.8844,15.3528],[73.8922,15.3353],[73.8945,15.3308],[73.895,15.3274],[73.9021,15.3096],[73.9035,15.3038],[73.9085,15.2908],[73.9083,15.289],[73.9136,15.2719],[73.9172,15.2628],[73.92,15.2513],[73.922,15.2481],[73.9257,15.2363],[73.9261,15.2331],[73.9283,15.2281],[73.9278,15.2268],[73.9303,15.2208],[73.9305,15.2177],[73.9342,15.2047],[73.9352,15.199],[73.9387,15.1846],[73.9399,15.1812],[73.9468,15.1539],[73.9499,15.1432],[73.9465,15.1408],[73.9428,15.1341],[73.9363,15.1313],[73.9405,15.1281],[73.9416,15.1187],[73.9382,15.1163],[73.9361,15.1103],[73.9338,15.1121],[73.927,15.1084],[73.9235,15.1077],[73.9228,15.1043],[73.9257,15.1039],[73.9277,15.0953],[73.9251,15.0936],[73.9245,15.0907],[73.9173,15.0875],[73.9162,15.0846],[73.918,15.0821],[73.9223,15.0851],[73.927,15.0844],[73.9318,15.082],[73.9331,15.0771],[73.9365,15.0771],[73.9422,15.0731],[73.9481,15.0735],[73.9543,15.0721],[73.9634,15.0648],[73.9678,15.064],[73.9674,15.0613],[73.9704,15.0588],[73.9723,15.0534],[73.9721,15.0511],[73.975,15.0489],[73.9799,15.0516],[73.981,15.0534],[73.985,15.047],[73.9909,15.0323],[73.9907,15.0292],[73.9867,15.0279],[73.9868,15.0241],[73.9896,15.0225],[73.9896,15.0188],[73.9939,15.0165],[73.9978,15.0199],[74.0018,15.0181],[74.0034,15.015],[74.0064,15.0161],[74.0141,15.0091],[74.0189,15.0173],[74.0209,15.0142],[74.0176,15.0117],[74.0232,15.0092],[74.0265,15.0064],[74.0275,15.0025],[74.0302,14.9983],[74.0328,14.9983],[74.0356,14.9943],[74.0354,14.9923],[74.0386,14.9872],[74.0406,14.9809],[74.0501,14.9573],[74.0477,14.9524],[74.0484,14.9494],[74.0455,14.9471],[74.0443,14.9424],[74.0458,14.9409],[74.047,14.934],[74.0451,14.9291],[74.0461,14.9243],[74.0429,14.9225],[74.0445,14.9161],[74.048,14.9141],[74.0571,14.9134],[74.0609,14.9091],[74.0649,14.9083],[74.0676,14.9062],[74.0713,14.9061],[74.075,14.9084],[74.0811,14.9091],[74.0837,14.9058],[74.0841,14.9005],[74.0883,14.8987],[74.0912,14.8999],[74.0959,14.8982],[74.0988,14.8929],[74.1001,14.8863],[74.0995,14.8812],[74.1059,14.8742],[74.1104,14.8629],[74.1115,14.8552],[74.1119,14.8468],[74.1141,14.8424],[74.1181,14.8436],[74.1248,14.8395],[74.124,14.832],[74.1262,14.8169],[74.1245,14.8054],[74.1222,14.8044],[74.1205,14.8013],[74.1142,14.8023],[74.1126,14.8051],[74.1022,14.807],[74.0936,14.8057],[74.0928,14.804],[74.0952,14.7994],[74.1003,14.7979],[74.1047,14.7926],[74.1073,14.7938],[74.1113,14.7898],[74.1113,14.785],[74.1151,14.7884],[74.1204,14.7832],[74.1214,14.7794],[74.1206,14.7755],[74.1248,14.777],[74.1274,14.7801],[74.1311,14.7808],[74.1345,14.7781],[74.1371,14.7802],[74.1424,14.7785],[74.146,14.7735],[74.1535,14.7663],[74.1573,14.7611],[74.1574,14.7576],[74.1534,14.7559],[74.1524,14.7518],[74.1506,14.751],[74.1521,14.7471],[74.1566,14.7449],[74.1587,14.7471],[74.1582,14.7497],[74.1632,14.7526],[74.1748,14.7516],[74.1796,14.7491],[74.185,14.7444],[74.1931,14.7346],[74.1948,14.7298],[74.1925,14.7269],[74.1997,14.7235],[74.2018,14.7206],[74.2074,14.7185],[74.2074,14.7213],[74.2047,14.7292],[74.2025,14.7333],[74.2038,14.7364],[74.2076,14.7379],[74.2095,14.7346],[74.2186,14.7375],[74.2256,14.7375],[74.2281,14.7406],[74.2261,14.7477],[74.2342,14.7484],[74.2393,14.7469],[74.2465,14.7422],[74.2492,14.7411],[74.2504,14.7362],[74.2529,14.7338],[74.2628,14.7198],[74.2642,14.7162],[74.2641,14.7123],[74.2619,14.7094],[74.2584,14.7076],[74.2678,14.7047],[74.2704,14.701],[74.2749,14.691],[74.2775,14.6875],[74.2825,14.6765],[74.2828,14.6743],[74.2803,14.6711],[74.2775,14.672],[74.2769,14.6682],[74.2799,14.6622],[74.2789,14.6583],[74.2823,14.6533],[74.283,14.6471],[74.2859,14.6385],[74.2846,14.6303],[74.2816,14.6265],[74.2796,14.6257],[74.2734,14.628],[74.2786,14.6184],[74.2786,14.6159],[74.2813,14.6101],[74.2872,14.6051],[74.293,14.5965],[74.2943,14.5896],[74.2974,14.5841],[74.3018,14.5743],[74.3151,14.5433],[74.3137,14.5398],[74.3108,14.5367],[74.3123,14.5315],[74.3163,14.5309],[74.3153,14.5254],[74.3115,14.5247],[74.3165,14.5195],[74.3212,14.5201],[74.3262,14.5195],[74.3264,14.5161],[74.3309,14.5183],[74.3352,14.5181],[74.3371,14.5193],[74.3405,14.5152],[74.3423,14.5163],[74.3456,14.5215],[74.3547,14.5222],[74.3599,14.5109],[74.3554,14.5084],[74.3545,14.503],[74.3559,14.5014],[74.3605,14.5011],[74.3675,14.4848],[74.3761,14.4624],[74.3788,14.4529],[74.3836,14.4391],[74.3824,14.4365],[74.3842,14.4341],[74.3807,14.4307],[74.3841,14.4295],[74.3846,14.4259],[74.3822,14.4235],[74.3841,14.4196],[74.3908,14.4195],[74.3941,14.4183],[74.3977,14.4082],[74.4002,14.3975],[74.4014,14.3955],[74.4014,14.39],[74.4048,14.3753],[74.4047,14.3726],[74.4024,14.3704],[74.4045,14.3666],[74.4055,14.3597],[74.4049,14.3583],[74.4097,14.342],[74.413,14.3256],[74.4131,14.3167],[74.4186,14.3046],[74.4228,14.289],[74.4282,14.2742],[74.4336,14.2574],[74.4388,14.2434],[74.443,14.2299],[74.4417,14.2246],[74.4442,14.2206],[74.4472,14.2194],[74.4501,14.215],[74.4504,14.2086],[74.4529,14.2072],[74.4537,14.2],[74.4584,14.1992],[74.4622,14.2012],[74.465,14.1995],[74.4689,14.1887],[74.4742,14.1659],[74.4771,14.1511],[74.479,14.1436],[74.4772,14.1411],[74.48,14.1361],[74.4833,14.1237],[74.4851,14.1109],[74.4865,14.1059],[74.4869,14.101],[74.4856,14.0949],[74.4883,14.0916],[74.4882,14.0879],[74.4914,14.0813],[74.4934,14.0753],[74.4955,14.0632],[74.5007,14.0446],[74.5007,14.0292],[74.503,14.0269],[74.5019,14.0218],[74.5053,14.0169],[74.5092,14.0076],[74.509,14.0011],[74.5129,13.9965],[74.514,13.9869],[74.5174,13.9845],[74.5254,13.9746],[74.5279,13.973],[74.5318,13.968],[74.5324,13.9648],[74.5356,13.9665],[74.538,13.9654],[74.5431,13.9566],[74.5473,13.9553],[74.5493,13.9492],[74.5527,13.9494],[74.5572,13.9513],[74.563,13.9455],[74.5668,13.9491],[74.5709,13.9439],[74.5766,13.9318],[74.5789,13.9258],[74.5826,13.925],[74.5871,13.9173],[74.5898,13.9095],[74.5933,13.8929],[74.5952,13.8857],[74.6018,13.8729],[74.6067,13.8674],[74.6101,13.865],[74.609,13.8601],[74.619,13.8244],[74.6213,13.8121],[74.6257,13.7948],[74.63,13.7745],[74.6302,13.7703],[74.6334,13.7567],[74.6365,13.7411],[74.6415,13.7133],[74.6446,13.6924],[74.6448,13.6848],[74.6462,13.68],[74.6494,13.6728],[74.6515,13.6657],[74.6544,13.6639],[74.6636,13.6519],[74.6658,13.6428],[74.6685,13.6402],[74.6694,13.6348],[74.6673,13.6323],[74.6712,13.6112],[74.6733,13.6014],[74.673,13.5999],[74.6777,13.5748],[74.6822,13.5428],[74.6826,13.5366],[74.6843,13.5237],[74.686,13.5053],[74.6871,13.4827],[74.6881,13.4769],[74.6888,13.4643],[74.6928,13.4578],[74.6954,13.4552],[74.6925,13.4521],[74.6932,13.4434],[74.692,13.4407],[74.6932,13.4368],[74.6944,13.4234],[74.696,13.4151],[74.6966,13.4053],[74.6966,13.394],[74.6949,13.3759],[74.696,13.3683],[74.6959,13.3632],[74.697,13.3587],[74.6971,13.3474],[74.6942,13.3431],[74.6983,13.3426],[74.7053,13.3371],[74.7094,13.3319],[74.7164,13.3126],[74.7182,13.3026],[74.7194,13.2844],[74.7269,13.265],[74.7293,13.2527],[74.7318,13.2505],[74.7341,13.2343],[74.7363,13.2256],[74.7377,13.2241],[74.7412,13.2075],[74.7435,13.1992],[74.7441,13.1937],[74.7506,13.1781],[74.7551,13.1615],[74.7598,13.1415],[74.7646,13.1227],[74.7645,13.1208],[74.771,13.093],[74.7743,13.0804],[74.7786,13.0612],[74.7817,13.0425],[74.784,13.0343],[74.7888,13.0078],[74.7891,13.004],[74.7931,12.9976],[74.7948,12.99],[74.7992,12.964],[74.801,12.9572],[74.8122,12.9001],[74.8177,12.8786],[74.8218,12.8597],[74.8244,12.8491],[74.8329,12.8311],[74.8371,12.824],[74.8396,12.816],[74.8438,12.8058],[74.8465,12.7961],[74.8503,12.7923],[74.8555,12.7841],[74.863,12.7661],[74.8664,12.7671],[74.8678,12.7657],[74.8648,12.7583],[74.8711,12.7406],[74.8747,12.7348],[74.8765,12.7282],[74.8797,12.7206],[74.8843,12.7082],[74.8867,12.7071],[74.899,12.6796],[74.9053,12.6647],[74.908,12.6597],[74.9134,12.6469],[74.916,12.6418],[74.9219,12.6256],[74.9227,12.6247],[74.9277,12.6115],[74.9282,12.607],[74.9319,12.6039],[74.9324,12.6013],[74.9447,12.5726],[74.9617,12.5309],[74.9635,12.5257],[74.9738,12.5004],[74.9771,12.4952],[74.9818,12.4845],[74.9843,12.4825],[74.984,12.4799],[74.9891,12.4711],[74.9922,12.4646],[74.9981,12.4502],[75.001,12.4465],[75.0043,12.4406],[75.013,12.4215],[75.0144,12.417],[75.0188,12.4163],[75.0238,12.4068],[75.0274,12.3987],[75.0323,12.3903],[75.0361,12.3917],[75.0394,12.3899],[75.0436,12.3826],[75.0475,12.3721],[75.0587,12.35],[75.0609,12.343],[75.0637,12.3374],[75.0659,12.3311],[75.0687,12.3266],[75.0728,12.3175],[75.0739,12.3133],[75.0781,12.3051],[75.0878,12.2828],[75.0921,12.2721],[75.0932,12.2678],[75.0965,12.2618],[75.0987,12.2543],[75.1087,12.2289],[75.1132,12.2183],[75.1143,12.2134],[75.1189,12.2036],[75.1234,12.2036],[75.1222,12.196],[75.1247,12.1882],[75.1275,12.1833],[75.1293,12.178],[75.1382,12.1565],[75.1402,12.15],[75.1414,12.1489],[75.1434,12.1422],[75.1462,12.1359],[75.1535,12.1168],[75.1586,12.1027],[75.1696,12.0796],[75.1752,12.0661],[75.1806,12.0521],[75.1852,12.0412],[75.1929,12.026],[75.2011,12.0091],[75.2011,12.0061],[75.204,12.0053],[75.2074,12.0076],[75.2095,12.0114],[75.2172,12.0106],[75.2211,12.0123],[75.2229,12.0151],[75.2228,12.019],[75.2291,12.0226],[75.2337,12.0206],[75.2428,12.0145],[75.2503,12.0082],[75.255,12.0012],[75.273,11.9777],[75.2885,11.9554],[75.2949,11.9457],[75.2958,11.9477],[75.3008,11.9473],[75.2983,11.941],[75.3067,11.9328],[75.3139,11.922],[75.3206,11.9131],[75.3184,11.909],[75.3195,11.9046],[75.3232,11.9038],[75.3342,11.8926],[75.3441,11.881],[75.353,11.869],[75.3557,11.8598],[75.3587,11.8588],[75.3652,11.8528],[75.3709,11.8531],[75.3742,11.858],[75.3813,11.8585],[75.3857,11.8551],[75.3932,11.8464],[75.3961,11.8421],[75.3992,11.8394],[75.4024,11.8386],[75.4059,11.8355],[75.4078,11.8317],[75.4168,11.8218],[75.4177,11.8197],[75.4256,11.8109],[75.4303,11.8083],[75.4324,11.8089],[75.4361,11.8054],[75.445,11.7911],[75.4463,11.7884],[75.4464,11.7824],[75.4505,11.7812],[75.4542,11.7775],[75.4528,11.7714],[75.4606,11.7655],[75.4655,11.7672],[75.4681,11.7646],[75.4727,11.7643],[75.4756,11.7594],[75.4832,11.7531],[75.4853,11.7481],[75.4903,11.7449],[75.4955,11.7389],[75.4975,11.735],[75.5044,11.7348],[75.5078,11.7323],[75.5147,11.7218],[75.5167,11.7174],[75.5197,11.7157],[75.5244,11.708],[75.53,11.7039],[75.529,11.7013],[75.5338,11.698],[75.542,11.6832],[75.5615,11.6407],[75.5633,11.6351],[75.5667,11.6281],[75.5673,11.6251],[75.5755,11.6043],[75.5804,11.5904],[75.5827,11.5853],[75.5845,11.5788],[75.5877,11.5709],[75.5898,11.5625],[75.5942,11.5525],[75.6012,11.5316],[75.6063,11.5185],[75.6106,11.5063],[75.6126,11.5031],[75.615,11.4938],[75.6175,11.4887],[75.6193,11.4806],[75.6165,11.4787],[75.6168,11.4764],[75.6209,11.4729],[75.6222,11.4742],[75.6264,11.4731],[75.6299,11.4696],[75.6334,11.4615],[75.6378,11.4621],[75.6374,11.4644],[75.6441,11.4662],[75.6452,11.4682],[75.6521,11.4665],[75.6601,11.4618],[75.6637,11.4621],[75.6745,11.4519],[75.6757,11.4499],[75.6789,11.4511],[75.6816,11.4496],[75.6844,11.4462],[75.6916,11.4341],[75.6977,11.4249],[75.7029,11.4147],[75.7114,11.3969],[75.7143,11.3935],[75.7196,11.3826],[75.7238,11.3726],[75.7282,11.3641],[75.7318,11.3558],[75.7353,11.346],[75.7346,11.343],[75.7358,11.3376],[75.7332,11.3345],[75.7359,11.3313],[75.7372,11.3238],[75.741,11.3213],[75.745,11.3215],[75.7475,11.3171],[75.7527,11.3028],[75.7542,11.2973],[75.7576,11.2904],[75.764,11.2718],[75.7699,11.2513],[75.7723,11.2481],[75.7749,11.2384],[75.7794,11.2284],[75.7798,11.2241],[75.7856,11.2091],[75.7873,11.2022],[75.7926,11.1892],[75.7974,11.1757],[75.8003,11.1689],[75.8008,11.1653],[75.8042,11.1624],[75.8026,11.1604],[75.8095,11.1512],[75.8129,11.1498],[75.8166,11.1434],[75.8243,11.125],[75.8267,11.1217],[75.8296,11.1155],[75.835,11.0975],[75.8376,11.0904],[75.8426,11.0749],[75.8454,11.0642],[75.8467,11.0629],[75.8481,11.0571],[75.8481,11.0522],[75.8495,11.0489],[75.8515,11.0376],[75.8531,11.0356],[75.8545,11.0284],[75.858,11.0187],[75.8611,11.0051],[75.8624,11.0014],[75.8628,10.9945],[75.869,10.97],[75.8724,10.9572],[75.8746,10.945],[75.8764,10.942],[75.8797,10.9283],[75.8908,10.879],[75.896,10.8532],[75.8963,10.8503],[75.9033,10.8178],[75.9098,10.7895],[75.9101,10.7861],[75.9133,10.7846],[75.9132,10.7808],[75.9174,10.7739],[75.9209,10.7625],[75.9281,10.7467],[75.9337,10.7333],[75.9401,10.7208],[75.9504,10.6976],[75.9696,10.6572],[75.9729,10.6493],[75.9834,10.6259],[75.9898,10.6131],[76,10.5901],[76.006,10.575],[76.0219,10.5373],[76.0335,10.512],[76.0395,10.5049],[76.0456,10.4947],[76.0629,10.4619],[76.0687,10.4502],[76.0817,10.4216],[76.1001,10.3769],[76.1018,10.3736],[76.1098,10.3497],[76.1157,10.3338],[76.124,10.3055],[76.1269,10.2926],[76.1359,10.261],[76.139,10.2518],[76.1414,10.2463],[76.1427,10.241],[76.1541,10.2048],[76.1565,10.1989],[76.1615,10.1839],[76.1658,10.178],[76.1667,10.171],[76.1715,10.1598],[76.1779,10.1417],[76.1821,10.1282],[76.1834,10.1253],[76.1858,10.1166],[76.1881,10.1052],[76.1929,10.0859],[76.1942,10.0829],[76.1986,10.0646],[76.2019,10.053],[76.2035,10.0508],[76.2073,10.0399],[76.2112,10.0267],[76.2126,10.0256],[76.216,10.0136],[76.2185,10.0065],[76.2197,10.0012],[76.2223,10],[76.2229,9.9948],[76.23,9.9782],[76.2346,9.975],[76.2381,9.9692],[76.24,9.968],[76.2365,9.9646],[76.238,9.9534],[76.2427,9.9423],[76.2489,9.9236],[76.2519,9.9167],[76.2546,9.9061],[76.2601,9.8829],[76.2616,9.8715],[76.2652,9.8534],[76.2694,9.834],[76.2706,9.8242],[76.2741,9.8067],[76.2787,9.7813],[76.283,9.7537],[76.2828,9.7514],[76.2848,9.732],[76.2871,9.7069],[76.2883,9.6981],[76.2894,9.6854],[76.2945,9.6399],[76.2956,9.6276],[76.2971,9.6183],[76.2998,9.5897],[76.3055,9.5515],[76.3077,9.5385],[76.3097,9.5295],[76.3133,9.5098],[76.3191,9.4852],[76.3213,9.4775],[76.3282,9.4488],[76.3336,9.4296],[76.3416,9.4034],[76.3475,9.3878],[76.3515,9.3779],[76.3615,9.3576],[76.3673,9.3451],[76.3713,9.3352],[76.381,9.3146],[76.3853,9.303],[76.3963,9.2817],[76.4075,9.2557],[76.4217,9.2253],[76.4324,9.2018],[76.4376,9.1895],[76.4482,9.1674],[76.4529,9.1568],[76.4609,9.1402],[76.4626,9.1383],[76.4629,9.1342],[76.4669,9.1265],[76.4717,9.1153],[76.488,9.082],[76.4914,9.074],[76.4991,9.0582],[76.4991,9.0562],[76.5016,9.0497],[76.5068,9.0383],[76.5154,9.0171],[76.5195,9.0028],[76.5212,8.9986],[76.5228,8.9888],[76.5264,8.974],[76.5268,8.9702],[76.5295,8.9621],[76.5343,8.9512],[76.5359,8.9419],[76.5373,8.9377],[76.5398,8.9389],[76.5409,8.934],[76.5388,8.9307],[76.5412,8.9262],[76.5423,8.9131],[76.5477,8.9024],[76.5498,8.9007],[76.5533,8.895],[76.56,8.8894],[76.5626,8.8839],[76.5653,8.8801],[76.5718,8.8831],[76.5794,8.8812],[76.5877,8.8771],[76.5946,8.8727],[76.6101,8.8594],[76.618,8.8515],[76.6207,8.8476],[76.6314,8.8365],[76.6412,8.8243],[76.6477,8.8146],[76.6506,8.8088],[76.6528,8.8071],[76.6565,8.8017],[76.6599,8.7982],[76.6606,8.796],[76.6638,8.7934],[76.6716,8.7838],[76.6754,8.7772],[76.6802,8.7707],[76.6824,8.7666],[76.6909,8.7542],[76.6926,8.7489],[76.6973,8.7422],[76.6987,8.738],[76.7014,8.7361],[76.7082,8.7283],[76.7122,8.7225],[76.7165,8.718],[76.7293,8.703],[76.7398,8.6894],[76.7556,8.6714],[76.7797,8.6414],[76.7927,8.6245],[76.8095,8.604],[76.8209,8.5891],[76.8738,8.5239],[76.8848,8.51],[76.8877,8.5057],[76.8956,8.4959],[76.9062,8.4836],[76.9382,8.447],[76.9492,8.4333],[76.9553,8.425],[76.9613,8.4181],[76.967,8.4087],[76.9723,8.3969],[76.9712,8.392],[76.975,8.3886],[76.9753,8.3862],[76.9786,8.383],[76.984,8.3798],[76.9873,8.3763],[76.992,8.3775],[77,8.3719],[77.009,8.3599],[77.0111,8.3548],[77.0165,8.3547],[77.0193,8.3534],[77.0276,8.3477],[77.0424,8.3359],[77.06,8.3205],[77.0699,8.3131],[77.0772,8.3069],[77.1005,8.2898],[77.1115,8.2831],[77.1236,8.2737],[77.1271,8.27],[77.1339,8.2665],[77.1494,8.2556],[77.154,8.2502],[77.1612,8.2454],[77.1672,8.2404],[77.1756,8.2318],[77.1853,8.219],[77.2029,8.2094],[77.2198,8.1992],[77.2251,8.1944],[77.2349,8.1815],[77.2404,8.1765],[77.2434,8.1761],[77.2478,8.1728],[77.2556,8.1725],[77.2619,8.1698],[77.2754,8.1628],[77.2873,8.1556],[77.2982,8.1474],[77.3026,8.1418],[77.3043,8.1323],[77.3082,8.1276],[77.3116,8.1265],[77.3161,8.1219],[77.3183,8.1235],[77.3227,8.1243],[77.3255,8.1265],[77.3308,8.1265],[77.3521,8.1224],[77.368,8.1176],[77.3728,8.1156],[77.3876,8.1118],[77.3928,8.1096],[77.4231,8.1003],[77.4288,8.0994],[77.4453,8.0945],[77.4587,8.0931],[77.4707,8.0906],[77.4923,8.0872],[77.499,8.0853],[77.5263,8.0816],[77.5306,8.0802],[77.5325,8.0777],[77.537,8.0789],[77.5452,8.0781],[77.5514,8.0782],[77.5531,8.0858],[77.5605,8.0912],[77.5639,8.092],[77.5615,8.0951],[77.559,8.0955],[77.5579,8.0995],[77.5587,8.1044],[77.5571,8.112],[77.5594,8.1176],[77.5594,8.1202],[77.5771,8.1367],[77.5841,8.1393],[77.5898,8.1426],[77.5994,8.1453],[77.6127,8.1504],[77.6196,8.1524],[77.6339,8.1556],[77.6492,8.1593],[77.655,8.1585],[77.6751,8.1601],[77.678,8.1611],[77.6958,8.1632],[77.7107,8.1667],[77.7141,8.1665],[77.7208,8.1687],[77.7235,8.1713],[77.7289,8.173],[77.7361,8.174],[77.7456,8.1774],[77.7487,8.1802],[77.7551,8.1839],[77.7553,8.1857],[77.7597,8.1894],[77.7661,8.1933],[77.775,8.1959],[77.7813,8.201],[77.7841,8.2073],[77.7837,8.212],[77.782,8.2144],[77.7828,8.2189],[77.7848,8.2233],[77.7959,8.2317],[77.7993,8.2369],[77.8041,8.2409],[77.8102,8.2438],[77.8213,8.2476],[77.843,8.2536],[77.8497,8.256],[77.8739,8.2665],[77.8778,8.2678],[77.8892,8.274],[77.8992,8.2845],[77.9059,8.2887],[77.9279,8.2986],[77.9303,8.3006],[77.9416,8.3072],[77.9435,8.3093],[77.949,8.3117],[77.9533,8.3147],[77.9542,8.3198],[77.961,8.3263],[77.9717,8.3333],[78.0035,8.3496],[78.0134,8.3543],[78.0255,8.3592],[78.0361,8.3619],[78.0418,8.3646],[78.0662,8.3723],[78.0664,8.3745],[78.0618,8.3743],[78.0569,8.3794],[78.0565,8.3851],[78.0575,8.3932],[78.0612,8.4029],[78.0625,8.4145],[78.0653,8.4204],[78.0771,8.4364],[78.0885,8.45],[78.0961,8.4599],[78.1163,8.4798],[78.125,8.4891],[78.1305,8.4966],[78.1266,8.5009],[78.126,8.504],[78.1224,8.5121],[78.1219,8.5157],[78.1228,8.5206],[78.1238,8.5339],[78.1264,8.5448],[78.1321,8.5542],[78.1319,8.5604],[78.1333,8.5677],[78.1376,8.5833],[78.1375,8.5889],[78.1327,8.602],[78.1292,8.6087],[78.1271,8.6166],[78.1266,8.6256],[78.1271,8.6271],[78.1274,8.6388],[78.1291,8.6511],[78.1294,8.6572],[78.1313,8.6633],[78.1256,8.6651],[78.1288,8.6683],[78.1292,8.673],[78.1314,8.6751],[78.132,8.6818],[78.1364,8.6941],[78.1411,8.7001],[78.1541,8.7122],[78.1537,8.7169],[78.1555,8.7249],[78.1597,8.7357],[78.1636,8.7407],[78.1696,8.7455],[78.1759,8.7486],[78.1828,8.7506],[78.1885,8.7499],[78.1916,8.7479],[78.1929,8.7512],[78.1962,8.7532],[78.1954,8.7573],[78.1974,8.7624],[78.1991,8.776],[78.1996,8.7847],[78.1975,8.7888],[78.194,8.7874],[78.1953,8.776],[78.1986,8.7759],[78.1975,8.7722],[78.1955,8.7706],[78.1951,8.767],[78.1896,8.7638],[78.1825,8.766],[78.1804,8.7688],[78.1725,8.7695],[78.1689,8.7709],[78.1702,8.7747],[78.1689,8.7767],[78.1645,8.7776],[78.1601,8.7802],[78.16,8.7843],[78.1627,8.7851],[78.1604,8.7935],[78.1581,8.797],[78.1592,8.8033],[78.1612,8.8051],[78.1638,8.8123],[78.1638,8.8183],[78.168,8.8259],[78.1655,8.8283],[78.1648,8.8328],[78.1667,8.8424],[78.1658,8.8657],[78.1669,8.8729],[78.1716,8.8859],[78.1776,8.8922],[78.18,8.8927],[78.1808,8.8972],[78.1795,8.9017],[78.18,8.9061],[78.1854,8.9207],[78.1892,8.9289],[78.1984,8.9434],[78.2067,8.9524],[78.215,8.966],[78.2398,8.9847],[78.2586,8.9968],[78.2723,9.0044],[78.277,9.0085],[78.2926,9.0196],[78.3056,9.0306],[78.3146,9.0369],[78.3237,9.0444],[78.3331,9.0514],[78.3459,9.0603],[78.3557,9.068],[78.3629,9.0745],[78.3759,9.088],[78.3946,9.102],[78.4033,9.1081],[78.4153,9.1146],[78.4208,9.1165],[78.4543,9.1253],[78.4638,9.1268],[78.4675,9.128],[78.4812,9.1279],[78.4882,9.129],[78.4957,9.1319],[78.5027,9.1339],[78.5309,9.1381],[78.5369,9.1385],[78.544,9.1377],[78.5509,9.1381],[78.5611,9.1365],[78.5661,9.1352],[78.5762,9.131],[78.5789,9.1314],[78.5879,9.1394],[78.6016,9.1466],[78.6155,9.1514],[78.6249,9.1536],[78.656,9.1574],[78.6499,9.1605],[78.6466,9.1661],[78.6428,9.1684],[78.6421,9.172],[78.6441,9.1804],[78.6481,9.185],[78.6614,9.1927],[78.6655,9.1941],[78.6756,9.1951],[78.6785,9.196],[78.6907,9.1949],[78.6969,9.1935],[78.7041,9.191],[78.7094,9.1912],[78.7153,9.1892],[78.719,9.1921],[78.716,9.1976],[78.7161,9.1994],[78.7195,9.2036],[78.7249,9.2065],[78.7267,9.2088],[78.7326,9.2119],[78.7376,9.213],[78.7419,9.2127],[78.7457,9.2149],[78.7554,9.2158],[78.7643,9.2214],[78.7879,9.2287],[78.7943,9.23],[78.8013,9.235],[78.8056,9.2367],[78.8148,9.2372],[78.8227,9.2394],[78.8498,9.2515],[78.8561,9.2517],[78.8611,9.2554],[78.8669,9.2539],[78.8723,9.257],[78.8749,9.2573],[78.8889,9.254],[78.8957,9.2515],[78.9017,9.2532],[78.9162,9.2588],[78.9202,9.264],[78.9242,9.267],[78.9341,9.2696],[78.949,9.2725],[78.9592,9.2738],[78.9726,9.2741],[78.9826,9.2747],[78.9964,9.2734],[78.9971,9.2725],[79.0156,9.2705],[79.0286,9.2678],[79.0522,9.2634],[79.0584,9.2635],[79.062,9.2617],[79.0692,9.2611],[79.0731,9.2624],[79.081,9.2612],[79.0902,9.2616],[79.1109,9.2662],[79.1167,9.2691],[79.1274,9.272],[79.1403,9.2731],[79.1432,9.2761],[79.1468,9.2771],[79.1523,9.2771],[79.1572,9.2784],[79.1744,9.2806],[79.1782,9.2818],[79.1837,9.2815],[79.1887,9.2825],[79.2092,9.2824],[79.2052,9.278],[79.2059,9.2752],[79.2125,9.2737],[79.2185,9.2708],[79.2215,9.2662],[79.2213,9.2596],[79.2229,9.2587],[79.2296,9.2597],[79.2367,9.2596],[79.2431,9.2604],[79.2574,9.2592],[79.2729,9.2555],[79.2911,9.2502],[79.3109,9.2415],[79.3213,9.2354],[79.3343,9.229],[79.3494,9.2195],[79.3631,9.2106],[79.3728,9.2038],[79.38,9.1997],[79.4043,9.1848],[79.4189,9.1755],[79.4244,9.1715],[79.4347,9.1615],[79.4358,9.1642],[79.4309,9.1682],[79.4287,9.1727],[79.4232,9.1785],[79.4169,9.1834],[79.4093,9.1909],[79.4016,9.1977],[79.3877,9.2091],[79.3822,9.2122],[79.3736,9.2182],[79.361,9.2307],[79.3497,9.2402],[79.3353,9.2515],[79.3273,9.2595],[79.324,9.2636],[79.3216,9.2684],[79.3152,9.2785],[79.3147,9.2812],[79.316,9.2855],[79.3212,9.2886],[79.3272,9.2962],[79.327,9.2994],[79.3316,9.3033],[79.335,9.3093],[79.3342,9.3142],[79.3318,9.3177],[79.3272,9.3213],[79.318,9.3258],[79.3133,9.3276],[79.3099,9.3276],[79.3027,9.3245],[79.3005,9.3224],[79.2907,9.3199],[79.2783,9.3099],[79.2728,9.3019],[79.2705,9.2955],[79.2659,9.2927],[79.2528,9.2914],[79.242,9.2927],[79.2238,9.2917],[79.2197,9.2906],[79.2167,9.2864],[79.2135,9.284],[79.21,9.2832],[79.1994,9.2832],[79.1827,9.2829],[79.1716,9.2848],[79.161,9.2843],[79.1577,9.2847],[79.1429,9.2913],[79.1379,9.2919],[79.1323,9.2879],[79.1312,9.2889],[79.1243,9.29],[79.122,9.2913],[79.114,9.2908],[79.103,9.2913],[79.0876,9.2951],[79.0784,9.2957],[79.0757,9.2947],[79.0708,9.2951],[79.0636,9.2989],[79.0515,9.306],[79.0386,9.3144],[79.0368,9.3152],[79.0129,9.3326],[79.0012,9.3426],[78.9966,9.348],[78.9903,9.3524],[78.9805,9.3612],[78.9745,9.3684],[78.9608,9.3819],[78.9526,9.3909],[78.9442,9.3995],[78.9317,9.4142],[78.9236,9.4256],[78.9118,9.4458],[78.9064,9.4567],[78.903,9.4625],[78.9003,9.4688],[78.8984,9.4764],[78.8979,9.4823],[78.8984,9.4903],[78.9022,9.4956],[78.9096,9.4985],[78.911,9.497],[78.9152,9.499],[78.9132,9.5055],[78.9146,9.5106],[78.9171,9.5147],[78.9181,9.5214],[78.9199,9.5253],[78.9197,9.5303],[78.9178,9.5377],[78.9199,9.5527],[78.9201,9.5592],[78.9216,9.5605],[78.9217,9.5663],[78.9228,9.5689],[78.9254,9.5792],[78.9252,9.585],[78.929,9.5905],[78.9299,9.5966],[78.9342,9.6036],[78.9348,9.6083],[78.9392,9.612],[78.945,9.6187],[78.952,9.6237],[78.9543,9.6243],[78.9598,9.6309],[78.9582,9.637],[78.9594,9.6409],[78.9636,9.6405],[78.9668,9.6491],[78.971,9.6557],[78.9738,9.673],[78.9749,9.678],[78.9804,9.6896],[78.9844,9.6944],[78.9895,9.6992],[78.9896,9.7023],[78.9944,9.7092],[79.0047,9.7187],[79.0079,9.7248],[79.0161,9.7325],[79.0176,9.7367],[79.0229,9.7441],[79.0269,9.7483],[79.0323,9.7553],[79.0374,9.7628],[79.0412,9.7662],[79.0498,9.7689],[79.0545,9.7715],[79.0591,9.773],[79.0612,9.7809],[79.0673,9.7885],[79.0707,9.7943],[79.079,9.8014],[79.079,9.8058],[79.0827,9.8155],[79.0911,9.8268],[79.0974,9.8332],[79.1048,9.8379],[79.1025,9.8386],[79.0988,9.8433],[79.1003,9.8443],[79.1047,9.8391],[79.1087,9.8423],[79.1091,9.8482],[79.1076,9.8518],[79.1121,9.8513],[79.1155,9.8491],[79.1193,9.8528],[79.1225,9.86],[79.1167,9.862],[79.1171,9.8717],[79.1216,9.8805],[79.1187,9.8869],[79.1208,9.8885],[79.125,9.8851],[79.1259,9.8908],[79.1298,9.8958],[79.1346,9.8997],[79.1415,9.9065],[79.1452,9.9095],[79.1468,9.9122],[79.1419,9.9187],[79.1493,9.9189],[79.1534,9.9237],[79.1528,9.9282],[79.159,9.9355],[79.1635,9.9386],[79.1689,9.9437],[79.1745,9.951],[79.1811,9.9579],[79.1902,9.9665],[79.1985,9.9733],[79.2017,9.98],[79.2089,9.9884],[79.212,9.9932],[79.2144,9.9944],[79.2188,10.0004],[79.2306,10.0125],[79.2338,10.0166],[79.2379,10.0201],[79.2444,10.0272],[79.2495,10.0308],[79.2661,10.0392],[79.2606,10.0418],[79.2524,10.0473],[79.2495,10.05],[79.2445,10.0583],[79.2456,10.0642],[79.2501,10.0671],[79.2481,10.0709],[79.2461,10.0703],[79.2414,10.0719],[79.2383,10.0708],[79.2324,10.0812],[79.2289,10.0889],[79.2259,10.101],[79.2289,10.1051],[79.2272,10.1104],[79.228,10.1141],[79.2312,10.1206],[79.2307,10.1253],[79.233,10.1284],[79.229,10.1308],[79.2262,10.136],[79.2257,10.1458],[79.2282,10.1523],[79.2313,10.1533],[79.2332,10.156],[79.2388,10.1599],[79.2387,10.1654],[79.2361,10.1716],[79.239,10.1758],[79.2415,10.1849],[79.2471,10.1919],[79.254,10.1956],[79.2568,10.1956],[79.26,10.1937],[79.2654,10.1979],[79.2698,10.2065],[79.2747,10.2102],[79.2787,10.2155],[79.278,10.2221],[79.2711,10.225],[79.267,10.2289],[79.2683,10.2328],[79.2727,10.239],[79.2849,10.2508],[79.2985,10.2633],[79.3155,10.2736],[79.3192,10.2775],[79.3293,10.2844],[79.3382,10.2875],[79.3439,10.2885],[79.3528,10.2889],[79.3603,10.2912],[79.3661,10.2995],[79.3732,10.3079],[79.3792,10.3135],[79.3881,10.3175],[79.3959,10.3186],[79.4032,10.3172],[79.4123,10.3174],[79.4256,10.3171],[79.432,10.3176],[79.4596,10.3168],[79.472,10.316],[79.4988,10.3148],[79.5056,10.3148],[79.5129,10.3131],[79.5167,10.3142],[79.5256,10.318],[79.5264,10.3194],[79.5378,10.3237],[79.5441,10.3249],[79.5492,10.3178],[79.5425,10.3156],[79.538,10.3129],[79.5347,10.3127],[79.5309,10.3108],[79.533,10.3081],[79.5385,10.308],[79.551,10.3058],[79.562,10.3054],[79.5801,10.3035],[79.5849,10.3027],[79.5941,10.3026],[79.6104,10.2993],[79.6257,10.2975],[79.6446,10.2939],[79.6566,10.2898],[79.6667,10.2899],[79.6727,10.2892],[79.6829,10.2863],[79.6868,10.286],[79.6981,10.2831],[79.7075,10.2813],[79.7118,10.2794],[79.7154,10.2791],[79.7308,10.2764],[79.7493,10.2745],[79.7524,10.2733],[79.7592,10.2732],[79.7658,10.2719],[79.7774,10.2723],[79.7791,10.2763],[79.7777,10.2785],[79.7777,10.2841],[79.7746,10.287],[79.7735,10.291],[79.7716,10.2917],[79.7679,10.2886],[79.7609,10.2926],[79.756,10.2938],[79.7519,10.2976],[79.7511,10.3005],[79.7487,10.3007],[79.7487,10.3144],[79.7521,10.3133],[79.7609,10.3124],[79.76,10.3087],[79.7671,10.3017],[79.7781,10.2944],[79.78,10.292],[79.786,10.2897],[79.7864,10.2842],[79.7875,10.2816],[79.7835,10.2785],[79.7839,10.2755],[79.7823,10.2725],[79.8082,10.2744],[79.8139,10.2756],[79.8159,10.2777],[79.8126,10.2819],[79.8161,10.2838],[79.8192,10.2788],[79.8172,10.276],[79.825,10.2766],[79.8584,10.2819],[79.8615,10.2828],[79.8685,10.2867],[79.8761,10.2951],[79.8804,10.3047],[79.8816,10.314],[79.8816,10.3217],[79.8788,10.3342],[79.8765,10.3392],[79.8743,10.3462],[79.8712,10.3607],[79.8678,10.3801],[79.8669,10.3976],[79.8654,10.4013],[79.8664,10.4095],[79.8657,10.4151],[79.8668,10.4171],[79.866,10.4275],[79.8653,10.4417],[79.8646,10.4461],[79.8633,10.4667],[79.8618,10.4779],[79.8611,10.4898],[79.8618,10.4914],[79.861,10.5001],[79.8613,10.5071],[79.8606,10.5102],[79.8594,10.5245],[79.8592,10.5342],[79.8579,10.5469],[79.8589,10.5518],[79.8578,10.5701],[79.8528,10.5755],[79.8573,10.5759],[79.8555,10.5878],[79.8543,10.6023],[79.8534,10.6242],[79.8538,10.6449],[79.8533,10.6765],[79.847,10.678],[79.8501,10.6804],[79.8533,10.6794],[79.8527,10.7223],[79.8525,10.7311],[79.8513,10.7492],[79.8507,10.7515],[79.8504,10.7634],[79.8509,10.7681],[79.8503,10.7721],[79.8511,10.781],[79.8504,10.7908],[79.851,10.7994],[79.8504,10.8032],[79.8503,10.8151],[79.8508,10.8211],[79.8491,10.8248],[79.8525,10.8272],[79.8503,10.8292],[79.8513,10.8344],[79.8507,10.8387],[79.851,10.85],[79.8498,10.8582],[79.8517,10.8763],[79.8509,10.8931],[79.8515,10.896],[79.8525,10.9167],[79.852,10.9228],[79.8525,10.9335],[79.8529,10.9587],[79.8537,10.9681],[79.8535,10.9782],[79.8543,10.9934],[79.8553,11.0058],[79.855,11.0128],[79.856,11.0222],[79.8569,11.0251],[79.8559,11.0321],[79.8557,11.0426],[79.8563,11.0515],[79.8563,11.0669],[79.8569,11.0819],[79.858,11.0991],[79.8584,11.1293],[79.8578,11.1371],[79.8575,11.1558],[79.8563,11.1761],[79.8547,11.1917],[79.8531,11.1991],[79.8533,11.2046],[79.8512,11.2163],[79.8504,11.2237],[79.8487,11.2302],[79.8485,11.2362],[79.8465,11.2459],[79.8439,11.2538],[79.8427,11.2619],[79.8404,11.2718],[79.8369,11.2937],[79.8353,11.3061],[79.8343,11.3217],[79.835,11.3287],[79.8365,11.3357],[79.8398,11.3449],[79.8426,11.3505],[79.8413,11.3526],[79.8322,11.3565],[79.8316,11.3612],[79.8273,11.3689],[79.8231,11.3785],[79.8184,11.3941],[79.8146,11.4126],[79.8122,11.4269],[79.8071,11.444],[79.8031,11.4538],[79.7977,11.4637],[79.7922,11.4646],[79.791,11.4704],[79.7854,11.4766],[79.7828,11.4822],[79.7775,11.4877],[79.7756,11.494],[79.7782,11.5015],[79.7746,11.5009],[79.7725,11.5025],[79.7705,11.5098],[79.7654,11.5223],[79.76,11.5385],[79.7587,11.5445],[79.757,11.5561],[79.7569,11.5727],[79.7574,11.5953],[79.7588,11.6096],[79.7607,11.6244],[79.7667,11.6565],[79.7694,11.6682],[79.773,11.6856],[79.777,11.7],[79.781,11.7126],[79.7843,11.7286],[79.7881,11.7414],[79.7898,11.7547],[79.7918,11.7632],[79.7937,11.7692],[79.7969,11.7933],[79.7985,11.802],[79.8016,11.815],[79.8049,11.8275],[79.8068,11.8317],[79.8088,11.8404],[79.8155,11.8604],[79.8196,11.8708],[79.8227,11.8765],[79.8256,11.893],[79.8273,11.8975],[79.8309,11.9133],[79.8341,11.9231],[79.837,11.9356],[79.8377,11.9439],[79.8387,11.9488],[79.8438,11.9676],[79.847,11.9785],[79.8549,11.9991],[79.8555,12.003],[79.8603,12.0138],[79.8718,12.0374],[79.879,12.0545],[79.8847,12.0645],[79.8898,12.0721],[79.8967,12.0835],[79.9087,12.1019],[79.9136,12.109],[79.924,12.1256],[79.9459,12.1589],[79.9544,12.1707],[79.9574,12.1757],[79.9744,12.2011],[79.9848,12.2186],[79.9928,12.2301],[79.9962,12.2363],[80.0082,12.254],[80.0151,12.2648],[80.0175,12.2719],[80.0257,12.2885],[80.0342,12.3018],[80.0422,12.3128],[80.0543,12.3285],[80.0581,12.3343],[80.0669,12.3463],[80.0791,12.3611],[80.0827,12.3661],[80.0938,12.379],[80.1032,12.3889],[80.1134,12.4019],[80.1203,12.412],[80.1235,12.4176],[80.1264,12.4208],[80.1381,12.4367],[80.1469,12.4498],[80.1504,12.4544],[80.1516,12.4577],[80.1558,12.4649],[80.1574,12.469],[80.1607,12.5014],[80.1624,12.5126],[80.1657,12.5276],[80.1688,12.5373],[80.1744,12.5511],[80.1777,12.5576],[80.1824,12.5695],[80.1853,12.574],[80.1847,12.576],[80.1868,12.5871],[80.1903,12.5957],[80.1919,12.6014],[80.1972,12.6137],[80.2005,12.6168],[80.1987,12.621],[80.201,12.6321],[80.2046,12.642],[80.2123,12.6603],[80.2135,12.6651],[80.2186,12.6779],[80.2225,12.6896],[80.2292,12.7081],[80.2347,12.7221],[80.241,12.7399],[80.2439,12.7471],[80.2515,12.772],[80.255,12.7821],[80.2543,12.79],[80.2522,12.7902],[80.25,12.7943],[80.2482,12.81],[80.2484,12.8305],[80.2488,12.8347],[80.2491,12.8567],[80.2515,12.8746],[80.2529,12.8869],[80.2557,12.904],[80.2586,12.9267],[80.2592,12.9335],[80.2626,12.9518],[80.265,12.9613],[80.2662,12.9682],[80.2721,12.997],[80.278,13.0161],[80.2811,13.0396],[80.284,13.0542],[80.2875,13.0662],[80.2891,13.0686],[80.2938,13.0794],[80.3009,13.0901],[80.2949,13.0931],[80.2983,13.1019],[80.3021,13.1148],[80.3005,13.1206],[80.2967,13.1242],[80.299,13.1286],[80.2978,13.1327],[80.2985,13.1377],[80.3029,13.1456],[80.3041,13.1494],[80.3074,13.1547],[80.3128,13.1675],[80.3123,13.1705],[80.3155,13.1776],[80.3201,13.1907],[80.324,13.2035],[80.3293,13.2247],[80.3347,13.2391],[80.3366,13.2545],[80.3382,13.262],[80.3403,13.2681],[80.3438,13.275],[80.3454,13.2813],[80.3455,13.2969],[80.3465,13.3133],[80.3454,13.3176],[80.3441,13.3325],[80.342,13.3471],[80.3401,13.3553],[80.3397,13.3595],[80.3379,13.368],[80.3337,13.3825],[80.3311,13.3951],[80.3292,13.4067],[80.3282,13.4263],[80.3276,13.4317],[80.3253,13.444],[80.3159,13.4585],[80.3072,13.4668],[80.3007,13.4782],[80.2942,13.493],[80.2909,13.5013],[80.2899,13.5074],[80.2812,13.5335],[80.2763,13.5471],[80.2714,13.5587],[80.2633,13.5764],[80.2575,13.5864],[80.2521,13.5982],[80.2463,13.6081],[80.2426,13.6164],[80.2373,13.636],[80.2342,13.6535],[80.2334,13.6652],[80.233,13.6774],[80.2348,13.7022],[80.2375,13.7239],[80.2396,13.7339],[80.245,13.7517],[80.2464,13.7578],[80.2493,13.7654],[80.25,13.7704],[80.2537,13.7809],[80.2531,13.7859],[80.2503,13.7969],[80.2465,13.8036],[80.2431,13.8119],[80.2411,13.8195],[80.2337,13.8386],[80.2273,13.8533],[80.2246,13.8612],[80.2209,13.875],[80.2107,13.8956],[80.2037,13.9062],[80.1982,13.9172],[80.191,13.9377],[80.1852,13.9524],[80.1791,13.9658],[80.1767,13.9719],[80.1679,13.9894],[80.1602,14.01],[80.1549,14.0225],[80.1498,14.0318],[80.1461,14.0442],[80.1431,14.0565],[80.142,14.0667],[80.1421,14.0746],[80.1405,14.0786],[80.1374,14.0825],[80.1357,14.0866],[80.1338,14.0969],[80.1308,14.1223],[80.1298,14.1237],[80.1285,14.1332],[80.1269,14.1531],[80.1264,14.1643],[80.127,14.1922],[80.1292,14.2195],[80.131,14.2274],[80.1309,14.2297],[80.1341,14.2404],[80.1345,14.2437],[80.1387,14.2535],[80.139,14.2692],[80.1429,14.2864],[80.1475,14.3008],[80.1521,14.3127],[80.1568,14.323],[80.159,14.3292],[80.1647,14.3394],[80.1686,14.3549],[80.1695,14.3627],[80.1716,14.3734],[80.1724,14.3928],[80.1731,14.3994],[80.1734,14.4237],[80.1756,14.4528],[80.1776,14.4756],[80.1787,14.492],[80.1795,14.5088],[80.1823,14.5215],[80.1828,14.5313],[80.1849,14.5393],[80.1853,14.5461],[80.1947,14.5778],[80.1955,14.5858],[80.1931,14.5932],[80.1855,14.5989],[80.1828,14.5996],[80.1782,14.6032],[80.1712,14.6117],[80.1663,14.6229],[80.1619,14.6354],[80.1513,14.6681],[80.144,14.6979],[80.1417,14.7043],[80.1377,14.7042],[80.1332,14.7177],[80.1312,14.7211],[80.1222,14.7296],[80.1179,14.736],[80.1149,14.7361],[80.1115,14.7411],[80.1116,14.7426],[80.1058,14.7568],[80.1045,14.7623],[80.0998,14.7732],[80.0975,14.7802],[80.0952,14.7901],[80.0921,14.8118],[80.0888,14.8236],[80.0872,14.8377],[80.0868,14.8615],[80.0856,14.8758],[80.0844,14.8832],[80.0783,14.9011],[80.0729,14.9192],[80.0691,14.9268],[80.0675,14.9324],[80.0664,14.9399],[80.0641,14.9474],[80.0622,14.9618],[80.0591,14.9755],[80.0584,14.9829],[80.0557,14.9953],[80.0555,15.0008],[80.0528,15.0117],[80.0523,15.0209],[80.0504,15.0365],[80.0503,15.0436],[80.0488,15.0579],[80.0489,15.0674],[80.0473,15.0732],[80.047,15.0827],[80.0487,15.0928],[80.0557,15.1234],[80.0655,15.1532],[80.0704,15.1653],[80.0777,15.1776],[80.0709,15.1826],[80.0821,15.1918],[80.0842,15.1923],[80.0876,15.2056],[80.0896,15.2151],[80.0898,15.2259],[80.0875,15.2247],[80.0842,15.2301],[80.0821,15.2311],[80.0807,15.241],[80.0824,15.2527],[80.0823,15.261],[80.0833,15.27],[80.0865,15.2827],[80.0919,15.2974],[80.0976,15.3087],[80.0984,15.3115],[80.1024,15.3155],[80.1059,15.324],[80.1076,15.3344],[80.1102,15.3455],[80.1127,15.3511],[80.1218,15.3679],[80.1272,15.3759],[80.1418,15.3955],[80.1634,15.4208],[80.1685,15.4259],[80.1831,15.442],[80.2001,15.465],[80.205,15.4739],[80.208,15.4806],[80.2078,15.4849],[80.2107,15.4917],[80.2102,15.494],[80.2058,15.4945],[80.1998,15.4937],[80.1997,15.497],[80.2033,15.5036],[80.2038,15.5083],[80.2058,15.5084],[80.2114,15.5122],[80.2128,15.5153],[80.2153,15.5157],[80.2159,15.5199],[80.2135,15.5205],[80.2149,15.525],[80.2212,15.5287],[80.2249,15.5337],[80.2237,15.5363],[80.2269,15.5426],[80.2271,15.5582],[80.232,15.58],[80.2351,15.5906],[80.2342,15.5925],[80.2277,15.593],[80.2305,15.5961],[80.2332,15.5962],[80.2335,15.6],[80.2361,15.6005],[80.2395,15.6055],[80.2422,15.6142],[80.2479,15.6258],[80.2434,15.6254],[80.2453,15.6295],[80.2491,15.628],[80.2566,15.6433],[80.2634,15.6538],[80.2675,15.6611],[80.2765,15.6741],[80.2794,15.6806],[80.2822,15.6853],[80.2881,15.6926],[80.3063,15.7136],[80.3157,15.7229],[80.323,15.7293],[80.3262,15.7333],[80.3377,15.7427],[80.3501,15.7544],[80.3574,15.7594],[80.3619,15.7634],[80.3701,15.7681],[80.3831,15.7773],[80.3844,15.7773],[80.4102,15.7931],[80.4277,15.8026],[80.4286,15.8047],[80.4331,15.8054],[80.4479,15.8133],[80.464,15.8212],[80.4968,15.8358],[80.502,15.8372],[80.5235,15.845],[80.5282,15.8459],[80.5322,15.8483],[80.5365,15.8523],[80.544,15.8515],[80.5517,15.8548],[80.5745,15.8624],[80.5873,15.8661],[80.6047,15.8703],[80.6217,15.8733],[80.6348,15.875],[80.6493,15.8784],[80.6574,15.8792],[80.6767,15.8803],[80.679,15.8815],[80.6806,15.8854],[80.6831,15.8827],[80.6862,15.8815],[80.6914,15.8817],[80.7087,15.881],[80.7267,15.879],[80.7485,15.874],[80.7641,15.8669],[80.7674,15.8647],[80.7722,15.8662],[80.7747,15.8641],[80.7792,15.8643],[80.7817,15.8631],[80.7941,15.8536],[80.8006,15.8477],[80.8065,15.8411],[80.8114,15.8341],[80.8128,15.8284],[80.8124,15.82],[80.8135,15.8153],[80.8095,15.8117],[80.8016,15.8151],[80.802,15.8097],[80.8009,15.8058],[80.7975,15.8105],[80.7914,15.8207],[80.7905,15.827],[80.7887,15.8324],[80.7853,15.8331],[80.7825,15.8369],[80.7796,15.8353],[80.7829,15.8267],[80.7875,15.8191],[80.7945,15.8032],[80.7942,15.8016],[80.7972,15.7958],[80.8018,15.7894],[80.8042,15.7843],[80.8038,15.7816],[80.8073,15.7705],[80.8111,15.7644],[80.8136,15.7491],[80.8175,15.7494],[80.8178,15.7435],[80.8145,15.7393],[80.8135,15.7344],[80.8137,15.7302],[80.8104,15.7308],[80.8098,15.7357],[80.7986,15.7437],[80.7941,15.749],[80.7912,15.7536],[80.7908,15.7608],[80.7922,15.7648],[80.7904,15.7687],[80.7921,15.7708],[80.7966,15.7728],[80.7958,15.7746],[80.7909,15.7707],[80.7877,15.7643],[80.7884,15.7572],[80.7904,15.7524],[80.7978,15.7427],[80.8092,15.735],[80.8104,15.7207],[80.8163,15.7129],[80.822,15.709],[80.8257,15.7079],[80.829,15.7094],[80.8318,15.7055],[80.8461,15.7055],[80.8607,15.7081],[80.8646,15.7084],[80.8798,15.7108],[80.8856,15.7123],[80.8997,15.7143],[80.9052,15.7157],[80.9138,15.7167],[80.9185,15.718],[80.9257,15.7187],[80.928,15.7216],[80.932,15.7237],[80.9348,15.7175],[80.9372,15.7144],[80.9426,15.7177],[80.9621,15.7271],[80.9624,15.7336],[80.9658,15.7318],[80.9715,15.7327],[80.9984,15.7467],[81.0078,15.7523],[81.0098,15.7552],[81.0095,15.7618],[81.0073,15.7608],[81.005,15.7568],[80.9984,15.7604],[80.9985,15.7697],[81.0045,15.7659],[81.0122,15.7662],[81.0145,15.7713],[81.0126,15.7764],[81.0105,15.7785],[81.009,15.7839],[81.0095,15.7874],[81.008,15.7898],[81.009,15.7946],[81.0082,15.7974],[81.0118,15.8004],[81.0155,15.7983],[81.0192,15.7918],[81.0205,15.7941],[81.017,15.8073],[81.0129,15.8133],[81.0073,15.8171],[81.0056,15.8213],[81.0059,15.8263],[81.0038,15.8336],[81.0048,15.8378],[81.011,15.844],[81.0149,15.8506],[81.0216,15.8564],[81.0247,15.86],[81.0355,15.8703],[81.04,15.8737],[81.046,15.882],[81.049,15.8848],[81.0611,15.9004],[81.0715,15.9111],[81.0798,15.9188],[81.0929,15.9296],[81.0942,15.9314],[81.1112,15.9466],[81.1194,15.9526],[81.125,15.956],[81.1345,15.9641],[81.1349,15.9722],[81.1377,15.9698],[81.1414,15.9687],[81.1453,15.9705],[81.1484,15.9746],[81.1484,15.9787],[81.1452,15.9868],[81.1432,15.9951],[81.1449,16.0102],[81.1476,16.0194],[81.1496,16.0244],[81.1632,16.0487],[81.1652,16.0533],[81.1704,16.0621],[81.1725,16.0646],[81.1828,16.0838],[81.1873,16.093],[81.1956,16.1151],[81.1978,16.1245],[81.1983,16.1297],[81.2024,16.1469],[81.2044,16.1583],[81.2046,16.1629],[81.2061,16.1713],[81.2093,16.1809],[81.208,16.1883],[81.2104,16.1934],[81.2101,16.1961],[81.2131,16.2032],[81.2138,16.2072],[81.2227,16.2232],[81.2315,16.2374],[81.2384,16.247],[81.2532,16.2636],[81.2637,16.2734],[81.2651,16.2781],[81.2683,16.2782],[81.2888,16.2928],[81.303,16.3021],[81.3144,16.3089],[81.3323,16.3179],[81.357,16.3285],[81.3919,16.3401],[81.3938,16.3425],[81.3986,16.3404],[81.4132,16.3442],[81.428,16.3471],[81.4562,16.351],[81.474,16.3523],[81.4874,16.354],[81.4914,16.3527],[81.4984,16.3534],[81.5176,16.3533],[81.531,16.3524],[81.5375,16.3515],[81.5408,16.3474],[81.5521,16.346],[81.5525,16.3471],[81.56,16.3467],[81.5802,16.3444],[81.6069,16.3403],[81.6273,16.338],[81.6397,16.3348],[81.6502,16.3336],[81.6765,16.3286],[81.6823,16.3288],[81.6906,16.3275],[81.6995,16.3242],[81.7033,16.3207],[81.7096,16.3168],[81.7149,16.3168],[81.7192,16.3156],[81.7191,16.3113],[81.7166,16.3073],[81.7195,16.3066],[81.7255,16.309],[81.7339,16.3153],[81.7611,16.3262],[81.7871,16.3382],[81.7867,16.3403],[81.7927,16.343],[81.804,16.3491],[81.8228,16.3587],[81.8296,16.3615],[81.8383,16.3658],[81.8525,16.3722],[81.8588,16.3754],[81.8708,16.3798],[81.8735,16.3795],[81.8782,16.3826],[81.8914,16.3864],[81.9053,16.389],[81.9146,16.3911],[81.9394,16.3954],[81.9445,16.3952],[81.9487,16.3962],[81.9531,16.3953],[81.9577,16.3924],[81.9605,16.3955],[81.9632,16.4021],[81.9704,16.4076],[81.9933,16.4193],[81.9983,16.4202],[82.0497,16.4484],[82.0769,16.4624],[82.0863,16.4683],[82.1276,16.4878],[82.1407,16.4937],[82.1522,16.4998],[82.2017,16.5252],[82.2312,16.5408],[82.2297,16.5434],[82.2446,16.55],[82.2485,16.5495],[82.2645,16.5533],[82.2713,16.5542],[82.2786,16.5545],[82.2835,16.5538],[82.2896,16.5541],[82.2999,16.5561],[82.3092,16.5609],[82.3142,16.5616],[82.3134,16.5648],[82.3103,16.5678],[82.3087,16.5649],[82.3057,16.5652],[82.2988,16.5607],[82.2972,16.5573],[82.292,16.5557],[82.2844,16.5567],[82.2842,16.5592],[82.2916,16.5598],[82.2935,16.563],[82.2887,16.5633],[82.2817,16.5619],[82.28,16.56],[82.2748,16.5593],[82.2687,16.5612],[82.2648,16.5612],[82.2647,16.5644],[82.2757,16.5706],[82.2843,16.5732],[82.2887,16.572],[82.2944,16.5808],[82.2984,16.5857],[82.2995,16.592],[82.2953,16.5984],[82.2948,16.6022],[82.2915,16.6022],[82.2849,16.6],[82.2882,16.6087],[82.2903,16.6102],[82.2871,16.6149],[82.2878,16.6172],[82.2868,16.6215],[82.2843,16.626],[82.2956,16.626],[82.297,16.6288],[82.3015,16.6282],[82.3022,16.6314],[82.3072,16.6352],[82.3087,16.6273],[82.3127,16.6294],[82.3144,16.6324],[82.3099,16.6397],[82.3104,16.6425],[82.3088,16.6524],[82.3109,16.6641],[82.3127,16.6624],[82.3129,16.6515],[82.3153,16.649],[82.3174,16.6425],[82.3199,16.6393],[82.3214,16.6316],[82.3201,16.6265],[82.3242,16.6215],[82.3256,16.6106],[82.3236,16.6041],[82.325,16.6022],[82.3226,16.5958],[82.318,16.5872],[82.3141,16.5867],[82.3175,16.581],[82.3136,16.5751],[82.3189,16.5768],[82.3209,16.5861],[82.3235,16.5908],[82.3285,16.6085],[82.3286,16.6178],[82.3243,16.6268],[82.3231,16.6318],[82.3231,16.6401],[82.317,16.6586],[82.3169,16.6607],[82.3211,16.6709],[82.3261,16.6771],[82.3333,16.6847],[82.3409,16.6913],[82.3481,16.6987],[82.3513,16.6998],[82.357,16.704],[82.3652,16.7071],[82.3604,16.7107],[82.3598,16.7068],[82.3564,16.7085],[82.3536,16.7138],[82.3507,16.7117],[82.3539,16.708],[82.3541,16.7058],[82.3491,16.7008],[82.3472,16.7],[82.3378,16.6898],[82.3354,16.6901],[82.3338,16.6978],[82.3412,16.7053],[82.3413,16.7091],[82.3391,16.7128],[82.3393,16.7161],[82.342,16.7297],[82.3429,16.7406],[82.343,16.751],[82.3443,16.751],[82.3506,16.7767],[82.3508,16.7788],[82.3574,16.8066],[82.3587,16.8153],[82.3584,16.8238],[82.3609,16.8385],[82.3629,16.8583],[82.3653,16.877],[82.365,16.8872],[82.3655,16.9029],[82.3664,16.9114],[82.3653,16.9154],[82.3653,16.9213],[82.3631,16.9358],[82.3614,16.9431],[82.3597,16.9583],[82.3556,16.9678],[82.3495,16.9769],[82.3384,16.9867],[82.3332,16.9889],[82.3281,16.9894],[82.3255,16.9858],[82.3294,16.9822],[82.3323,16.9816],[82.3359,16.9764],[82.3359,16.9741],[82.3402,16.967],[82.3488,16.9632],[82.3527,16.96],[82.3562,16.9543],[82.3577,16.95],[82.358,16.9457],[82.3629,16.9209],[82.3634,16.9064],[82.362,16.8984],[82.3632,16.8892],[82.3624,16.8863],[82.3627,16.8726],[82.3615,16.858],[82.3616,16.8544],[82.3588,16.8546],[82.3538,16.851],[82.3402,16.8543],[82.3361,16.8566],[82.3303,16.8547],[82.3276,16.8552],[82.3211,16.8532],[82.3189,16.8512],[82.3172,16.8456],[82.3142,16.8459],[82.3133,16.8504],[82.3108,16.8553],[82.3022,16.8623],[82.2943,16.865],[82.2918,16.8646],[82.2817,16.8652],[82.284,16.8692],[82.2816,16.872],[82.2741,16.8689],[82.2655,16.8703],[82.2631,16.8759],[82.2634,16.8806],[82.2617,16.883],[82.2572,16.8855],[82.2555,16.8853],[82.2505,16.8799],[82.2497,16.8901],[82.2471,16.8999],[82.2414,16.908],[82.243,16.9178],[82.2467,16.9178],[82.2643,16.9382],[82.2696,16.9402],[82.2723,16.9478],[82.2694,16.9501],[82.2686,16.9565],[82.2743,16.9701],[82.2765,16.9794],[82.2759,16.9809],[82.2797,16.9847],[82.2788,16.9876],[82.2798,16.9942],[82.2832,17.0017],[82.2883,17.016],[82.298,17.0317],[82.3038,17.0397],[82.3191,17.0574],[82.3267,17.0654],[82.3402,17.0786],[82.3554,17.0921],[82.3659,17.1026],[82.3667,17.1029],[82.3986,17.1337],[82.4149,17.149],[82.4219,17.156],[82.4431,17.1748],[82.4555,17.1851],[82.4648,17.1923],[82.4717,17.1986],[82.4822,17.2068],[82.4979,17.2181],[82.5003,17.2202],[82.5107,17.2268],[82.5212,17.2347],[82.5433,17.2497],[82.5454,17.2514],[82.5589,17.2601],[82.5665,17.2644],[82.5773,17.2714],[82.5901,17.2787],[82.5963,17.2828],[82.613,17.2915],[82.635,17.305],[82.6442,17.3098],[82.654,17.3159],[82.6802,17.3309],[82.6927,17.3378],[82.7053,17.3442],[82.7064,17.3441],[82.7264,17.3549],[82.7336,17.3578],[82.7636,17.3721],[82.7851,17.3813],[82.8002,17.3872],[82.8153,17.394],[82.8185,17.3966],[82.8247,17.4],[82.8705,17.4175],[82.8742,17.4207],[82.8775,17.4205],[82.8808,17.4239],[82.8969,17.4315],[82.9024,17.4334],[82.9091,17.4367],[82.9245,17.4424],[82.9296,17.4446],[82.9367,17.4488],[82.943,17.4517],[82.9456,17.4515],[82.9517,17.4572],[82.9675,17.4638],[82.9847,17.4704],[82.9952,17.4752],[82.9927,17.4769],[82.994,17.4801],[83,17.4841],[83.0048,17.4886],[83.0034,17.4905],[83.0046,17.4955],[83.0087,17.5002],[83.0188,17.507],[83.0394,17.5171],[83.0465,17.519],[83.0519,17.522],[83.0658,17.5257],[83.0693,17.5283],[83.0801,17.5308],[83.089,17.5339],[83.0919,17.5379],[83.1047,17.5436],[83.109,17.5448],[83.1324,17.5529],[83.142,17.5552],[83.1446,17.5565],[83.1628,17.561],[83.1699,17.5669],[83.1704,17.5712],[83.174,17.5751],[83.1855,17.5805],[83.1972,17.5843],[83.2094,17.5907],[83.2157,17.5951],[83.2154,17.598],[83.2244,17.6044],[83.2325,17.6086],[83.2338,17.6135],[83.2317,17.6193],[83.2329,17.6231],[83.2368,17.629],[83.2419,17.6346],[83.2517,17.6391],[83.2598,17.6443],[83.2613,17.6501],[83.27,17.6552],[83.2821,17.6608],[83.2832,17.6642],[83.29,17.671],[83.2943,17.6745],[83.2958,17.6795],[83.2951,17.681],[83.2973,17.6853],[83.2962,17.6929],[83.3003,17.6954],[83.3059,17.7014],[83.3177,17.71],[83.3275,17.7155],[83.3355,17.7187],[83.3434,17.7232],[83.3467,17.727],[83.3439,17.7323],[83.3445,17.7396],[83.3468,17.7433],[83.35,17.746],[83.3507,17.7508],[83.3563,17.7584],[83.3629,17.7635],[83.3735,17.7687],[83.3805,17.7745],[83.3841,17.7763],[83.3871,17.7799],[83.3853,17.782],[83.3856,17.7851],[83.3908,17.7926],[83.3962,17.7969],[83.3983,17.8001],[83.4086,17.8072],[83.4109,17.8094],[83.4113,17.8133],[83.4141,17.8175],[83.4162,17.8227],[83.4162,17.8337],[83.4122,17.836],[83.4096,17.8434],[83.4125,17.8461],[83.4168,17.8526],[83.4215,17.8578],[83.4343,17.867],[83.4439,17.873],[83.4475,17.8803],[83.4555,17.8875],[83.4564,17.8903],[83.4553,17.8963],[83.4587,17.9011],[83.4636,17.9053],[83.4693,17.9112],[83.4891,17.925],[83.4995,17.9312],[83.5132,17.9377],[83.5146,17.9411],[83.5213,17.9458],[83.5318,17.9512],[83.5327,17.9544],[83.5394,17.9587],[83.5438,17.9633],[83.5487,17.973],[83.5508,17.9758],[83.5576,17.9815],[83.5609,17.9889],[83.5589,17.9919],[83.5588,17.9966],[83.5602,17.9998],[83.5694,18.0118],[83.5801,18.0184],[83.5912,18.0264],[83.6028,18.0358],[83.6124,18.0425],[83.6308,18.053],[83.6445,18.063],[83.6484,18.0666],[83.6565,18.0715],[83.6571,18.0729],[83.6648,18.0788],[83.6752,18.085],[83.6949,18.0988],[83.7142,18.1099],[83.7206,18.1129],[83.7302,18.1187],[83.7376,18.1222],[83.7598,18.1337],[83.7678,18.1372],[83.7777,18.1423],[83.7872,18.1467],[83.7972,18.1505],[83.8053,18.154],[83.8058,18.1555],[83.7983,18.1607],[83.8002,18.1645],[83.8061,18.1575],[83.8104,18.1561],[83.8221,18.1608],[83.8377,18.1663],[83.8479,18.1703],[83.8607,18.1744],[83.8726,18.1826],[83.8765,18.1884],[83.8805,18.1916],[83.8895,18.1961],[83.9027,18.2015],[83.9172,18.2056],[83.9254,18.2075],[83.9352,18.2089],[83.9469,18.2155],[83.9524,18.2177],[83.9673,18.225],[83.9793,18.2321],[83.9972,18.2412],[84.0018,18.2449],[84.0116,18.2499],[84.0324,18.259],[84.0502,18.267],[84.0558,18.27],[84.071,18.2766],[84.074,18.2786],[84.0784,18.2838],[84.0857,18.2901],[84.0893,18.2908],[84.1004,18.2963],[84.1109,18.3022],[84.1238,18.3109],[84.1285,18.3151],[84.1285,18.325],[84.1264,18.3339],[84.1269,18.3439],[84.1307,18.3453],[84.1363,18.3558],[84.1405,18.3618],[84.1422,18.3654],[84.147,18.3729],[84.1507,18.3773],[84.1604,18.3866],[84.1758,18.4022],[84.1834,18.4095],[84.1971,18.4216],[84.201,18.4256],[84.2105,18.4339],[84.2153,18.4389],[84.226,18.4488],[84.2307,18.4543],[84.2451,18.4666],[84.2536,18.4748],[84.2623,18.4823],[84.2763,18.4935],[84.2814,18.4983],[84.2889,18.5031],[84.293,18.5064],[84.3202,18.5269],[84.3326,18.5368],[84.3366,18.5394],[84.353,18.5533],[84.3557,18.5562],[84.3575,18.5636],[84.3555,18.5667],[84.3566,18.572],[84.3647,18.5879],[84.3684,18.5931],[84.3851,18.6104],[84.4092,18.6323],[84.4315,18.6518],[84.4373,18.6573],[84.4413,18.6641],[84.4417,18.6709],[84.446,18.6805],[84.4535,18.6934],[84.4697,18.7144],[84.482,18.7275],[84.4865,18.7315],[84.4931,18.7401],[84.5052,18.7521],[84.5124,18.7585],[84.5234,18.7665],[84.53,18.7708],[84.5388,18.7783],[84.5463,18.7861],[84.5511,18.79],[84.5541,18.7963],[84.5541,18.8038],[84.556,18.8084],[84.5575,18.8169],[84.5626,18.8249],[84.5749,18.8376],[84.5764,18.8451],[84.5826,18.8599],[84.5871,18.8674],[84.5979,18.881],[84.6036,18.8897],[84.6103,18.8956],[84.613,18.8991],[84.6203,18.9057],[84.6325,18.9177],[84.6367,18.9222],[84.6649,18.9468],[84.6755,18.9572],[84.6845,18.9675],[84.695,18.982],[84.7064,18.9964],[84.7094,19.0009],[84.7116,19.0071],[84.7198,19.0157],[84.7266,19.0261],[84.7356,19.0416],[84.7615,19.0791],[84.7663,19.0781],[84.7796,19.1016],[84.7875,19.1129],[84.794,19.1215],[84.7963,19.1289],[84.8004,19.1383],[84.8039,19.1452],[84.8113,19.1575],[84.8178,19.1656],[84.8312,19.1808],[84.8378,19.1889],[84.8501,19.2025],[84.8582,19.2105],[84.8724,19.2239],[84.8812,19.2325],[84.9017,19.25],[84.9076,19.2556],[84.9154,19.2619],[84.9234,19.2702],[84.9302,19.2762],[84.9495,19.292],[84.9553,19.2956],[84.9628,19.3018],[84.9836,19.3178],[84.995,19.3249],[85.002,19.3283],[85.0106,19.334],[85.0218,19.3404],[85.0365,19.3499],[85.0573,19.3615],[85.0607,19.3638],[85.0793,19.3743],[85.0888,19.3836],[85.0933,19.3913],[85.0925,19.3958],[85.0982,19.4055],[85.1062,19.4141],[85.1144,19.4215],[85.1235,19.4284],[85.1275,19.4321],[85.1465,19.4475],[85.1653,19.4616],[85.1867,19.4761],[85.2111,19.493],[85.2217,19.5],[85.2244,19.5028],[85.2389,19.5133],[85.2855,19.5461],[85.3028,19.5576],[85.3228,19.5704],[85.3467,19.5846],[85.37,19.5969],[85.381,19.6034],[85.4051,19.6158],[85.4305,19.628],[85.4511,19.6371],[85.4629,19.6418],[85.4819,19.6499],[85.4942,19.6554],[85.4995,19.6571],[85.5249,19.6698],[85.5658,19.6905],[85.5725,19.6935],[85.5896,19.7021],[85.596,19.705],[85.6083,19.7117],[85.6242,19.7191],[85.637,19.7255],[85.6468,19.7298],[85.66,19.7351],[85.6678,19.7369],[85.6749,19.7411],[85.678,19.7439],[85.6879,19.7468],[85.7072,19.7539],[85.7123,19.7553],[85.7208,19.7587],[85.75,19.7683],[85.7822,19.7805],[85.8002,19.7867],[85.83,19.7956],[85.8442,19.7997],[85.8619,19.8051],[85.8946,19.8142],[85.9194,19.8204],[85.924,19.8222],[85.9481,19.8282],[85.9779,19.8342],[85.9884,19.8356],[86.0343,19.8446],[86.058,19.8498],[86.098,19.8616],[86.1158,19.8656],[86.13,19.8701],[86.1437,19.8735],[86.178,19.8842],[86.1938,19.8888],[86.2173,19.8972],[86.2237,19.8989],[86.2405,19.9067],[86.2523,19.9137],[86.2589,19.917],[86.2741,19.9256],[86.2921,19.9342],[86.3096,19.9413],[86.3209,19.9445],[86.3295,19.9462],[86.354,19.9469],[86.3724,19.9504],[86.3753,19.952],[86.3824,19.9529],[86.3883,19.9547],[86.3944,19.9586],[86.4078,19.9694],[86.4101,19.9719],[86.4104,19.9755],[86.3986,19.9701],[86.3943,19.9672],[86.3913,19.9637],[86.3866,19.9608],[86.3822,19.9594],[86.3789,19.9626],[86.378,19.9668],[86.3846,19.9761],[86.3896,19.9767],[86.39,19.981],[86.3935,19.9822],[86.3978,19.9853],[86.4044,19.9918],[86.4092,19.9951],[86.4115,19.9953],[86.4149,19.9993],[86.4133,20.0015],[86.4133,20.0075],[86.4162,20.0159],[86.426,20.0352],[86.433,20.0445],[86.4344,20.0475],[86.434,20.0521],[86.4366,20.0543],[86.4442,20.0632],[86.459,20.0792],[86.4724,20.0922],[86.4758,20.096],[86.4849,20.1096],[86.4908,20.1164],[86.5021,20.1358],[86.5084,20.1484],[86.5127,20.1588],[86.5204,20.1701],[86.5328,20.1816],[86.5468,20.1917],[86.5634,20.2021],[86.5773,20.2113],[86.584,20.217],[86.5956,20.2245],[86.6048,20.2292],[86.6283,20.24],[86.6364,20.2443],[86.6466,20.2488],[86.6565,20.2543],[86.6633,20.257],[86.6742,20.2599],[86.6721,20.2625],[86.6728,20.2658],[86.6712,20.2693],[86.6683,20.2702],[86.6676,20.2734],[86.6693,20.2757],[86.6755,20.2751],[86.6736,20.27],[86.6761,20.267],[86.6812,20.2711],[86.6855,20.2729],[86.6953,20.2782],[86.7034,20.282],[86.7139,20.2857],[86.7223,20.2903],[86.7447,20.3061],[86.75,20.3089],[86.75,20.3119],[86.7575,20.3172],[86.7727,20.3289],[86.7795,20.3364],[86.7825,20.3409],[86.7784,20.3444],[86.7819,20.349],[86.7981,20.364],[86.7946,20.3692],[86.7915,20.3648],[86.7826,20.3584],[86.7791,20.3593],[86.7819,20.3659],[86.7893,20.375],[86.7901,20.3665],[86.7912,20.3658],[86.7953,20.3712],[86.797,20.3766],[86.7919,20.3792],[86.7897,20.3759],[86.7875,20.3781],[86.7886,20.3807],[86.7845,20.3813],[86.7788,20.3963],[86.7768,20.4045],[86.7753,20.4052],[86.7686,20.3987],[86.762,20.3937],[86.7579,20.3876],[86.7546,20.3841],[86.751,20.3849],[86.7512,20.3877],[86.745,20.3885],[86.7443,20.3913],[86.7376,20.3899],[86.7407,20.394],[86.7414,20.3967],[86.7386,20.4006],[86.7292,20.3935],[86.7246,20.3949],[86.7276,20.3991],[86.7336,20.4148],[86.7333,20.4222],[86.7286,20.4407],[86.7322,20.4575],[86.7349,20.4651],[86.7382,20.4673],[86.7419,20.4661],[86.7456,20.468],[86.7479,20.4731],[86.7498,20.4797],[86.7555,20.4931],[86.7594,20.5004],[86.7658,20.5037],[86.7699,20.5128],[86.7753,20.5208],[86.785,20.5302],[86.7955,20.5381],[86.8084,20.5461],[86.8217,20.5565],[86.8408,20.5703],[86.8548,20.5797],[86.8611,20.5854],[86.8764,20.596],[86.907,20.6164],[86.9099,20.6176],[86.9219,20.626],[86.9285,20.6284],[86.9443,20.6388],[86.9541,20.6457],[86.9605,20.6508],[86.9698,20.6567],[86.9757,20.6597],[86.9984,20.6741],[87.0019,20.6774],[87.0125,20.6845],[87.018,20.6889],[87.0258,20.6931],[87.0324,20.7001],[87.0503,20.7107],[87.0534,20.7123],[87.0552,20.7159],[87.0468,20.7123],[87.0346,20.7047],[87.0294,20.7041],[87.0261,20.7019],[87.0202,20.7001],[87.0146,20.7009],[87.0106,20.6993],[87,20.6978],[87,20.7038],[86.9965,20.7122],[87,20.7147],[87.002,20.7183],[87.0052,20.73],[87.0056,20.7346],[87.0017,20.7431],[86.9975,20.7507],[86.9949,20.7608],[86.9944,20.766],[86.9921,20.7705],[86.9766,20.7719],[86.9736,20.7714],[86.9642,20.7673],[86.9598,20.7668],[86.9442,20.7665],[86.942,20.773],[86.9492,20.7735],[86.9502,20.7764],[86.9613,20.7834],[86.9645,20.7866],[86.9674,20.7914],[86.9688,20.7991],[86.974,20.8101],[86.9764,20.8183],[86.9776,20.8278],[86.9796,20.8389],[86.9813,20.8456],[86.9812,20.8552],[86.9804,20.8582],[86.9743,20.8657],[86.9668,20.873],[86.9622,20.8842],[86.9587,20.8901],[86.9485,20.9049],[86.9448,20.9137],[86.9418,20.9171],[86.9338,20.9322],[86.9321,20.9376],[86.9292,20.9411],[86.9272,20.946],[86.9184,20.9595],[86.9164,20.9645],[86.9101,20.9763],[86.9063,20.9849],[86.9042,20.9913],[86.901,20.997],[86.9007,20.9999],[86.8938,21.0133],[86.8912,21.016],[86.8788,21.0331],[86.8699,21.0464],[86.8675,21.051],[86.8609,21.0676],[86.8508,21.0874],[86.8479,21.0955],[86.8418,21.1248],[86.8408,21.1407],[86.8415,21.1453],[86.8419,21.1613],[86.8415,21.1751],[86.8422,21.1808],[86.8456,21.1891],[86.8524,21.1987],[86.8563,21.2056],[86.8548,21.2105],[86.8454,21.2054],[86.8421,21.2042],[86.8376,21.2048],[86.8324,21.2081],[86.8335,21.2139],[86.8314,21.2145],[86.834,21.219],[86.836,21.2203],[86.8405,21.2267],[86.8542,21.2526],[86.8559,21.2579],[86.8587,21.2611],[86.869,21.2771],[86.8823,21.2935],[86.8857,21.2989],[86.8901,21.3076],[86.8909,21.313],[86.8942,21.3163],[86.8975,21.3161],[86.9099,21.3283],[86.9137,21.3338],[86.9136,21.3383],[86.92,21.3409],[86.9241,21.3449],[86.9401,21.3646],[86.9542,21.3816],[86.9729,21.4001],[86.9798,21.4075],[86.9793,21.4098],[86.9832,21.4109],[86.9939,21.4186],[87.0284,21.4421],[87.0375,21.4496],[87.0496,21.4588],[87.0556,21.4652],[87.0563,21.469],[87.0705,21.4712],[87.0743,21.4714],[87.0772,21.4747],[87.0975,21.4931],[87.1047,21.4986],[87.1079,21.5],[87.1126,21.5052],[87.1155,21.5112],[87.1152,21.5134],[87.1194,21.515],[87.1251,21.5126],[87.1318,21.513],[87.1353,21.5157],[87.1461,21.5223],[87.1561,21.5274],[87.1694,21.5331],[87.1935,21.5413],[87.1963,21.5413],[87.2034,21.5476],[87.2061,21.5453],[87.22,21.5482],[87.2321,21.5499],[87.2415,21.5517],[87.2426,21.554],[87.2476,21.5549],[87.2544,21.5536],[87.2751,21.555],[87.2803,21.5557],[87.2892,21.5555],[87.3021,21.5561],[87.308,21.5559],[87.3313,21.5562],[87.3506,21.5551],[87.3588,21.5537],[87.362,21.5545],[87.369,21.5532],[87.3729,21.5552],[87.3739,21.5581],[87.3784,21.5639],[87.3789,21.5678],[87.3807,21.5697],[87.3851,21.5691],[87.3895,21.5714],[87.3965,21.5733],[87.3986,21.5777],[87.411,21.5833],[87.4105,21.5857],[87.4184,21.5886],[87.4248,21.5919],[87.4327,21.593],[87.4488,21.6005],[87.4583,21.6027],[87.4653,21.6055],[87.4729,21.6068],[87.4879,21.6125],[87.5053,21.6183],[87.5155,21.6213],[87.5273,21.6236],[87.5302,21.6252],[87.5452,21.6297],[87.5513,21.6321],[87.5527,21.6368],[87.5583,21.6346],[87.5625,21.6343],[87.5731,21.636],[87.586,21.6391],[87.6058,21.6433],[87.6143,21.6441],[87.632,21.6478],[87.6343,21.6496],[87.6372,21.6556],[87.6405,21.6548],[87.6415,21.652],[87.6466,21.6491],[87.6514,21.6485],[87.6657,21.6508],[87.674,21.6525],[87.6848,21.6558],[87.7001,21.6615],[87.7085,21.6639],[87.7185,21.6678],[87.7307,21.674],[87.7371,21.6782],[87.7333,21.6796],[87.7446,21.6854],[87.7482,21.6907],[87.748,21.6934],[87.7451,21.6956],[87.747,21.6998],[87.7497,21.7],[87.7555,21.6982],[87.7588,21.699],[87.7678,21.6947],[87.7734,21.6939],[87.7855,21.6942],[87.796,21.6982],[87.8051,21.7034],[87.8114,21.7084],[87.8147,21.7145],[87.8149,21.7179],[87.8182,21.7215],[87.8268,21.7277],[87.834,21.7351],[87.837,21.7364],[87.8467,21.7429],[87.8611,21.7538],[87.8666,21.7668],[87.8702,21.7694],[87.8722,21.7724],[87.877,21.7748],[87.8837,21.7825],[87.8855,21.7902],[87.8833,21.7933],[87.8924,21.7956],[87.9088,21.8022],[87.9088,21.8035],[87.9159,21.8056],[87.9205,21.8092],[87.9355,21.8192],[87.9406,21.8235],[87.9467,21.8298],[87.9492,21.8357],[87.9534,21.8372],[87.9559,21.8421],[87.9612,21.8482],[87.9681,21.8548],[87.9706,21.8627],[87.9755,21.8659],[87.9862,21.8827],[87.9938,21.8914],[87.9972,21.8965],[88.0014,21.9055],[88.012,21.9209],[88.0137,21.9325],[88.0153,21.9376],[88.0205,21.9479],[88.0214,21.9515],[88.0249,21.9586],[88.0257,21.9619],[88.0286,21.9652],[88.0321,21.9714],[88.036,21.9822],[88.0454,21.9955],[88.0496,22.0008],[88.0523,22.0066],[88.0499,22.0128],[88.0557,22.0202],[88.0626,22.0134],[88.0662,22.0144],[88.0733,22.0181],[88.0863,22.0234],[88.1027,22.035],[88.1161,22.043],[88.1258,22.0498],[88.134,22.0542],[88.1388,22.0555],[88.1537,22.0636],[88.1593,22.0685],[88.1663,22.0758],[88.1717,22.0801],[88.1834,22.0945],[88.1855,22.0982],[88.1894,22.1081],[88.1905,22.1142],[88.1895,22.1171],[88.1812,22.1257],[88.176,22.1335],[88.1726,22.1374],[88.1705,22.1427],[88.1614,22.1508],[88.151,22.1637],[88.1452,22.1717],[88.141,22.1791],[88.1367,22.1842],[88.132,22.1864],[88.1292,22.1858],[88.1117,22.1893],[88.1034,22.1922],[88.101,22.1906],[88.0951,22.191],[88.0912,22.1867],[88.0878,22.1856],[88.0829,22.1869],[88.075,22.1869],[88.0667,22.1888],[88.0617,22.1927],[88.0541,22.1997],[88.0515,22.2034],[88.0445,22.2066],[88.0317,22.2089],[88.0284,22.2065],[88.027,22.2019],[88.0234,22.1997],[88.0189,22.1994],[88.0118,22.2008],[88.0067,22.2026],[87.9978,22.2084],[87.9921,22.2222],[87.9919,22.2245],[87.9864,22.2289],[87.978,22.2334],[87.9752,22.2334],[87.9762,22.2237],[87.9813,22.219],[87.9839,22.2184],[87.9832,22.2142],[87.9771,22.2208],[87.9734,22.2228],[87.9723,22.229],[87.9725,22.2357],[87.968,22.2404],[87.9583,22.2449],[87.9529,22.2508],[87.9476,22.2548],[87.9469,22.257],[87.9491,22.261],[87.9559,22.2697],[87.958,22.268],[87.9684,22.2647],[87.9681,22.26],[87.9699,22.2562],[87.9767,22.2492],[87.9814,22.2424],[87.9865,22.2383],[87.9961,22.2383],[88.0001,22.243],[88.0046,22.2409],[88.0072,22.2382],[88.0062,22.2342],[88.0082,22.2313],[88.0206,22.219],[88.0241,22.2168],[88.0379,22.2137],[88.0516,22.2119],[88.0611,22.2076],[88.0695,22.2188],[88.0767,22.2265],[88.083,22.2364],[88.0839,22.243],[88.0829,22.2514],[88.0831,22.2564],[88.0881,22.2533],[88.0887,22.25],[88.0877,22.2424],[88.0844,22.2337],[88.0701,22.2156],[88.0693,22.2119],[88.0728,22.2095],[88.085,22.2087],[88.0878,22.2078],[88.0975,22.2089],[88.1004,22.21],[88.1168,22.2094],[88.125,22.2065],[88.1318,22.2021],[88.1395,22.2017],[88.1564,22.1986],[88.1634,22.1988],[88.1718,22.1952],[88.1771,22.1938],[88.1827,22.191],[88.1861,22.1877],[88.188,22.188],[88.1895,22.1838],[88.1969,22.1741],[88.2051,22.1648],[88.205,22.1629],[88.2094,22.151],[88.2112,22.1375],[88.2107,22.1347],[88.2123,22.127],[88.2162,22.1225],[88.2169,22.112],[88.2192,22.1085],[88.2222,22.0998],[88.2244,22.0899],[88.2242,22.0771],[88.2224,22.0675],[88.2161,22.0519],[88.2147,22.0386],[88.2106,22.028],[88.2018,22.0148],[88.1981,22.0079],[88.1926,22.0008],[88.1837,21.9918],[88.178,21.9871],[88.1691,21.9758],[88.1551,21.9659],[88.1526,21.9634],[88.1497,21.9577],[88.1509,21.9539],[88.1634,21.9405],[88.1669,21.9363],[88.1709,21.9293],[88.1715,21.9232],[88.1734,21.9147],[88.1695,21.901],[88.1646,21.893],[88.1632,21.8864],[88.1638,21.883],[88.1676,21.8785],[88.1743,21.869],[88.1754,21.8646],[88.1775,21.8616],[88.183,21.8562],[88.1861,21.8548],[88.1927,21.8467],[88.1946,21.8456],[88.1974,21.8406],[88.1921,21.8312],[88.1955,21.8237],[88.1977,21.8227],[88.2019,21.8178],[88.2005,21.812],[88.202,21.8075],[88.204,21.806],[88.2066,21.7969],[88.2116,21.7898],[88.2153,21.778],[88.214,21.7688],[88.215,21.7634],[88.2143,21.7407],[88.2115,21.7285],[88.2121,21.7204],[88.2152,21.7142],[88.2196,21.7076],[88.2204,21.7019],[88.2189,21.6981],[88.2146,21.6944],[88.2099,21.6922],[88.2038,21.6914],[88.1992,21.6897],[88.2003,21.6813],[88.2059,21.6754],[88.2152,21.6745],[88.2246,21.676],[88.2279,21.6749],[88.2317,21.6711],[88.2335,21.6674],[88.2315,21.6581],[88.232,21.6554],[88.2357,21.6502],[88.2371,21.6438],[88.2334,21.6341],[88.2289,21.6296],[88.2211,21.6239],[88.2185,21.6159],[88.2223,21.6119],[88.2259,21.6102],[88.2309,21.6094],[88.2363,21.605],[88.2359,21.602],[88.2429,21.5926],[88.2456,21.5869],[88.2435,21.5834],[88.2434,21.5783],[88.238,21.5777],[88.2427,21.57],[88.2441,21.5663],[88.2498,21.5606],[88.2532,21.5586],[88.2654,21.5566],[88.2765,21.5567],[88.2844,21.559],[88.2935,21.563],[88.299,21.5688],[88.3002,21.571],[88.3046,21.5738],[88.3102,21.581],[88.3096,21.5827],[88.3014,21.5877],[88.2965,21.5926],[88.2949,21.5959],[88.2894,21.5961],[88.286,21.5976],[88.2844,21.6007],[88.2867,21.6044],[88.286,21.6076],[88.2869,21.6175],[88.2888,21.62],[88.2879,21.6242],[88.2897,21.6266],[88.2923,21.635],[88.2951,21.6389],[88.2976,21.6445],[88.3026,21.6606],[88.3038,21.6699],[88.3012,21.6824],[88.2968,21.6868],[88.2942,21.692],[88.2893,21.6964],[88.2819,21.7062],[88.2817,21.7097],[88.2781,21.7175],[88.2758,21.7262],[88.2754,21.7324],[88.2789,21.7498],[88.2793,21.7572],[88.2772,21.7594],[88.2817,21.7623],[88.2795,21.7657],[88.2818,21.7688],[88.2865,21.7837],[88.283,21.7895],[88.2868,21.7917],[88.2883,21.789],[88.2937,21.786],[88.3,21.7814],[88.2991,21.7771],[88.3013,21.7723],[88.3031,21.764],[88.3056,21.7483],[88.3088,21.7371],[88.3093,21.731],[88.3063,21.721],[88.3071,21.7151],[88.3137,21.7104],[88.3208,21.7087],[88.3262,21.7095],[88.3272,21.7118],[88.3249,21.7191],[88.3254,21.7246],[88.3273,21.7265],[88.3311,21.7251],[88.3317,21.7182],[88.3333,21.7145],[88.3357,21.7139],[88.3382,21.7168],[88.3443,21.721],[88.344,21.7243],[88.3409,21.7349],[88.3397,21.7412],[88.3398,21.7504],[88.3386,21.7514],[88.3401,21.7574],[88.3427,21.7611],[88.3466,21.7634],[88.3553,21.7669],[88.3746,21.7681],[88.3762,21.7814],[88.3794,21.7876],[88.3899,21.7927],[88.4041,21.8001],[88.4112,21.8052],[88.4152,21.8097],[88.4195,21.8129],[88.4234,21.8133],[88.4275,21.8096],[88.4282,21.8032],[88.4305,21.8004],[88.4452,21.803],[88.4557,21.7937],[88.4592,21.7919],[88.4601,21.7961],[88.4541,21.8001],[88.4486,21.8059],[88.4474,21.813],[88.4491,21.8175],[88.4565,21.8243],[88.4587,21.8241],[88.4658,21.8272],[88.4689,21.8344],[88.4733,21.8375],[88.4782,21.8385],[88.4842,21.8383],[88.4879,21.8404],[88.4889,21.8473],[88.488,21.8548],[88.4819,21.8747],[88.4783,21.881],[88.4765,21.8881],[88.48,21.8887],[88.4867,21.8845],[88.4922,21.8825],[88.496,21.8826],[88.4964,21.8771],[88.5011,21.8738],[88.5009,21.8717],[88.51,21.8653],[88.519,21.8597],[88.5229,21.8543],[88.5264,21.8524],[88.5375,21.8567],[88.5394,21.8615],[88.5377,21.8672],[88.5392,21.8733],[88.5455,21.8776],[88.5475,21.8807],[88.5461,21.8931],[88.5407,21.8964],[88.539,21.8991],[88.541,21.9074],[88.5528,21.9018],[88.5602,21.8989],[88.5637,21.8986],[88.5686,21.9032],[88.5674,21.9075],[88.5606,21.9129],[88.5531,21.9149],[88.5482,21.9221],[88.5481,21.9302],[88.549,21.9332],[88.5486,21.9381],[88.5425,21.9485],[88.541,21.9614],[88.5412,21.966],[88.544,21.973],[88.5529,21.9753],[88.5568,21.974],[88.5597,21.9713],[88.5657,21.9626],[88.5687,21.9599],[88.5739,21.9611],[88.5753,21.9633],[88.5741,21.9779],[88.5789,21.9844],[88.5851,21.9906],[88.5885,21.9908],[88.5948,21.9887],[88.5991,21.9916],[88.6021,21.9967],[88.609,22.0039],[88.6176,22.0089],[88.6235,22.0115],[88.6317,22.0117],[88.6267,22.0056],[88.6187,21.9986],[88.6169,21.9934],[88.6264,21.9909],[88.6319,21.9883],[88.628,21.9656],[88.6279,21.9589],[88.6307,21.9544],[88.6346,21.9511],[88.6382,21.9494],[88.6439,21.9524],[88.649,21.9535],[88.6568,21.9537],[88.6616,21.9524],[88.6723,21.9475],[88.6786,21.9431],[88.6807,21.9438],[88.6896,21.9497],[88.6907,21.9557],[88.6935,21.9557],[88.6943,21.9588],[88.6942,21.966],[88.6896,21.9702],[88.6907,21.9721],[88.6942,21.9707],[88.6962,21.9757],[88.6994,21.9794],[88.7027,21.9868],[88.7102,21.996],[88.7165,22],[88.7255,22.0027],[88.7333,22.0067],[88.7515,22.0062],[88.7519,22.0009],[88.7504,21.9976],[88.7435,21.9918],[88.7408,21.988],[88.7255,21.9795],[88.7239,21.9665],[88.7229,21.9419],[88.7227,21.9322],[88.7166,21.9207],[88.7159,21.9036],[88.7133,21.8899],[88.7054,21.8727],[88.6989,21.8591],[88.6976,21.8496],[88.696,21.8426],[88.6993,21.8365],[88.7031,21.8254],[88.7077,21.8136],[88.7111,21.8069],[88.7123,21.7998],[88.7113,21.787],[88.7048,21.7717],[88.6996,21.7615],[88.6946,21.7534],[88.6938,21.7453],[88.6979,21.7341],[88.7049,21.7183],[88.7091,21.6968],[88.7114,21.6896],[88.7176,21.6835],[88.7279,21.6772],[88.7401,21.6663],[88.7448,21.6608],[88.75,21.6582],[88.7571,21.6627],[88.7703,21.6657],[88.7768,21.6639],[88.7836,21.6601],[88.7922,21.6562],[88.7964,21.6559],[88.8036,21.6593],[88.8079,21.6627],[88.807,21.6758],[88.8085,21.684],[88.8099,21.7045],[88.8069,21.7067],[88.7993,21.7063],[88.791,21.7034],[88.7765,21.696],[88.7687,21.6937],[88.7638,21.6943],[88.7595,21.697],[88.7565,21.703],[88.7576,21.7087],[88.7604,21.7129],[88.7666,21.7171],[88.7731,21.7189],[88.7776,21.7213],[88.7759,21.7254],[88.773,21.7265],[88.766,21.7268],[88.7576,21.7285],[88.7524,21.7333],[88.7508,21.7378],[88.7532,21.752],[88.7595,21.7604],[88.7577,21.7626],[88.7535,21.7631],[88.7483,21.7662],[88.7455,21.7732],[88.7504,21.7784],[88.7574,21.7825],[88.7641,21.7896],[88.7668,21.7987],[88.7702,21.8054],[88.7748,21.8103],[88.774,21.8168],[88.7764,21.8164],[88.7777,21.8105],[88.7765,21.8076],[88.7717,21.8019],[88.7688,21.7922],[88.7657,21.7864],[88.7577,21.779],[88.7566,21.777],[88.7509,21.7721],[88.7512,21.7695],[88.7622,21.7675],[88.7653,21.7662],[88.7672,21.7633],[88.7653,21.7592],[88.7585,21.7536],[88.7551,21.7445],[88.7555,21.7367],[88.7568,21.7347],[88.7734,21.7334],[88.777,21.7324],[88.7814,21.7353],[88.7886,21.7376],[88.7841,21.7398],[88.7835,21.7414],[88.7893,21.7491],[88.7897,21.7453],[88.7861,21.7429],[88.7874,21.7406],[88.7915,21.7401],[88.7935,21.736],[88.7846,21.7337],[88.7809,21.732],[88.7844,21.7234],[88.7839,21.7191],[88.7807,21.7144],[88.7729,21.7097],[88.7653,21.7064],[88.7627,21.7044],[88.7643,21.7004],[88.7708,21.7013],[88.7858,21.7119],[88.7943,21.7156],[88.803,21.7175],[88.8093,21.7158],[88.8146,21.7107],[88.8184,21.7048],[88.8194,21.7007],[88.8174,21.6932],[88.8174,21.6872],[88.8198,21.6815],[88.8222,21.6735],[88.8224,21.667],[88.82,21.6579],[88.8108,21.644],[88.805,21.6388],[88.8045,21.6372],[88.8082,21.6322],[88.8125,21.6293],[88.8173,21.6273],[88.8248,21.6273],[88.8281,21.6242],[88.8456,21.6191],[88.8465,21.6234],[88.845,21.6273],[88.8497,21.6317],[88.8541,21.6335],[88.8615,21.6409],[88.8608,21.6447],[88.8574,21.6532],[88.85,21.6662],[88.8432,21.6825],[88.8404,21.6993],[88.8412,21.7169],[88.8451,21.7303],[88.8521,21.7441],[88.8631,21.7548],[88.8647,21.7614],[88.8637,21.7636],[88.8481,21.7643],[88.8374,21.7661],[88.8326,21.7662],[88.8245,21.7744],[88.8215,21.7814],[88.8215,21.7882],[88.8224,21.7943],[88.8266,21.8023],[88.8308,21.8081],[88.8291,21.8126],[88.826,21.8174],[88.8222,21.826],[88.8201,21.8378],[88.8236,21.8465],[88.8278,21.8553],[88.8325,21.867],[88.8382,21.8767],[88.84,21.8821],[88.8398,21.8864],[88.8334,21.8964],[88.8276,21.9001],[88.8204,21.9013],[88.8133,21.9038],[88.8053,21.9127],[88.799,21.9221],[88.7999,21.9268],[88.8043,21.9327],[88.8057,21.9381],[88.8094,21.9407],[88.8161,21.9418],[88.8239,21.9411],[88.8308,21.9374],[88.8371,21.9311],[88.8421,21.9248],[88.8516,21.9215],[88.8582,21.9204],[88.8677,21.9238],[88.8754,21.9243],[88.882,21.9241],[88.8867,21.9217],[88.8929,21.9237],[88.897,21.9241],[88.9044,21.9279],[88.9064,21.9322],[88.9063,21.9428],[88.9056,21.9496],[88.9077,21.9584],[88.9081,21.9715],[88.9052,21.9747],[88.9031,21.9808],[88.9016,21.9969],[88.9025,22.0039],[88.9081,22.0097],[88.9151,22.0085],[88.912,21.9954],[88.916,21.9817],[88.9178,21.9809],[88.9222,21.9831],[88.9311,21.9889],[88.9339,21.9927],[88.9306,22.0005],[88.9357,22.0118],[88.9382,22.0119],[88.9431,22.0029],[88.9446,21.9952],[88.9448,21.9896],[88.9415,21.9806],[88.9373,21.9752],[88.9269,21.9679],[88.9248,21.9648],[88.9251,21.9614],[88.9287,21.9505],[88.9282,21.9482],[88.9297,21.9437],[88.9382,21.9342],[88.9455,21.9293],[88.953,21.9272],[88.9646,21.9251],[88.967,21.9226],[88.9743,21.919],[88.9837,21.9136],[88.9937,21.9068],[88.9999,21.9046],[89.0119,21.9031],[89.0125,21.91],[89.0162,21.9142],[89.019,21.9208],[89.0157,21.9283],[89.0071,21.9372],[89.0027,21.9395],[88.9974,21.9408],[88.992,21.9437],[88.9899,21.946],[88.9883,21.9516],[88.9903,21.959],[88.9945,21.9653],[89.0077,21.9748],[89.01,21.9789],[89.0076,21.9822],[89.0053,21.9828],[89.0014,21.9802],[88.9926,21.9725],[88.9895,21.9714],[88.9853,21.9732],[88.9839,21.976],[88.9845,21.9842],[88.9832,21.9852],[88.9752,21.9867],[88.9702,21.9885],[88.9688,21.9928],[88.9838,21.9891],[88.989,21.9834],[88.9883,21.9744],[88.9906,21.9753],[88.9989,21.9845],[89.0003,21.9877],[89.0065,21.9908],[89.0137,21.9965],[89.0155,21.995],[89.009,21.9899],[89.0036,21.9873],[89.0118,21.9843],[89.0143,21.98],[89.0124,21.973],[89.0068,21.9669],[89.0026,21.9634],[88.9965,21.956],[88.9974,21.9502],[89.0024,21.9454],[89.0098,21.9429],[89.0157,21.9395],[89.022,21.9335],[89.0278,21.9289],[89.0351,21.927],[89.0513,21.93],[89.0642,21.9304],[89.068,21.9316],[89.0695,21.9339],[89.0727,21.9444],[89.0763,21.9594],[89.0767,21.9668],[89.0797,21.984],[89.0787,21.9948],[89.0776,21.9999],[89.0772,22.0064],[89.075,22.0146],[89.0727,22.0193],[89.0553,22.0404],[89.0516,22.0486],[89.0478,22.0531],[89.0433,22.0617],[89.0399,22.0763],[89.0378,22.0923],[89.0383,22.0969],[89.0416,22.1056],[89.0454,22.1106],[89.0508,22.1162],[89.0559,22.1195],[89.0597,22.1202],[89.0656,22.1238],[89.0788,22.1345],[89.0901,22.14],[89.0948,22.1428],[89.098,22.1475],[89.0982,22.1547],[89.0957,22.1573],[89.0912,22.1582],[89.0878,22.1565],[89.0794,22.1472],[89.0737,22.1452],[89.0711,22.1473],[89.069,22.1515],[89.0642,22.1644],[89.0643,22.1738],[89.07,22.1823],[89.0722,22.1871],[89.0728,22.1929],[89.0716,22.1969],[89.063,22.2068],[89.0475,22.2204],[89.0409,22.2276],[89.037,22.2345],[89.0356,22.2486],[89.0342,22.2583],[89.0303,22.2601],[89.0195,22.2544],[89.0166,22.2536],[89.0127,22.2552],[89.0129,22.2586],[89.0202,22.2661],[89.0197,22.2697],[89.0098,22.2749],[88.9957,22.2853],[88.9946,22.2901],[88.9961,22.295],[89,22.2972],[89.0078,22.2984],[89.0121,22.2974],[89.0193,22.2946],[89.0244,22.296],[89.0239,22.2993],[89.0162,22.3066],[89.0113,22.3145],[89.0004,22.3243],[88.9973,22.3246],[88.9893,22.3225],[88.9845,22.3267],[88.9859,22.3387],[88.9888,22.3481],[88.986,22.3576],[88.9893,22.3643],[88.9888,22.3664],[88.9835,22.3714],[88.9823,22.3735],[88.9836,22.377],[88.9873,22.3811],[88.9907,22.3836],[88.9942,22.3879],[88.99,22.3935],[88.9797,22.4006],[88.9741,22.4059],[88.9719,22.4099],[88.9741,22.4123],[88.9841,22.4183],[88.9887,22.4241],[88.9982,22.4283],[89.0001,22.431],[88.998,22.4345],[88.9912,22.4404],[88.9885,22.4451],[88.9888,22.4472],[88.9941,22.4553],[88.994,22.4587],[88.996,22.466],[88.9958,22.47],[88.9927,22.4735],[88.981,22.4825],[88.9747,22.4962],[88.9733,22.5007],[88.9731,22.5096],[88.9714,22.5201],[88.9699,22.5245],[88.9679,22.5346],[88.9663,22.5392],[88.9604,22.5509],[88.9557,22.5534],[88.9477,22.5544],[88.9415,22.5591],[88.9405,22.5662],[88.9415,22.5748],[88.9385,22.588],[88.9389,22.5922],[88.9408,22.5945],[88.9553,22.605],[88.9591,22.61],[88.9601,22.6166],[88.9562,22.6188],[88.9415,22.6182],[88.9349,22.6212],[88.933,22.6261],[88.9319,22.6389],[88.9272,22.6492],[88.9333,22.652],[88.9351,22.6548],[88.9356,22.659],[88.9389,22.6604],[88.9414,22.6595],[88.9449,22.6623],[88.9482,22.6744],[88.9479,22.6776],[88.9556,22.686],[88.9589,22.6852],[88.9615,22.6889],[88.9624,22.695],[88.9579,22.6999],[88.9561,22.704],[88.9512,22.707],[88.9471,22.7073],[88.928,22.7181],[88.9252,22.7279],[88.9187,22.7306],[88.9159,22.7357],[88.9159,22.7397],[88.918,22.7475],[88.9211,22.7502],[88.9203,22.7539],[88.9167,22.7553],[88.9124,22.7546],[88.911,22.7577],[88.9161,22.7679],[88.9188,22.7708],[88.9258,22.7699],[88.9267,22.7743],[88.9246,22.7754],[88.9239,22.7796],[88.9294,22.7802],[88.929,22.7832],[88.9357,22.7819],[88.9359,22.7909],[88.9387,22.792],[88.9418,22.7902],[88.944,22.791],[88.9496,22.7973],[88.9583,22.7966],[88.9596,22.802],[88.9584,22.8036],[88.9599,22.8071],[88.9554,22.8088],[88.9555,22.8118],[88.961,22.8156],[88.9635,22.8207],[88.9641,22.8292],[88.9678,22.8392],[88.9687,22.8439],[88.9673,22.8468],[88.9613,22.8546],[88.9582,22.8566],[88.9576,22.8623],[88.9529,22.8649],[88.9537,22.8671],[88.9515,22.8719],[88.9497,22.8731],[88.9495,22.8773],[88.9454,22.8807],[88.942,22.88],[88.9399,22.8748],[88.9334,22.8743],[88.9305,22.8728],[88.9271,22.8731],[88.9246,22.8755],[88.9231,22.8797],[88.9162,22.8775],[88.9157,22.8801],[88.9111,22.8794],[88.9089,22.885],[88.9054,22.8858],[88.9051,22.8898],[88.9064,22.8926],[88.9046,22.8957],[88.8979,22.8979],[88.8997,22.9003],[88.901,22.9061],[88.8965,22.9109],[88.8968,22.9141],[88.9055,22.9146],[88.9084,22.9189],[88.9064,22.9217],[88.8956,22.926],[88.891,22.9272],[88.8868,22.934],[88.8925,22.9375],[88.8925,22.9445],[88.8943,22.952],[88.893,22.9526],[88.8801,22.9541],[88.8768,22.9493],[88.8748,22.9481],[88.8693,22.9514],[88.8628,22.9462],[88.8608,22.943],[88.8585,22.947],[88.8551,22.9579],[88.8556,22.9638],[88.8587,22.9713],[88.8658,22.9743],[88.871,22.9786],[88.8659,22.9838],[88.8639,22.9929],[88.8654,22.9993],[88.8642,23.0014],[88.8596,23.0027],[88.8518,23.0021],[88.8456,23.0077],[88.8466,23.011],[88.8535,23.0073],[88.8581,23.0064],[88.8686,23.0058],[88.8772,23.0032],[88.8793,23.0051],[88.8788,23.01],[88.8744,23.0101],[88.8745,23.0141],[88.872,23.0168],[88.8724,23.0189],[88.8799,23.0257],[88.881,23.0292],[88.8801,23.0319],[88.8837,23.0374],[88.8841,23.0404],[88.8805,23.0409],[88.8749,23.0445],[88.8743,23.0515],[88.8751,23.0616],[88.8742,23.0658],[88.8697,23.0676],[88.8678,23.0696],[88.8653,23.0774],[88.8662,23.0861],[88.8703,23.086],[88.8746,23.0898],[88.8735,23.0956],[88.8691,23.0973],[88.8694,23.1007],[88.8752,23.1024],[88.88,23.1048],[88.8835,23.1109],[88.8914,23.1077],[88.8981,23.1122],[88.8999,23.1119],[88.9019,23.1175],[88.904,23.1187],[88.9059,23.1251],[88.9102,23.1275],[88.9103,23.1297],[88.9179,23.1291],[88.9188,23.131],[88.9202,23.1412],[88.9233,23.1451],[88.9271,23.1434],[88.9308,23.1432],[88.9323,23.1561],[88.9311,23.16],[88.934,23.1618],[88.9327,23.1654],[88.9353,23.1721],[88.9378,23.1726],[88.9391,23.1768],[88.9442,23.1762],[88.9462,23.1806],[88.9562,23.1819],[88.9578,23.1832],[88.9582,23.189],[88.9623,23.1931],[88.9679,23.1934],[88.9744,23.1928],[88.9758,23.1888],[88.9761,23.1819],[88.9791,23.1825],[88.9783,23.1885],[88.9804,23.1933],[88.987,23.2031],[88.9864,23.2074],[88.9794,23.2114],[88.9826,23.2152],[88.9897,23.2156],[88.985,23.2204],[88.9759,23.2244],[88.9732,23.2224],[88.9669,23.2197],[88.9642,23.2172],[88.9641,23.2147],[88.9528,23.2104],[88.9465,23.2064],[88.9405,23.2067],[88.9293,23.2122],[88.9294,23.2161],[88.9252,23.2178],[88.921,23.216],[88.9176,23.2126],[88.914,23.2142],[88.9157,23.2175],[88.9167,23.2227],[88.9149,23.2237],[88.915,23.2288],[88.9121,23.2312],[88.9122,23.2339],[88.9069,23.236],[88.904,23.2357],[88.8997,23.2318],[88.8979,23.2328],[88.8925,23.2323],[88.8909,23.2309],[88.8868,23.2313],[88.8847,23.2296],[88.8811,23.2304],[88.8747,23.2342],[88.8668,23.2333],[88.8592,23.2349],[88.8514,23.2339],[88.8501,23.2304],[88.8449,23.2305],[88.8441,23.2335],[88.8407,23.2356],[88.8374,23.2431],[88.8336,23.2394],[88.8255,23.2333],[88.8226,23.2358],[88.8244,23.2399],[88.8288,23.2449],[88.8137,23.252],[88.8098,23.2546],[88.8093,23.2489],[88.8059,23.2379],[88.807,23.2308],[88.8092,23.2285],[88.8085,23.2249],[88.8114,23.2215],[88.8058,23.2188],[88.7915,23.2197],[88.7884,23.2218],[88.7788,23.2211],[88.7773,23.2239],[88.7744,23.2244],[88.7744,23.2289],[88.7761,23.2363],[88.7736,23.2414],[88.7713,23.2414],[88.7674,23.2457],[88.7597,23.2458],[88.7591,23.2418],[88.7519,23.2402],[88.7469,23.2442],[88.7313,23.2492],[88.727,23.2523],[88.719,23.2547],[88.7213,23.2641],[88.7244,23.2715],[88.7227,23.2734],[88.7144,23.2753],[88.7114,23.2782],[88.7118,23.2859],[88.7104,23.2885],[88.7065,23.2915],[88.6983,23.2913],[88.6971,23.2934],[88.6963,23.3017],[88.6985,23.3045],[88.7065,23.31],[88.7085,23.3125],[88.7126,23.3107],[88.7074,23.3082],[88.7062,23.3051],[88.708,23.3036],[88.7138,23.306],[88.7194,23.3039],[88.7188,23.2986],[88.7209,23.2975],[88.7266,23.2995],[88.7274,23.3029],[88.7267,23.3084],[88.727,23.3142],[88.7249,23.3183],[88.7316,23.3189],[88.7287,23.3132],[88.7318,23.308],[88.737,23.3053],[88.7424,23.3055],[88.7453,23.3078],[88.7461,23.3151],[88.7497,23.3211],[88.746,23.324],[88.7449,23.3268],[88.7415,23.3281],[88.7356,23.3274],[88.7327,23.3281],[88.7349,23.3333],[88.735,23.3373],[88.7388,23.3425],[88.7369,23.3461],[88.7332,23.347],[88.732,23.352],[88.7343,23.3533],[88.7436,23.3488],[88.7465,23.3506],[88.7439,23.3537],[88.7464,23.3563],[88.7479,23.3621],[88.7533,23.3616],[88.756,23.36],[88.7596,23.3606],[88.7632,23.3644],[88.7656,23.3688],[88.7621,23.3732],[88.7585,23.3741],[88.7592,23.3806],[88.7614,23.3844],[88.7569,23.3862],[88.7526,23.3913],[88.7544,23.3951],[88.7503,23.3964],[88.749,23.3984],[88.751,23.4027],[88.7533,23.4021],[88.7608,23.4075],[88.7585,23.4131],[88.7546,23.4142],[88.7565,23.4227],[88.7602,23.4242],[88.7596,23.4286],[88.7625,23.4367],[88.7619,23.4384],[88.765,23.4485],[88.7687,23.4484],[88.7703,23.4463],[88.7786,23.4431],[88.7839,23.4395],[88.7848,23.4442],[88.7933,23.4441],[88.7938,23.4468],[88.7906,23.4488],[88.7917,23.4544],[88.7895,23.4591],[88.7928,23.461],[88.7892,23.4643],[88.7873,23.4691],[88.7929,23.4774],[88.7941,23.481],[88.7998,23.4833],[88.7963,23.4865],[88.7993,23.4917],[88.798,23.4955],[88.7998,23.4984],[88.792,23.5028],[88.7898,23.5017],[88.7875,23.4977],[88.7833,23.499],[88.7839,23.5023],[88.7733,23.4986],[88.7713,23.4965],[88.7682,23.4901],[88.775,23.4824],[88.7749,23.4798],[88.7698,23.4799],[88.7667,23.482],[88.7632,23.4888],[88.7605,23.4899],[88.7571,23.4879],[88.7572,23.4852],[88.7617,23.4802],[88.7581,23.478],[88.7518,23.4799],[88.7463,23.4829],[88.7433,23.4823],[88.7417,23.4881],[88.7319,23.4959],[88.7304,23.5037],[88.7251,23.5118],[88.7234,23.513],[88.7188,23.5119],[88.7159,23.5089],[88.7123,23.5098],[88.7057,23.5173],[88.7001,23.5156],[88.6958,23.5173],[88.6965,23.524],[88.695,23.5257],[88.6915,23.5254],[88.6917,23.5307],[88.6859,23.5323],[88.6862,23.5378],[88.678,23.5461],[88.6737,23.5488],[88.6672,23.5458],[88.6601,23.5491],[88.6602,23.5528],[88.6539,23.5578],[88.655,23.5624],[88.6526,23.5678],[88.6506,23.5763],[88.6484,23.581],[88.6506,23.5854],[88.6452,23.589],[88.6441,23.5915],[88.6388,23.5907],[88.6392,23.5968],[88.6438,23.604],[88.6431,23.6086],[88.6382,23.6107],[88.6371,23.6067],[88.6332,23.6092],[88.6301,23.6091],[88.6277,23.6065],[88.6249,23.6069],[88.6216,23.6048],[88.621,23.6026],[88.6156,23.6023],[88.6138,23.6034],[88.6092,23.6005],[88.6048,23.6004],[88.6072,23.6045],[88.6015,23.6069],[88.5968,23.6053],[88.5972,23.6019],[88.5901,23.6034],[88.587,23.6026],[88.583,23.6039],[88.5805,23.6031],[88.5813,23.6099],[88.5878,23.6155],[88.5938,23.617],[88.5927,23.6204],[88.5927,23.6346],[88.5938,23.6408],[88.5893,23.641],[88.5862,23.6391],[88.5756,23.6388],[88.5719,23.6363],[88.5622,23.6371],[88.5627,23.6464],[88.5585,23.6493],[88.5616,23.6536],[88.5627,23.6576],[88.5663,23.6568],[88.5696,23.66],[88.5694,23.6661],[88.5738,23.6669],[88.5722,23.6737],[88.5748,23.677],[88.5729,23.6851],[88.5675,23.6862],[88.5687,23.6893],[88.5676,23.6939],[88.5677,23.7023],[88.5659,23.7058],[88.5647,23.7131],[88.5678,23.7148],[88.5673,23.7191],[88.5689,23.7203],[88.5683,23.7257],[88.5694,23.7282],[88.5731,23.7289],[88.5737,23.733],[88.5717,23.7345],[88.5721,23.7394],[88.5737,23.7425],[88.5716,23.7465],[88.5741,23.7496],[88.5749,23.7527],[88.5779,23.7576],[88.5804,23.7579],[88.5804,23.7673],[88.5792,23.7695],[88.5796,23.7747],[88.5716,23.7751],[88.565,23.7773],[88.5598,23.7809],[88.5593,23.786],[88.5713,23.783],[88.5781,23.7866],[88.5827,23.7911],[88.5809,23.7961],[88.5826,23.7975],[88.588,23.7966],[88.5923,23.7982],[88.5924,23.8045],[88.5936,23.8062],[88.5876,23.8105],[88.5967,23.8113],[88.6015,23.8149],[88.6021,23.8178],[88.5997,23.8218],[88.5881,23.828],[88.5865,23.8312],[88.5872,23.8439],[88.5884,23.8479],[88.5916,23.8518],[88.5867,23.8551],[88.5822,23.8541],[88.5785,23.8515],[88.5764,23.855],[88.578,23.8577],[88.5756,23.8616],[88.5825,23.8625],[88.5847,23.8662],[88.5838,23.8684],[88.5875,23.8715],[88.5912,23.8696],[88.5991,23.8695],[88.6048,23.8641],[88.6085,23.8625],[88.61,23.8661],[88.6088,23.8724],[88.6132,23.8755],[88.621,23.8766],[88.6248,23.8751],[88.6253,23.8716],[88.624,23.8679],[88.6267,23.8649],[88.6323,23.8665],[88.6377,23.8712],[88.6424,23.8692],[88.6497,23.8684],[88.6537,23.8668],[88.6613,23.8705],[88.666,23.8702],[88.6666,23.8726],[88.6634,23.8781],[88.6643,23.8824],[88.6675,23.8835],[88.6746,23.8838],[88.6814,23.8875],[88.684,23.8898],[88.6884,23.9015],[88.7002,23.8993],[88.7024,23.9035],[88.6996,23.9083],[88.7009,23.9123],[88.7047,23.9126],[88.7069,23.9159],[88.713,23.9125],[88.7152,23.9158],[88.7229,23.9163],[88.7261,23.9129],[88.7354,23.9146],[88.7329,23.9227],[88.7356,23.9229],[88.7342,23.9283],[88.7372,23.929],[88.7349,23.9329],[88.7417,23.9339],[88.74,23.9383],[88.7388,23.9495],[88.7375,23.9534],[88.7325,23.9611],[88.7357,23.9634],[88.7369,23.9691],[88.7363,23.9791],[88.7404,23.9843],[88.7456,23.9853],[88.7546,23.9846],[88.7638,23.9817],[88.7687,23.9815],[88.7681,23.9866],[88.7654,23.9905],[88.7624,23.9968],[88.763,23.9994],[88.7612,24.0056],[88.7526,24.0066],[88.7464,24.0045],[88.745,24.0055],[88.7411,24.0025],[88.7378,23.9968],[88.7345,23.9949],[88.7304,23.9951],[88.7285,23.9988],[88.7305,24.0038],[88.7316,24.0119],[88.7347,24.0175],[88.7454,24.0203],[88.749,24.0222],[88.7539,24.0267],[88.7576,24.0314],[88.7568,24.0329],[88.749,24.0326],[88.7422,24.0333],[88.7418,24.0352],[88.7255,24.041],[88.7241,24.0428],[88.7246,24.0477],[88.7345,24.0477],[88.7422,24.05],[88.7416,24.0571],[88.7382,24.0618],[88.7336,24.0662],[88.7278,24.0641],[88.7235,24.0687],[88.7237,24.073],[88.7208,24.0745],[88.7146,24.0811],[88.7067,24.0872],[88.7003,24.0943],[88.7014,24.104],[88.7008,24.1081],[88.6981,24.1104],[88.6932,24.1112],[88.6975,24.1205],[88.701,24.1217],[88.7047,24.1194],[88.7085,24.12],[88.7465,24.1471],[88.7434,24.1521],[88.7403,24.1633],[88.7335,24.169],[88.7316,24.1716],[88.7315,24.1775],[88.7335,24.1932],[88.7342,24.2065],[88.7353,24.2115],[88.7345,24.2222],[88.7361,24.2285],[88.7391,24.2469],[88.741,24.2539],[88.7378,24.261],[88.7382,24.2655],[88.7354,24.2765],[88.7293,24.2898],[88.7248,24.2978],[88.7143,24.3045],[88.7062,24.3117],[88.6966,24.3154],[88.6814,24.3159],[88.67,24.3144],[88.659,24.3144],[88.6525,24.305],[88.6498,24.3056],[88.6489,24.3109],[88.6343,24.3069],[88.6329,24.308],[88.6285,24.3051],[88.6236,24.3157],[88.6151,24.3147],[88.6067,24.3151],[88.6061,24.3103],[88.6033,24.3101],[88.5877,24.3145],[88.5872,24.3241],[88.5677,24.3267],[88.5654,24.3199],[88.5631,24.3164],[88.5551,24.2933],[88.5416,24.3177],[88.5271,24.3444],[88.5186,24.3424],[88.5079,24.3425],[88.496,24.3544],[88.4888,24.3552],[88.4837,24.357],[88.4685,24.3648],[88.4518,24.3756],[88.4464,24.3786],[88.4303,24.3837],[88.4249,24.3832],[88.4197,24.3814],[88.4123,24.3768],[88.3949,24.3727],[88.3893,24.3719],[88.3801,24.3743],[88.3666,24.373],[88.3556,24.3739],[88.3453,24.3765],[88.3357,24.3805],[88.3283,24.3849],[88.3258,24.3877],[88.3179,24.3946],[88.3155,24.3958],[88.3109,24.4014],[88.3027,24.4072],[88.2942,24.414],[88.2849,24.4222],[88.2814,24.4297],[88.2755,24.4378],[88.2633,24.446],[88.2589,24.4472],[88.249,24.4482],[88.2372,24.4529],[88.2275,24.4555],[88.2146,24.4568],[88.2044,24.4594],[88.1984,24.4625],[88.1913,24.4685],[88.19,24.4742],[88.185,24.4815],[88.1757,24.4904],[88.1735,24.493],[88.1667,24.4979],[88.1583,24.5021],[88.1537,24.5037],[88.1495,24.5038],[88.1471,24.5069],[88.1408,24.5112],[88.1303,24.5234],[88.1243,24.5285],[88.1201,24.5336],[88.1145,24.5377],[88.1092,24.5434],[88.1056,24.5462],[88.0969,24.5565],[88.0895,24.5669],[88.0879,24.572],[88.0828,24.5817],[88.0711,24.5979],[88.0692,24.6033],[88.062,24.6134],[88.057,24.6188],[88.0523,24.6251],[88.0395,24.6448],[88.0279,24.6498],[88.0237,24.6554],[88.0088,24.6678],[88.0137,24.6746],[88.0395,24.7019],[88.052,24.7124],[88.0559,24.7146],[88.0628,24.7216],[88.0663,24.7286],[88.0688,24.7367],[88.0725,24.7436],[88.0658,24.7507],[88.0688,24.7531],[88.0745,24.7607],[88.0689,24.7637],[88.0711,24.7678],[88.0683,24.7692],[88.0725,24.773],[88.0779,24.7691],[88.089,24.7829],[88.0947,24.7805],[88.1061,24.7796],[88.1063,24.7869],[88.105,24.7984],[88.1106,24.8122],[88.1146,24.8165],[88.1235,24.8231],[88.1246,24.8193],[88.1308,24.8049],[88.1363,24.8053],[88.134,24.8162],[88.1341,24.8299],[88.1347,24.834],[88.1396,24.836],[88.1413,24.8418],[88.1449,24.8435],[88.1446,24.8497],[88.1515,24.8496],[88.1551,24.8504],[88.164,24.8499],[88.1622,24.858],[88.1659,24.8598],[88.1755,24.8618],[88.1659,24.8634],[88.1594,24.872],[88.1595,24.8735],[88.1637,24.878],[88.1611,24.8804],[88.1554,24.8816],[88.1527,24.8844],[88.1571,24.8918],[88.1607,24.889],[88.1665,24.8898],[88.1695,24.8919],[88.162,24.8973],[88.1552,24.8988],[88.1555,24.9018],[88.1535,24.9067],[88.1468,24.9127],[88.1404,24.914],[88.1389,24.9213],[88.138,24.9362],[88.1455,24.9367],[88.146,24.9344],[88.1498,24.9325],[88.1575,24.9335],[88.1593,24.9396],[88.1643,24.942],[88.165,24.9462],[88.1688,24.9476],[88.1702,24.9504],[88.175,24.9487],[88.1755,24.9462],[88.1836,24.9539],[88.1867,24.9517],[88.1902,24.9522],[88.1989,24.9565],[88.2072,24.9582],[88.2248,24.96],[88.2303,24.957],[88.2319,24.9526],[88.2365,24.9465],[88.2408,24.9425],[88.2498,24.9356],[88.2536,24.9312],[88.2605,24.9192],[88.2644,24.9059],[88.2645,24.8981],[88.2624,24.8888],[88.2596,24.8826],[88.2583,24.8776],[88.2669,24.8783],[88.2674,24.8873],[88.2705,24.8937],[88.2736,24.8968],[88.2777,24.8969],[88.2758,24.8918],[88.2781,24.8881],[88.2814,24.8908],[88.2832,24.8891],[88.294,24.8893],[88.2971,24.8862],[88.3013,24.8861],[88.3007,24.8822],[88.2985,24.8824],[88.3013,24.8733],[88.3053,24.8725],[88.3075,24.8775],[88.3098,24.8777],[88.3171,24.883],[88.3211,24.8835],[88.3221,24.8789],[88.3209,24.8761],[88.3265,24.8705],[88.3306,24.8701],[88.3353,24.8748],[88.3341,24.8774],[88.3376,24.8785],[88.3429,24.8844],[88.3432,24.8873],[88.347,24.8924],[88.344,24.8995],[88.3407,24.9],[88.3328,24.8971],[88.3346,24.9006],[88.3341,24.9048],[88.3277,24.9043],[88.3263,24.9113],[88.3243,24.9167],[88.3302,24.92],[88.3334,24.9184],[88.3349,24.9212],[88.3346,24.927],[88.3371,24.9291],[88.3395,24.9341],[88.3409,24.9406],[88.3443,24.9426],[88.3511,24.9446],[88.3553,24.9442],[88.3592,24.9507],[88.364,24.9533],[88.3653,24.9464],[88.3693,24.9456],[88.371,24.9425],[88.3774,24.943],[88.3811,24.9393],[88.3874,24.9395],[88.3873,24.9423],[88.3942,24.9415],[88.3988,24.9453],[88.3992,24.9478],[88.4019,24.9506],[88.399,24.9551],[88.3972,24.9605],[88.3938,24.9602],[88.3932,24.9631],[88.3952,24.9691],[88.3992,24.9731],[88.4035,24.9735],[88.4051,24.9797],[88.41,24.9767],[88.4108,24.9735],[88.4172,24.9742],[88.4163,24.9802],[88.4123,24.9823],[88.4124,24.9898],[88.4145,24.9945],[88.4136,24.9969],[88.4182,24.9984],[88.4221,25.0069],[88.4254,25.0065],[88.4303,25.0081],[88.4343,25.0054],[88.4364,25.0064],[88.4367,25.0112],[88.4394,25.0133],[88.4415,25.02],[88.4413,25.023],[88.4452,25.0269],[88.4443,25.03],[88.4457,25.0332],[88.4504,25.0338],[88.4525,25.0366],[88.4509,25.0393],[88.4471,25.0417],[88.4378,25.0431],[88.4357,25.0494],[88.4354,25.0551],[88.4423,25.0626],[88.4423,25.0659],[88.4457,25.0709],[88.4511,25.0752],[88.4529,25.0793],[88.4481,25.0802],[88.4463,25.0832],[88.4472,25.0878],[88.4469,25.0926],[88.4441,25.0997],[88.4478,25.1092],[88.4455,25.1133],[88.4421,25.115],[88.4424,25.119],[88.4414,25.1275],[88.4475,25.1281],[88.4587,25.1356],[88.4569,25.1387],[88.4605,25.1408],[88.458,25.1483],[88.4613,25.1493],[88.4596,25.1524],[88.457,25.1531],[88.4595,25.1591],[88.4573,25.1605],[88.4565,25.1647],[88.4528,25.1638],[88.4491,25.1716],[88.4425,25.1736],[88.4419,25.1753],[88.4454,25.1801],[88.4418,25.1846],[88.4421,25.1901],[88.4437,25.1973],[88.4469,25.1966],[88.4565,25.1966],[88.4634,25.195],[88.4691,25.1978],[88.4697,25.2],[88.4745,25.2082],[88.4755,25.2134],[88.48,25.2114],[88.4875,25.2116],[88.4889,25.2108],[88.4971,25.2105],[88.4998,25.2098],[88.4998,25.2035],[88.5096,25.2031],[88.5123,25.2039],[88.5155,25.2018],[88.5293,25.1988],[88.5378,25.1978],[88.5352,25.195],[88.5333,25.1887],[88.5367,25.1874],[88.5408,25.189],[88.542,25.1939],[88.5467,25.1934],[88.5482,25.1948],[88.56,25.1909],[88.5598,25.1843],[88.5558,25.179],[88.5593,25.1764],[88.5639,25.1752],[88.5708,25.1758],[88.5717,25.1769],[88.5796,25.1768],[88.5817,25.1822],[88.587,25.1822],[88.5917,25.187],[88.5904,25.1928],[88.5961,25.1912],[88.6012,25.1931],[88.6103,25.198],[88.613,25.2041],[88.6178,25.2035],[88.6195,25.2052],[88.6263,25.2042],[88.6272,25.2023],[88.631,25.2017],[88.6429,25.2063],[88.6446,25.2051],[88.6597,25.2024],[88.6642,25.2028],[88.6677,25.1983],[88.6727,25.1983],[88.6801,25.2089],[88.6873,25.2092],[88.6891,25.2078],[88.705,25.2078],[88.7134,25.2068],[88.7169,25.2038],[88.7172,25.2018],[88.7236,25.2022],[88.7245,25.1987],[88.729,25.1998],[88.7332,25.1984],[88.7337,25.1917],[88.7354,25.1891],[88.7346,25.1846],[88.7427,25.185],[88.7493,25.1812],[88.7494,25.1772],[88.7524,25.1768],[88.7592,25.1857],[88.767,25.1831],[88.7694,25.1898],[88.7725,25.1892],[88.7742,25.1853],[88.7737,25.1794],[88.7862,25.1756],[88.793,25.1726],[88.799,25.1709],[88.8059,25.1705],[88.8059,25.1734],[88.8134,25.1743],[88.8148,25.1849],[88.8208,25.1885],[88.8228,25.191],[88.8258,25.1909],[88.8284,25.1976],[88.8289,25.2015],[88.8315,25.2065],[88.8368,25.2062],[88.8383,25.2108],[88.8461,25.2108],[88.8489,25.2099],[88.8497,25.2017],[88.8548,25.1998],[88.8585,25.2023],[88.8649,25.2006],[88.8652,25.1958],[88.8642,25.1901],[88.869,25.1911],[88.8726,25.1895],[88.8754,25.1852],[88.8753,25.1793],[88.8901,25.1786],[88.8895,25.1847],[88.8938,25.183],[88.899,25.1824],[88.8997,25.1804],[88.9065,25.1787],[88.9096,25.1797],[88.9127,25.1779],[88.9124,25.168],[88.9184,25.1673],[88.9231,25.1649],[88.9243,25.1715],[88.9322,25.1806],[88.9343,25.1814],[88.9388,25.1788],[88.9433,25.1735],[88.9459,25.1767],[88.9482,25.177],[88.9496,25.1812],[88.9445,25.183],[88.9472,25.1882],[88.9463,25.194],[88.9413,25.1929],[88.9379,25.1935],[88.9341,25.2003],[88.9373,25.2028],[88.9361,25.206],[88.9368,25.2098],[88.9413,25.2102],[88.9444,25.2061],[88.9481,25.2069],[88.9542,25.2066],[88.9579,25.2091],[88.961,25.2081],[88.958,25.2153],[88.9578,25.2231],[88.9524,25.2293],[88.9517,25.2322],[88.9544,25.2371],[88.9506,25.2439],[88.9521,25.2474],[88.9553,25.251],[88.9563,25.2551],[88.959,25.2544],[88.968,25.2578],[88.9708,25.2604],[88.9746,25.2601],[88.9759,25.264],[88.9798,25.2636],[88.9814,25.2671],[88.9839,25.2683],[88.9867,25.2741],[88.9924,25.2737],[88.9932,25.271],[88.9969,25.2691],[89.0056,25.2687],[89.0094,25.2974],[89.009,25.303],[89.0062,25.3023],[89.0013,25.2959],[88.9926,25.2962],[88.9899,25.2993],[88.9873,25.2991],[88.9854,25.3021],[88.9828,25.3029],[88.9825,25.3059],[88.9759,25.3062],[88.9747,25.3016],[88.971,25.301],[88.9656,25.3028],[88.9644,25.3052],[88.9605,25.3059],[88.9604,25.3014],[88.9576,25.3007],[88.9498,25.3037],[88.9446,25.3013],[88.9392,25.3007],[88.9342,25.3039],[88.9295,25.3041],[88.929,25.3124],[88.928,25.3152],[88.9248,25.3149],[88.924,25.312],[88.9155,25.312],[88.9065,25.3268],[88.907,25.3326],[88.9063,25.3377],[88.8984,25.3371],[88.8877,25.3371],[88.8858,25.333],[88.8885,25.3261],[88.8851,25.3256],[88.8764,25.3332],[88.8753,25.3368],[88.8731,25.3372],[88.8669,25.3426],[88.8683,25.344],[88.8679,25.3482],[88.8689,25.3522],[88.8638,25.3517],[88.8626,25.3551],[88.8561,25.3545],[88.8545,25.3632],[88.8457,25.3621],[88.8402,25.3638],[88.8401,25.3681],[88.8378,25.368],[88.8385,25.3814],[88.8371,25.3908],[88.8413,25.3934],[88.8409,25.3976],[88.838,25.3973],[88.8372,25.4018],[88.8248,25.4012],[88.8238,25.4017],[88.8232,25.4095],[88.8124,25.4104],[88.8198,25.4154],[88.8265,25.4156],[88.83,25.4169],[88.8309,25.4212],[88.8299,25.4276],[88.8345,25.4274],[88.833,25.436],[88.8269,25.4375],[88.8262,25.4445],[88.827,25.4463],[88.8347,25.4523],[88.8379,25.4533],[88.8392,25.4591],[88.8354,25.4629],[88.8375,25.4697],[88.8372,25.4732],[88.8336,25.4785],[88.8333,25.4822],[88.8297,25.4903],[88.8164,25.4881],[88.8133,25.489],[88.8106,25.4979],[88.8096,25.4988],[88.8095,25.5067],[88.8106,25.5084],[88.8079,25.5157],[88.8106,25.5201],[88.8099,25.5232],[88.8029,25.5242],[88.7924,25.5227],[88.7925,25.5209],[88.7856,25.5187],[88.7864,25.5164],[88.7803,25.5152],[88.7761,25.5164],[88.7762,25.5186],[88.7716,25.5197],[88.7678,25.5218],[88.7673,25.5252],[88.7587,25.5252],[88.7604,25.5221],[88.7609,25.515],[88.7595,25.5107],[88.7652,25.5045],[88.7706,25.5017],[88.7687,25.4985],[88.7649,25.4952],[88.7601,25.4928],[88.7537,25.4941],[88.7494,25.4939],[88.746,25.492],[88.7448,25.4892],[88.7406,25.4897],[88.7428,25.4989],[88.7421,25.505],[88.7265,25.5033],[88.7215,25.5015],[88.7212,25.4997],[88.7144,25.4994],[88.7075,25.4999],[88.7092,25.4967],[88.7084,25.4916],[88.7103,25.4814],[88.7065,25.4798],[88.7075,25.477],[88.7004,25.4759],[88.6996,25.4712],[88.6946,25.4741],[88.6845,25.4756],[88.6785,25.474],[88.6693,25.4747],[88.663,25.4736],[88.662,25.4795],[88.6606,25.4814],[88.6525,25.481],[88.6464,25.4797],[88.6441,25.4908],[88.6484,25.4931],[88.6479,25.4968],[88.6411,25.4998],[88.6297,25.4985],[88.6225,25.497],[88.6197,25.5038],[88.6156,25.5053],[88.613,25.5099],[88.6093,25.5114],[88.6091,25.5163],[88.603,25.516],[88.5998,25.5098],[88.5953,25.5062],[88.5909,25.5094],[88.5884,25.5074],[88.5858,25.5097],[88.5788,25.5099],[88.5777,25.5083],[88.5729,25.5088],[88.5678,25.5112],[88.5683,25.5139],[88.5615,25.5128],[88.5531,25.5153],[88.5549,25.5209],[88.5519,25.5207],[88.5485,25.5171],[88.5462,25.5095],[88.54,25.5083],[88.5412,25.5115],[88.5395,25.5157],[88.5404,25.5195],[88.5374,25.521],[88.5406,25.5301],[88.5394,25.5347],[88.5353,25.5336],[88.5332,25.5355],[88.5331,25.5421],[88.5277,25.5433],[88.5256,25.5376],[88.5235,25.5352],[88.5187,25.5383],[88.5197,25.5446],[88.5138,25.5475],[88.5116,25.5454],[88.5046,25.5495],[88.5003,25.5508],[88.4982,25.5559],[88.499,25.5587],[88.4947,25.5587],[88.4934,25.5623],[88.4975,25.5712],[88.499,25.5731],[88.4999,25.5839],[88.4915,25.5845],[88.4838,25.5863],[88.4803,25.5853],[88.4719,25.5852],[88.4683,25.584],[88.4687,25.5878],[88.4658,25.5918],[88.4594,25.5935],[88.456,25.5985],[88.4447,25.5965],[88.4452,25.6007],[88.4487,25.6033],[88.448,25.6095],[88.4452,25.6157],[88.4481,25.6183],[88.4476,25.6202],[88.4498,25.625],[88.4537,25.6274],[88.4554,25.6334],[88.4549,25.635],[88.4565,25.6409],[88.4543,25.6449],[88.4557,25.6533],[88.4539,25.657],[88.4543,25.6639],[88.4435,25.6658],[88.4385,25.6679],[88.4297,25.6686],[88.4244,25.6704],[88.4204,25.6703],[88.4183,25.6679],[88.414,25.67],[88.4088,25.6706],[88.4017,25.6726],[88.4052,25.6842],[88.4018,25.686],[88.3902,25.684],[88.3892,25.6876],[88.3915,25.6935],[88.3852,25.6944],[88.381,25.6975],[88.3732,25.6978],[88.3706,25.7012],[88.3721,25.7078],[88.3755,25.7148],[88.3658,25.7172],[88.3648,25.7197],[88.3568,25.7213],[88.3589,25.7272],[88.3515,25.7282],[88.3506,25.73],[88.3444,25.7294],[88.341,25.7348],[88.3379,25.735],[88.3376,25.7376],[88.3281,25.7401],[88.3251,25.7374],[88.3209,25.7375],[88.3208,25.7452],[88.3151,25.7465],[88.3172,25.7525],[88.3139,25.7548],[88.2991,25.7609],[88.2988,25.7646],[88.2891,25.7678],[88.2908,25.7738],[88.2801,25.7754],[88.2789,25.7741],[88.2737,25.779],[88.2665,25.7824],[88.2698,25.7846],[88.2719,25.7906],[88.2708,25.8055],[88.2698,25.8079],[88.2597,25.8138],[88.2587,25.8112],[88.2491,25.8121],[88.2469,25.806],[88.2446,25.8093],[88.2363,25.8094],[88.2334,25.8043],[88.2302,25.8022],[88.2317,25.7999],[88.231,25.7967],[88.2285,25.7966],[88.2265,25.7995],[88.2226,25.797],[88.2179,25.8002],[88.2148,25.7999],[88.2116,25.7972],[88.2092,25.7872],[88.1995,25.79],[88.199,25.795],[88.1943,25.7981],[88.1898,25.8025],[88.1823,25.8002],[88.1795,25.7953],[88.1755,25.7931],[88.1731,25.7866],[88.1654,25.7892],[88.16,25.7872],[88.1583,25.7852],[88.1591,25.7819],[88.1549,25.777],[88.1505,25.7756],[88.1471,25.7763],[88.1452,25.7795],[88.1417,25.7802],[88.1448,25.7876],[88.1443,25.7936],[88.1311,25.798],[88.1278,25.798],[88.125,25.7962],[88.1156,25.7983],[88.1154,25.8034],[88.1201,25.8124],[88.1129,25.8156],[88.108,25.8168],[88.1116,25.8217],[88.1063,25.8238],[88.102,25.8279],[88.1021,25.8316],[88.1055,25.8325],[88.1084,25.8383],[88.1073,25.8403],[88.1027,25.8409],[88.1022,25.8453],[88.1082,25.8463],[88.1139,25.8544],[88.1098,25.8604],[88.1109,25.8659],[88.1094,25.869],[88.1056,25.8677],[88.1054,25.864],[88.1014,25.8633],[88.1023,25.8709],[88.1004,25.873],[88.097,25.8713],[88.0939,25.8743],[88.0966,25.8777],[88.0981,25.8828],[88.1005,25.8847],[88.103,25.8892],[88.0992,25.894],[88.0943,25.8944],[88.0904,25.8964],[88.0914,25.9007],[88.0912,25.9065],[88.0944,25.9084],[88.0918,25.9125],[88.0874,25.9131],[88.0859,25.9152],[88.091,25.9264],[88.0939,25.9306],[88.0976,25.9336],[88.1015,25.9349],[88.1112,25.9331],[88.1108,25.9355],[88.1129,25.9394],[88.1126,25.9435],[88.1179,25.9438],[88.1225,25.9497],[88.1179,25.9559],[88.114,25.9583],[88.1157,25.9631],[88.1186,25.9626],[88.1243,25.9661],[88.12,25.9694],[88.1196,25.9724],[88.1214,25.9746],[88.1279,25.9766],[88.129,25.9803],[88.1265,25.9809],[88.1281,25.9845],[88.1319,25.9898],[88.1296,25.9913],[88.1297,25.9969],[88.1356,26.0004],[88.1402,25.997],[88.1437,26.0004],[88.1447,26.0031],[88.1441,26.0076],[88.1397,26.0129],[88.1422,26.0145],[88.1472,26.0136],[88.1504,26.0185],[88.1549,26.02],[88.1618,26.0183],[88.1669,26.0217],[88.1783,26.0214],[88.1832,26.0268],[88.1807,26.0308],[88.1763,26.0309],[88.1718,26.0328],[88.1712,26.0365],[88.1749,26.0387],[88.1745,26.0418],[88.1701,26.0443],[88.1711,26.0486],[88.1745,26.0499],[88.1776,26.0489],[88.1776,26.0539],[88.1761,26.0581],[88.1802,26.0582],[88.1857,26.0647],[88.1817,26.067],[88.1836,26.0722],[88.182,26.0737],[88.1736,26.0756],[88.1689,26.0806],[88.1661,26.0817],[88.1627,26.0769],[88.1593,26.078],[88.1587,26.0821],[88.1614,26.0849],[88.1649,26.0859],[88.1585,26.0953],[88.1593,26.0981],[88.1635,26.101],[88.1628,26.1054],[88.1652,26.1088],[88.172,26.1102],[88.1734,26.1127],[88.1735,26.1192],[88.1777,26.1221],[88.1776,26.126],[88.174,26.1278],[88.174,26.1302],[88.1776,26.1329],[88.1797,26.1401],[88.1767,26.1425],[88.1772,26.148],[88.1814,26.1495],[88.1835,26.1531],[88.1905,26.1553],[88.1943,26.1519],[88.1959,26.1547],[88.1916,26.1571],[88.1962,26.1596],[88.1961,26.1629],[88.1985,26.1636],[88.2008,26.1595],[88.2061,26.1594],[88.2113,26.1607],[88.2159,26.163],[88.2166,26.1652],[88.2117,26.1675],[88.2149,26.1702],[88.2173,26.1699],[88.2181,26.1665],[88.2229,26.1661],[88.2235,26.1689],[88.228,26.1736],[88.2299,26.1718],[88.2334,26.1736],[88.2335,26.1762],[88.237,26.1787],[88.2335,26.181],[88.2385,26.1853],[88.2435,26.1873],[88.2472,26.1904],[88.2535,26.1884],[88.2571,26.1888],[88.2593,26.1865],[88.2626,26.1887],[88.2693,26.1865],[88.2713,26.1883],[88.2764,26.1886],[88.2792,26.1943],[88.2837,26.1947],[88.2835,26.1984],[88.2916,26.2022],[88.2925,26.1982],[88.2955,26.1997],[88.3003,26.1979],[88.3013,26.202],[88.3051,26.2012],[88.3078,26.2039],[88.3138,26.203],[88.3172,26.2048],[88.3244,26.2046],[88.3231,26.2102],[88.3302,26.2126],[88.3334,26.2159],[88.3478,26.2217],[88.3503,26.2202],[88.3526,26.2258],[88.3512,26.2305],[88.3561,26.2327],[88.3566,26.2359],[88.3544,26.2383],[88.3587,26.24],[88.3596,26.2426],[88.3551,26.2452],[88.3513,26.2456],[88.3486,26.2503],[88.3483,26.2548],[88.3501,26.2564],[88.3502,26.2616],[88.3519,26.2664],[88.3481,26.2688],[88.3503,26.2719],[88.3506,26.276],[88.3496,26.2822],[88.3525,26.2824],[88.3538,26.2872],[88.359,26.2881],[88.3602,26.2912],[88.3639,26.2942],[88.3629,26.2973],[88.3653,26.3002],[88.3683,26.2994],[88.369,26.3029],[88.372,26.3059],[88.3749,26.3043],[88.3786,26.3055],[88.3792,26.3091],[88.383,26.3103],[88.3847,26.3133],[88.3889,26.3149],[88.3948,26.3149],[88.3983,26.317],[88.41,26.3165],[88.4149,26.3148],[88.4164,26.3206],[88.4156,26.3243],[88.4103,26.323],[88.407,26.3236],[88.4079,26.3277],[88.4044,26.3298],[88.4083,26.3319],[88.4129,26.3375],[88.4181,26.3359],[88.4246,26.3351],[88.4266,26.3363],[88.4346,26.3351],[88.4368,26.3376],[88.4364,26.3401],[88.4385,26.343],[88.4381,26.3468],[88.4423,26.3526],[88.444,26.3601],[88.4467,26.3635],[88.451,26.3661],[88.4517,26.3704],[88.4589,26.3726],[88.4597,26.3675],[88.4574,26.3665],[88.4586,26.3621],[88.4624,26.3608],[88.4636,26.3574],[88.4682,26.3586],[88.4718,26.3565],[88.4742,26.3579],[88.4778,26.3572],[88.4773,26.3539],[88.4803,26.3507],[88.4885,26.3488],[88.4919,26.3514],[88.4884,26.3603],[88.5019,26.3597],[88.5057,26.3636],[88.508,26.3598],[88.5055,26.3563],[88.5058,26.3507],[88.5093,26.3526],[88.5157,26.3525],[88.5185,26.3516],[88.518,26.3568],[88.5234,26.3608],[88.5154,26.3639],[88.5165,26.3662],[88.5212,26.3665],[88.5221,26.3702],[88.5245,26.3734],[88.5219,26.3745],[88.5172,26.3706],[88.5128,26.3778],[88.5156,26.3852],[88.5145,26.3874],[88.5102,26.3907],[88.5098,26.3935],[88.505,26.3991],[88.5093,26.4005],[88.5106,26.4043],[88.5067,26.4069],[88.5053,26.4044],[88.502,26.4032],[88.5009,26.4071],[88.4954,26.4102],[88.4997,26.4135],[88.5015,26.4182],[88.4962,26.417],[88.494,26.4187],[88.4944,26.4227],[88.4983,26.4242],[88.4966,26.4276],[88.4907,26.4286],[88.4898,26.4319],[88.4945,26.4323],[88.4962,26.4371],[88.4917,26.4397],[88.4906,26.4441],[88.4864,26.4463],[88.4865,26.4506],[88.4807,26.4506],[88.4788,26.4535],[88.4838,26.4561],[88.4852,26.4603],[88.4736,26.4626],[88.4636,26.4658],[88.4568,26.4667],[88.4374,26.4659],[88.4344,26.467],[88.4326,26.4724],[88.4228,26.4727],[88.423,26.4698],[88.4205,26.4657],[88.4187,26.4693],[88.4127,26.4722],[88.4086,26.4771],[88.4087,26.4795],[88.405,26.4806],[88.4056,26.4851],[88.4025,26.4859],[88.3994,26.4817],[88.3942,26.481],[88.3888,26.4783],[88.3863,26.4829],[88.3791,26.4836],[88.3757,26.4852],[88.3745,26.4884],[88.3634,26.4869],[88.3606,26.4847],[88.3626,26.4729],[88.3657,26.4722],[88.3638,26.4677],[88.3613,26.4662],[88.361,26.4611],[88.3591,26.4575],[88.3615,26.455],[88.358,26.4532],[88.3554,26.4498],[88.351,26.4542],[88.3463,26.4686],[88.3405,26.4689],[88.3409,26.4782],[88.3338,26.4787],[88.3312,26.4845],[88.3321,26.4932],[88.3377,26.5005],[88.343,26.5029],[88.3495,26.5091],[88.3531,26.5159],[88.3519,26.5232],[88.3546,26.5266],[88.3594,26.5301],[88.3593,26.5333],[88.3573,26.5402],[88.3578,26.5434],[88.3631,26.5502],[88.3653,26.5519],[88.3655,26.5558],[88.3705,26.5595],[88.3716,26.569],[88.3703,26.5761],[88.374,26.5791],[88.3758,26.5887],[88.376,26.5947],[88.3803,26.5984],[88.3842,26.5987],[88.3913,26.6031],[88.3962,26.6025],[88.3986,26.6056],[88.3956,26.607],[88.3908,26.6061],[88.3877,26.6071],[88.387,26.612],[88.3895,26.6148],[88.3969,26.6179],[88.3982,26.6258],[88.4091,26.6318],[88.4093,26.6348],[88.4152,26.6332],[88.4162,26.628],[88.4145,26.6226],[88.418,26.6216],[88.4168,26.6146],[88.418,26.6067],[88.42,26.5986],[88.4192,26.5905],[88.4226,26.5828],[88.4215,26.5711],[88.4228,26.566],[88.4245,26.5651],[88.4323,26.5484],[88.4372,26.5441],[88.4429,26.5441],[88.4434,26.5393],[88.4483,26.5353],[88.4556,26.5362],[88.4552,26.539],[88.4584,26.5402],[88.4589,26.5471],[88.462,26.5467],[88.4626,26.5438],[88.4759,26.5445],[88.4782,26.5419],[88.4838,26.5413],[88.4847,26.5383],[88.4823,26.5362],[88.4826,26.5303],[88.4897,26.532],[88.4886,26.5265],[88.4901,26.5251],[88.4887,26.5179],[88.4907,26.5144],[88.4902,26.5113],[88.4997,26.5125],[88.5027,26.5152],[88.5081,26.5162],[88.5107,26.5107],[88.5199,26.5113],[88.5222,26.5061],[88.5215,26.5034],[88.5187,26.5021],[88.5233,26.4961],[88.5247,26.4916],[88.5229,26.4867],[88.5275,26.4875],[88.5265,26.4814],[88.5302,26.4812],[88.551,26.4843],[88.5568,26.4848],[88.5526,26.4753],[88.5569,26.4749],[88.5602,26.4725],[88.5576,26.4703],[88.5599,26.4645],[88.5595,26.4618],[88.5629,26.4605],[88.5649,26.4575],[88.571,26.4567],[88.5788,26.4567],[88.583,26.4556],[88.585,26.4533],[88.5844,26.4503],[88.5886,26.4508],[88.593,26.4498],[88.5951,26.4531],[88.5956,26.4709],[88.6229,26.4711],[88.6256,26.4508],[88.6268,26.4509],[88.6283,26.441],[88.6232,26.4383],[88.6238,26.435],[88.6305,26.4347],[88.6308,26.4314],[88.6352,26.432],[88.6383,26.4295],[88.6437,26.4287],[88.6498,26.4296],[88.6517,26.4253],[88.6511,26.4217],[88.6491,26.4202],[88.6506,26.4155],[88.6553,26.4167],[88.6604,26.4163],[88.6628,26.4099],[88.6677,26.4095],[88.6678,26.4072],[88.6779,26.4077],[88.6797,26.4063],[88.6858,26.4058],[88.6874,26.401],[88.6819,26.402],[88.6738,26.4009],[88.672,26.3974],[88.6739,26.3952],[88.6781,26.3956],[88.6797,26.3942],[88.6849,26.3944],[88.6877,26.3925],[88.6883,26.3867],[88.6941,26.3876],[88.6995,26.3901],[88.7023,26.3884],[88.7022,26.3858],[88.691,26.3845],[88.69,26.3831],[88.6849,26.3833],[88.6821,26.3822],[88.6813,26.3779],[88.6866,26.3788],[88.6853,26.3755],[88.6877,26.3715],[88.6889,26.365],[88.6939,26.3637],[88.6955,26.3608],[88.6915,26.36],[88.6938,26.3564],[88.6978,26.3556],[88.698,26.3515],[88.6951,26.3441],[88.6997,26.3416],[88.704,26.3419],[88.7022,26.3354],[88.7047,26.3325],[88.7102,26.3347],[88.7126,26.3432],[88.7146,26.3438],[88.7221,26.3428],[88.7262,26.3413],[88.7264,26.3441],[88.7294,26.3446],[88.7296,26.348],[88.7359,26.348],[88.7364,26.3494],[88.744,26.3487],[88.7456,26.3446],[88.7428,26.3367],[88.7395,26.3368],[88.7342,26.3304],[88.7339,26.3285],[88.7415,26.3299],[88.7457,26.3324],[88.7487,26.3319],[88.7465,26.3224],[88.7375,26.3234],[88.7306,26.3236],[88.7312,26.3184],[88.7263,26.3175],[88.7245,26.3146],[88.7202,26.3139],[88.717,26.3176],[88.71,26.3169],[88.7064,26.3147],[88.7005,26.3148],[88.6989,26.3128],[88.6933,26.314],[88.6911,26.3193],[88.6923,26.3256],[88.6968,26.3257],[88.6957,26.3287],[88.691,26.3289],[88.6897,26.323],[88.6793,26.3222],[88.6751,26.3201],[88.6759,26.3144],[88.6826,26.3125],[88.6831,26.3085],[88.6788,26.3078],[88.6798,26.3032],[88.6787,26.2988],[88.6707,26.2982],[88.668,26.2972],[88.6683,26.292],[88.6662,26.2893],[88.6665,26.285],[88.6696,26.2808],[88.6674,26.2781],[88.6676,26.2719],[88.6721,26.2723],[88.6719,26.2668],[88.6685,26.2673],[88.6674,26.2634],[88.672,26.2631],[88.6782,26.2641],[88.6795,26.2589],[88.6863,26.2631],[88.686,26.2676],[88.6901,26.2666],[88.6925,26.2691],[88.6919,26.2724],[88.6874,26.2727],[88.6861,26.2768],[88.6913,26.2778],[88.6962,26.2773],[88.6997,26.2842],[88.7096,26.2866],[88.714,26.2857],[88.7125,26.2826],[88.7183,26.2824],[88.7212,26.2833],[88.7297,26.2946],[88.7386,26.2934],[88.7412,26.2954],[88.7426,26.2993],[88.7479,26.2988],[88.7475,26.2955],[88.7586,26.2948],[88.7598,26.3003],[88.7641,26.2989],[88.7724,26.3008],[88.7762,26.3036],[88.7837,26.3035],[88.7908,26.3074],[88.7936,26.31],[88.7961,26.308],[88.8016,26.3064],[88.8072,26.3015],[88.809,26.3012],[88.8132,26.2971],[88.8191,26.2945],[88.8133,26.2885],[88.8104,26.2742],[88.8138,26.2734],[88.815,26.269],[88.8131,26.2617],[88.8128,26.2565],[88.8149,26.2552],[88.8191,26.2552],[88.8232,26.2533],[88.8234,26.2485],[88.8292,26.2497],[88.8294,26.2456],[88.8267,26.243],[88.8284,26.2395],[88.832,26.2382],[88.8381,26.2382],[88.8383,26.2326],[88.8438,26.2325],[88.8543,26.235],[88.8601,26.2323],[88.8655,26.2323],[88.8701,26.2339],[88.8779,26.2334],[88.8765,26.2372],[88.8779,26.2415],[88.8758,26.2422],[88.8717,26.2405],[88.8718,26.2446],[88.8677,26.2464],[88.8673,26.2497],[88.8615,26.252],[88.8613,26.2637],[88.8644,26.2678],[88.8613,26.2721],[88.8662,26.2749],[88.8663,26.2791],[88.8709,26.2841],[88.8759,26.2866],[88.8983,26.2886],[88.9135,26.2874],[88.9181,26.2879],[88.9199,26.2845],[88.9263,26.2838],[88.9311,26.2774],[88.9316,26.2743],[88.9341,26.2709],[88.9352,26.267],[88.9402,26.2635],[88.9443,26.2545],[88.9475,26.252],[88.9508,26.2477],[88.9531,26.242],[88.9568,26.2405],[88.9654,26.2387],[88.9717,26.2402],[88.9792,26.2448],[88.9936,26.2455],[88.9998,26.2443],[89.0215,26.245],[89.0273,26.2441],[89.0276,26.2476],[89.033,26.2467],[89.0341,26.2429],[89.0374,26.2457],[89.046,26.2407],[89.049,26.242],[89.048,26.2457],[89.0489,26.2517],[89.0512,26.2527],[89.052,26.256],[89.0566,26.2566],[89.0591,26.254],[89.0629,26.2558],[89.0607,26.2589],[89.0633,26.2599],[89.0619,26.2631],[89.0611,26.2691],[89.0631,26.2699],[89.0604,26.2751],[89.063,26.2813],[89.0616,26.2836],[89.0575,26.2856],[89.0601,26.2875],[89.0606,26.2916],[89.0576,26.2939],[89.053,26.2933],[89.0523,26.296],[89.0464,26.2956],[89.0454,26.2888],[89.0503,26.2887],[89.0479,26.2828],[89.0446,26.2793],[89.0432,26.2757],[89.0389,26.2775],[89.0401,26.2812],[89.0318,26.2855],[89.0271,26.2855],[89.0212,26.2877],[89.0201,26.2891],[89.0225,26.2963],[89.021,26.2972],[89.0254,26.3024],[89.0263,26.3069],[89.0187,26.3071],[89.019,26.3046],[89.0155,26.303],[89.0187,26.2926],[89.0143,26.2912],[89.0124,26.2925],[89.0124,26.2962],[89.0103,26.3018],[89.0071,26.3033],[89.0047,26.3008],[89.0035,26.2959],[89.0012,26.2952],[89,26.2907],[88.9968,26.2903],[88.9951,26.2922],[88.9976,26.2996],[88.9849,26.3005],[88.9845,26.3057],[88.9827,26.3095],[88.9857,26.3138],[88.9851,26.318],[88.9907,26.3151],[88.9942,26.3172],[88.9941,26.3199],[88.998,26.3224],[89.001,26.3297],[88.9988,26.3318],[88.9898,26.3329],[88.9869,26.332],[88.9818,26.341],[88.9858,26.3409],[88.9871,26.3383],[88.99,26.3385],[88.9869,26.3436],[88.9867,26.3477],[88.9778,26.348],[88.975,26.3508],[88.9715,26.3499],[88.9632,26.3501],[88.9591,26.3479],[88.9626,26.3455],[88.9617,26.341],[88.9629,26.3363],[88.9595,26.3359],[88.9604,26.3301],[88.9523,26.3323],[88.9521,26.3412],[88.9564,26.3413],[88.9591,26.3435],[88.953,26.3462],[88.9524,26.3438],[88.9462,26.3439],[88.9489,26.3485],[88.949,26.3519],[88.9509,26.3543],[88.9585,26.3579],[88.9584,26.3617],[88.9548,26.3618],[88.9534,26.366],[88.9498,26.3658],[88.9477,26.3559],[88.9415,26.3578],[88.9372,26.3574],[88.9321,26.359],[88.926,26.3647],[88.9225,26.3633],[88.9188,26.3662],[88.9143,26.3652],[88.9128,26.3684],[88.9101,26.3704],[88.9136,26.3741],[88.9201,26.3746],[88.9206,26.3785],[88.9143,26.3778],[88.9121,26.3825],[88.9165,26.3848],[88.9161,26.3865],[88.9189,26.3943],[88.9174,26.4032],[88.913,26.4031],[88.91,26.4008],[88.9067,26.4067],[88.9126,26.4086],[88.9253,26.4067],[88.9293,26.4108],[88.9313,26.4142],[88.9298,26.4163],[88.9255,26.4164],[88.923,26.4234],[88.9312,26.4245],[88.9327,26.4275],[88.9259,26.4276],[88.9262,26.4321],[88.9281,26.4329],[88.9348,26.4315],[88.9381,26.4281],[88.938,26.4256],[88.9448,26.4256],[88.9446,26.4318],[88.9513,26.435],[88.9479,26.4385],[88.9491,26.4431],[88.9468,26.4434],[88.9462,26.4479],[88.9518,26.4484],[88.9535,26.4519],[88.9606,26.4483],[88.9598,26.4523],[88.9573,26.4548],[88.9572,26.4589],[88.9647,26.4574],[88.9656,26.4531],[88.9675,26.4515],[88.9745,26.4502],[88.9771,26.4467],[88.9833,26.4465],[88.9825,26.4439],[88.9829,26.4379],[88.9788,26.436],[88.9803,26.4316],[88.9831,26.4309],[88.9808,26.4253],[88.9836,26.4244],[88.983,26.421],[88.9881,26.4206],[88.9928,26.4189],[88.9993,26.4218],[89.0059,26.4214],[89.0051,26.4167],[89.0072,26.4127],[89.0113,26.413],[89.0161,26.4149],[89.0218,26.4141],[89.0231,26.4083],[89.0189,26.4061],[89.0227,26.4039],[89.025,26.4074],[89.03,26.407],[89.0318,26.3995],[89.0344,26.3995],[89.0336,26.3954],[89.0375,26.3952],[89.0378,26.3997],[89.0409,26.4002],[89.0542,26.3986],[89.0586,26.3958],[89.059,26.3988],[89.0645,26.3966],[89.0712,26.3984],[89.0748,26.396],[89.0786,26.3959],[89.0827,26.398],[89.0861,26.3973],[89.0866,26.3921],[89.0905,26.3918],[89.092,26.3937],[89.0957,26.3916],[89.0943,26.3893],[89.0909,26.3881],[89.0918,26.3825],[89.0891,26.3809],[89.09,26.3712],[89.0881,26.3657],[89.08,26.3667],[89.0797,26.3628],[89.0897,26.362],[89.0983,26.3581],[89.0964,26.3572],[89.0952,26.3521],[89.0979,26.3498],[89.0988,26.3418],[89.1002,26.3365],[89.0965,26.3339],[89.0954,26.3298],[89.0916,26.3281],[89.0873,26.3231],[89.0919,26.3203],[89.0936,26.3258],[89.0984,26.325],[89.1005,26.3233],[89.1043,26.3233],[89.1063,26.3263],[89.11,26.3252],[89.1127,26.3184],[89.1155,26.3199],[89.1235,26.3217],[89.1272,26.3205],[89.1363,26.3201],[89.136,26.3146],[89.1348,26.3132],[89.1354,26.3087],[89.1338,26.3058],[89.1252,26.3053],[89.13,26.3003],[89.1285,26.2961],[89.1243,26.2934],[89.1254,26.2909],[89.1232,26.2877],[89.1205,26.287],[89.1169,26.2926],[89.1168,26.2971],[89.1139,26.2982],[89.1142,26.3036],[89.1091,26.3044],[89.1083,26.313],[89.105,26.3138],[89.1027,26.3122],[89.1029,26.3083],[89.1002,26.3039],[89.1076,26.2997],[89.1038,26.2976],[89.1033,26.2945],[89.1065,26.2903],[89.1026,26.2886],[89.1019,26.2819],[89.1049,26.2755],[89.1078,26.2756],[89.1096,26.2721],[89.1117,26.2726],[89.1151,26.2698],[89.1252,26.2635],[89.1223,26.2555],[89.1198,26.2526],[89.124,26.2497],[89.13,26.2488],[89.1322,26.2458],[89.131,26.2427],[89.1342,26.2374],[89.1409,26.2359],[89.1413,26.2317],[89.1396,26.2295],[89.1421,26.221],[89.1421,26.2145],[89.146,26.2111],[89.1488,26.2068],[89.1441,26.2034],[89.1439,26.2004],[89.1402,26.1996],[89.1401,26.1955],[89.1384,26.1887],[89.1348,26.1805],[89.1371,26.1798],[89.1376,26.1763],[89.1412,26.1758],[89.1402,26.1724],[89.141,26.1693],[89.1492,26.17],[89.1533,26.1639],[89.1573,26.1632],[89.1554,26.1596],[89.149,26.1594],[89.1485,26.1581],[89.1517,26.1518],[89.155,26.1395],[89.1602,26.1394],[89.1603,26.1371],[89.1641,26.1333],[89.1701,26.1304],[89.1761,26.131],[89.1793,26.1281],[89.1827,26.1292],[89.1898,26.1265],[89.1924,26.1236],[89.1943,26.1255],[89.1989,26.1264],[89.2033,26.1293],[89.205,26.1272],[89.211,26.1246],[89.2147,26.1262],[89.2196,26.1266],[89.2268,26.1221],[89.2305,26.1187],[89.2292,26.1166],[89.2388,26.1138],[89.2408,26.1106],[89.2395,26.1089],[89.2485,26.1036],[89.2511,26.1002],[89.2528,26.0916],[89.2552,26.0934],[89.2599,26.0917],[89.2631,26.094],[89.2653,26.0925],[89.2659,26.0878],[89.2614,26.0858],[89.2609,26.0829],[89.2566,26.0789],[89.2548,26.0742],[89.256,26.07],[89.2544,26.0641],[89.2594,26.0622],[89.2671,26.0608],[89.2705,26.0619],[89.2753,26.0611],[89.2783,26.0665],[89.2825,26.0641],[89.281,26.0619],[89.2817,26.0577],[89.2786,26.0486],[89.2893,26.0481],[89.2892,26.0467],[89.2966,26.0453],[89.2979,26.0494],[89.3075,26.0453],[89.3089,26.0426],[89.3146,26.039],[89.3154,26.0374],[89.3213,26.0384],[89.3242,26.0368],[89.3295,26.0302],[89.3331,26.0269],[89.3386,26.0239],[89.3351,26.0225],[89.3401,26.0153],[89.3455,26.0144],[89.3514,26.01],[89.3572,26.0079],[89.3593,26.0092],[89.3646,26.0082],[89.3705,26.0088],[89.3725,26.0118],[89.3752,26.0099],[89.3827,26.0108],[89.3912,26.0094],[89.3938,26.0119],[89.393,26.0159],[89.3903,26.0196],[89.393,26.0227],[89.3973,26.0253],[89.4032,26.0276],[89.4067,26.033],[89.4074,26.0415],[89.4106,26.0407],[89.419,26.0419],[89.4244,26.0442],[89.429,26.043],[89.4328,26.0375],[89.4335,26.0305],[89.4277,26.0203],[89.4275,26.0131],[89.4308,26.0111],[89.4364,26.0094],[89.4472,26.008],[89.452,26.0053],[89.4616,25.9984],[89.4764,25.998],[89.4804,25.9961],[89.4841,25.9993],[89.4871,26.0003],[89.4913,26.006],[89.4942,26.004],[89.5043,26.0021],[89.5089,26.0018],[89.5128,26.006],[89.5192,26.0087],[89.5212,26.0086],[89.5261,26.0047],[89.5298,26.0057],[89.534,26.0029],[89.5353,26.0061],[89.5409,26.0059],[89.5449,26.0004],[89.548,25.998],[89.5429,25.997],[89.5384,25.9948],[89.5356,25.9903],[89.5361,25.9856],[89.5416,25.9833],[89.5386,25.9769],[89.5383,25.9732],[89.5404,25.97],[89.55,25.9662],[89.5577,25.9654],[89.5578,25.9699],[89.5605,25.9704],[89.5637,25.9737],[89.5638,25.9788],[89.5684,25.9791],[89.5674,25.9704],[89.5689,25.9678],[89.5762,25.9685],[89.5786,25.9725],[89.5769,25.9782],[89.5867,25.9803],[89.5832,25.9902],[89.5856,25.9923],[89.5861,25.9959],[89.5834,26.0018],[89.5816,26.0033],[89.58,26.0091],[89.5809,26.014],[89.5794,26.0166],[89.5787,26.0263],[89.5836,26.0243],[89.5855,26.0274],[89.5832,26.0302],[89.5839,26.0336],[89.5866,26.0349],[89.5869,26.0383],[89.5904,26.0382],[89.5915,26.0356],[89.5951,26.0352],[89.5978,26.038],[89.5953,26.0448],[89.5999,26.0447],[89.6037,26.0485],[89.6107,26.0506],[89.6134,26.0538],[89.6117,26.0578],[89.6079,26.0577],[89.6051,26.0608],[89.6051,26.0633],[89.6093,26.0637],[89.6119,26.0593],[89.618,26.059],[89.6161,26.0566],[89.6182,26.0537],[89.6215,26.0535],[89.6249,26.0571],[89.6279,26.0577],[89.6286,26.0617],[89.6318,26.0629],[89.6357,26.0607],[89.6442,26.0631],[89.6491,26.0614],[89.6495,26.0668],[89.6473,26.0694],[89.6408,26.0737],[89.6373,26.0748],[89.6334,26.0814],[89.6366,26.0887],[89.6393,26.0911],[89.6349,26.0928],[89.6322,26.0968],[89.6362,26.0994],[89.6325,26.1017],[89.6303,26.1068],[89.6253,26.1083],[89.6235,26.1069],[89.6223,26.101],[89.6198,26.1006],[89.6162,26.1041],[89.6137,26.1008],[89.6173,26.0947],[89.6128,26.0961],[89.6097,26.0956],[89.6102,26.0914],[89.6074,26.0892],[89.6043,26.0947],[89.5974,26.0974],[89.5939,26.1022],[89.5969,26.1044],[89.5996,26.1032],[89.6008,26.1075],[89.598,26.1104],[89.5984,26.1129],[89.6031,26.1116],[89.6056,26.1063],[89.609,26.1083],[89.6141,26.1068],[89.6172,26.1072],[89.6215,26.111],[89.6275,26.114],[89.6303,26.1181],[89.6296,26.1237],[89.6282,26.1271],[89.6239,26.1278],[89.6204,26.1197],[89.6172,26.1204],[89.6136,26.1253],[89.611,26.127],[89.6086,26.123],[89.6089,26.1202],[89.6056,26.1171],[89.6023,26.1216],[89.6069,26.1256],[89.6053,26.1281],[89.6016,26.1289],[89.5965,26.1352],[89.5982,26.139],[89.5956,26.1399],[89.5982,26.1464],[89.5968,26.1494],[89.5979,26.1541],[89.5961,26.1563],[89.5913,26.1569],[89.5951,26.1605],[89.6001,26.1606],[89.6013,26.1578],[89.6081,26.1584],[89.6073,26.154],[89.61,26.1543],[89.6113,26.1577],[89.6102,26.1618],[89.6135,26.162],[89.6136,26.166],[89.6189,26.1668],[89.6181,26.1691],[89.613,26.1676],[89.6112,26.1686],[89.611,26.1744],[89.6075,26.1791],[89.6128,26.1779],[89.6186,26.1793],[89.6239,26.1791],[89.6257,26.1763],[89.6322,26.1797],[89.6371,26.1788],[89.6374,26.1762],[89.6338,26.175],[89.6322,26.1719],[89.6379,26.1721],[89.6378,26.1685],[89.6397,26.1669],[89.6461,26.1644],[89.6493,26.1644],[89.6511,26.1708],[89.6536,26.17],[89.6549,26.1734],[89.6586,26.1762],[89.6559,26.1787],[89.6555,26.1814],[89.6499,26.1797],[89.6437,26.1828],[89.6403,26.1822],[89.6391,26.1786],[89.6292,26.182],[89.6278,26.1839],[89.6274,26.1888],[89.6302,26.1958],[89.6342,26.1956],[89.6361,26.1936],[89.6352,26.1902],[89.6379,26.1897],[89.638,26.1867],[89.645,26.1847],[89.6484,26.1917],[89.6464,26.195],[89.6438,26.1952],[89.6418,26.1989],[89.6399,26.1993],[89.6383,26.2104],[89.6327,26.2099],[89.634,26.218],[89.6358,26.2235],[89.6344,26.2294],[89.6378,26.2291],[89.6402,26.2258],[89.6457,26.2256],[89.6505,26.221],[89.6556,26.2191],[89.662,26.2192],[89.6648,26.2211],[89.6719,26.2198],[89.6722,26.2289],[89.6734,26.2316],[89.6799,26.2341],[89.6818,26.2278],[89.6867,26.2285],[89.6849,26.2225],[89.6786,26.2199],[89.6795,26.2146],[89.6851,26.2086],[89.6784,26.2102],[89.675,26.2084],[89.6735,26.2057],[89.6735,26.2014],[89.6749,26.199],[89.6836,26.1962],[89.6822,26.1924],[89.6874,26.1814],[89.6941,26.1755],[89.7021,26.174],[89.6979,26.1699],[89.6935,26.1692],[89.6887,26.1701],[89.6842,26.1696],[89.6811,26.1661],[89.6813,26.1636],[89.6845,26.1618],[89.6893,26.1611],[89.6972,26.1585],[89.7002,26.1555],[89.7014,26.1518],[89.7083,26.1544],[89.71,26.1562],[89.7108,26.1638],[89.7128,26.1681],[89.7167,26.1682],[89.7193,26.1652],[89.7205,26.1563],[89.732,26.1583],[89.7346,26.1577],[89.7436,26.1593],[89.7477,26.1574],[89.7533,26.1484],[89.7544,26.1427],[89.754,26.1394],[89.7631,26.137],[89.7666,26.1305],[89.7652,26.1247],[89.7607,26.1184],[89.7555,26.1138],[89.7562,26.1094],[89.7582,26.1079],[89.7637,26.1099],[89.7684,26.1078],[89.77,26.1045],[89.7764,26.1058],[89.7789,26.1081],[89.7842,26.1053],[89.7834,26.1012],[89.786,26.0963],[89.7834,26.0942],[89.7819,26.0892],[89.7813,26.0834],[89.7851,26.0833],[89.7887,26.0886],[89.792,26.0894],[89.7949,26.0873],[89.7941,26.0817],[89.7911,26.0782],[89.7948,26.077],[89.7949,26.073],[89.7976,26.0668],[89.7956,26.0646],[89.7988,26.0596],[89.7913,26.0573],[89.7858,26.0571],[89.7848,26.0514],[89.7882,26.0503],[89.7829,26.0452],[89.7792,26.0444],[89.7747,26.04],[89.7739,26.0375],[89.7766,26.0349],[89.7799,26.0404],[89.7885,26.0402],[89.7883,26.035],[89.7915,26.0345],[89.7931,26.0367],[89.7924,26.0408],[89.7936,26.0423],[89.7993,26.0415],[89.8023,26.0382],[89.8002,26.0365],[89.7963,26.0292],[89.7937,26.0281],[89.794,26.0227],[89.7886,26.0211],[89.79,26.0178],[89.7939,26.0201],[89.7977,26.0245],[89.8026,26.0332],[89.8037,26.0392],[89.8056,26.0445],[89.8094,26.0429],[89.8117,26.0402],[89.8136,26.0326],[89.815,26.03],[89.8193,26.0258],[89.8154,26.0202],[89.8162,26.017],[89.819,26.0156],[89.8213,26.012],[89.8191,26.003],[89.8206,25.9995],[89.8193,25.9959],[89.8149,25.9979],[89.8175,25.9914],[89.8203,25.9876],[89.8242,25.985],[89.8359,25.9824],[89.8367,25.985],[89.8332,25.9906],[89.8336,25.9939],[89.8309,26.0018],[89.8315,26.0098],[89.8358,26.0126],[89.8443,26.006],[89.8477,26.0007],[89.8473,25.9968],[89.8504,25.99],[89.8563,25.9883],[89.8667,25.9823],[89.8692,25.9814],[89.8733,25.9759],[89.872,25.9742],[89.8633,25.9715],[89.8581,25.9689],[89.8548,25.9687],[89.8491,25.9709],[89.8415,25.9704],[89.8385,25.9659],[89.8431,25.9639],[89.8472,25.9567],[89.8445,25.9548],[89.8462,25.9504],[89.8404,25.9513],[89.8326,25.9548],[89.8284,25.9543],[89.8257,25.9515],[89.8254,25.9455],[89.8366,25.9451],[89.8404,25.9443],[89.8392,25.9411],[89.845,25.94],[89.8486,25.9429],[89.8596,25.9433],[89.8688,25.9444],[89.877,25.9469],[89.8871,25.9452],[89.8827,25.938],[89.8773,25.9257],[89.8782,25.9242],[89.8743,25.9196],[89.8618,25.9068],[89.8608,25.9073],[89.8568,25.8997],[89.8516,25.8958],[89.8483,25.8921],[89.8488,25.8878],[89.8403,25.8794],[89.8391,25.8766],[89.8326,25.8706],[89.8339,25.8678],[89.8357,25.8597],[89.8339,25.8533],[89.8353,25.8407],[89.8272,25.8329],[89.826,25.8292],[89.8184,25.8191],[89.8166,25.8142],[89.822,25.8129],[89.8266,25.81],[89.8299,25.8004],[89.8293,25.7983],[89.8312,25.7913],[89.8339,25.7884],[89.834,25.783],[89.8381,25.7764],[89.8396,25.7707],[89.8413,25.759],[89.8369,25.7514],[89.8323,25.7458],[89.827,25.7404],[89.8269,25.7329],[89.8288,25.7273],[89.8309,25.7245],[89.8337,25.7172],[89.8365,25.7151],[89.8493,25.7151],[89.8518,25.7094],[89.8519,25.7066],[89.8467,25.6958],[89.8517,25.687],[89.8585,25.6797],[89.8605,25.6718],[89.8625,25.6671],[89.8661,25.6631],[89.8711,25.6626],[89.8737,25.655],[89.8781,25.6394],[89.8795,25.6381],[89.881,25.6317],[89.8825,25.6172],[89.8812,25.6145],[89.8806,25.6087],[89.8788,25.6015],[89.8749,25.5936],[89.8733,25.5876],[89.8757,25.5827],[89.8751,25.5794],[89.8722,25.5732],[89.8728,25.5693],[89.8704,25.5681],[89.8673,25.5622],[89.8662,25.554],[89.8664,25.5477],[89.8639,25.5437],[89.8513,25.5386],[89.8536,25.5338],[89.8601,25.5168],[89.8696,25.5116],[89.8668,25.5079],[89.858,25.5065],[89.8537,25.5018],[89.8552,25.4975],[89.853,25.4948],[89.8499,25.4937],[89.849,25.4898],[89.8505,25.4857],[89.8496,25.4821],[89.8493,25.4739],[89.852,25.4728],[89.8522,25.4659],[89.848,25.4623],[89.843,25.4565],[89.8374,25.4475],[89.8328,25.4389],[89.8315,25.4333],[89.8289,25.4267],[89.8284,25.4223],[89.8254,25.4133],[89.8254,25.4077],[89.8274,25.4062],[89.8268,25.4001],[89.8245,25.3955],[89.8235,25.389],[89.8205,25.3841],[89.8195,25.3793],[89.8213,25.3742],[89.8209,25.3635],[89.8214,25.3555],[89.8233,25.3482],[89.8268,25.3468],[89.8328,25.3311],[89.8366,25.3264],[89.8405,25.3189],[89.8416,25.3082],[89.8373,25.3053],[89.8377,25.3024],[89.8312,25.296],[89.8384,25.2932],[89.8448,25.2924],[89.8486,25.2894],[89.854,25.2894],[89.8569,25.2866],[89.8632,25.2879],[89.8727,25.2867],[89.8766,25.2853],[89.8852,25.288],[89.887,25.2916],[89.8901,25.292],[89.894,25.298],[89.9,25.3053],[89.9092,25.3081],[89.9146,25.307],[89.919,25.3047],[89.9235,25.3043],[89.9271,25.3013],[89.934,25.3007],[89.939,25.299],[89.9439,25.3044],[89.9457,25.3029],[89.9469,25.2947],[89.9508,25.2966],[89.9545,25.301],[89.9596,25.3024],[89.964,25.3019],[89.9667,25.3037],[89.9769,25.297],[89.9804,25.2907],[89.9808,25.2809],[89.9856,25.2801],[89.996,25.2766],[90.0045,25.2804],[90.011,25.2756],[90.0194,25.272],[90.0214,25.2691],[90.0338,25.2623],[90.0374,25.2612],[90.0467,25.2606],[90.0545,25.2614],[90.0564,25.2604],[90.0595,25.2546],[90.069,25.2485],[90.0741,25.244],[90.0813,25.2404],[90.0897,25.239],[90.0993,25.2346],[90.1054,25.2292],[90.1124,25.2254],[90.1181,25.2235],[90.1215,25.2251],[90.1281,25.2256],[90.1371,25.2245],[90.158,25.224],[90.1715,25.2231],[90.1924,25.2133],[90.1959,25.211],[90.2079,25.2102],[90.2094,25.2081],[90.2152,25.2054],[90.2201,25.2062],[90.2255,25.2005],[90.2287,25.2033],[90.234,25.2049],[90.2434,25.2028],[90.249,25.2001],[90.2558,25.1997],[90.26,25.1971],[90.2641,25.1963],[90.2681,25.1984],[90.2829,25.1953],[90.2866,25.1957],[90.2938,25.1926],[90.3104,25.1888],[90.3166,25.1929],[90.3234,25.1921],[90.3302,25.1938],[90.3367,25.1895],[90.3414,25.183],[90.3468,25.1783],[90.3541,25.1734],[90.3653,25.1672],[90.3705,25.1628],[90.382,25.161],[90.387,25.1615],[90.4002,25.159],[90.4045,25.16],[90.4071,25.1589],[90.4137,25.1536],[90.4206,25.1506],[90.4359,25.1467],[90.4411,25.1445],[90.4464,25.1448],[90.4494,25.1466],[90.4508,25.1524],[90.4568,25.1528],[90.4637,25.1543],[90.4755,25.1584],[90.485,25.1607],[90.4885,25.1641],[90.4993,25.1686],[90.4994,25.1718],[90.5023,25.1717],[90.5099,25.1694],[90.5094,25.1754],[90.5185,25.1722],[90.5243,25.1736],[90.5353,25.1733],[90.538,25.1753],[90.5452,25.1736],[90.5515,25.1752],[90.555,25.1717],[90.5599,25.1735],[90.5617,25.1718],[90.5647,25.1734],[90.5716,25.1735],[90.5768,25.1718],[90.579,25.1748],[90.5848,25.1738],[90.5891,25.1752],[90.5982,25.1766],[90.6046,25.1749],[90.6089,25.1779],[90.6163,25.1773],[90.6179,25.1727],[90.6204,25.1744],[90.6271,25.1732],[90.6318,25.1736],[90.6337,25.1754],[90.6419,25.1748],[90.6388,25.1801],[90.6403,25.1836],[90.649,25.1807],[90.6511,25.182],[90.6526,25.1886],[90.6569,25.1848],[90.6594,25.1862],[90.6632,25.191],[90.6653,25.1814],[90.6635,25.1795],[90.6652,25.1763],[90.6657,25.1677],[90.67,25.1664],[90.6722,25.1721],[90.6754,25.173],[90.6797,25.1721],[90.6855,25.1745],[90.6855,25.1722],[90.6805,25.1693],[90.6819,25.1649],[90.6837,25.1632],[90.6869,25.1648],[90.6911,25.1635],[90.6917,25.1609],[90.699,25.1568],[90.7024,25.1621],[90.7066,25.1611],[90.7081,25.1666],[90.71,25.1681],[90.7148,25.1676],[90.7175,25.1638],[90.7221,25.1647],[90.7257,25.1631],[90.7266,25.1581],[90.7302,25.1578],[90.7333,25.1549],[90.741,25.1591],[90.7419,25.1612],[90.7379,25.1643],[90.7392,25.1666],[90.7476,25.164],[90.7494,25.1669],[90.7567,25.1698],[90.7602,25.1681],[90.7619,25.1695],[90.7595,25.173],[90.7633,25.1759],[90.7692,25.1826],[90.771,25.1814],[90.781,25.1832],[90.7828,25.1803],[90.788,25.1792],[90.7939,25.1811],[90.7967,25.1762],[90.8027,25.1727],[90.8046,25.1739],[90.8049,25.1664],[90.8137,25.1637],[90.8158,25.1679],[90.8179,25.1676],[90.8196,25.1626],[90.837,25.1609],[90.8403,25.1612],[90.8444,25.1585],[90.8498,25.1576],[90.8613,25.1578],[90.8659,25.1611],[90.8719,25.1597],[90.8773,25.1636],[90.8841,25.166],[90.8945,25.1646],[90.8973,25.1663],[90.9017,25.1625],[90.9046,25.1619],[90.9222,25.1631],[90.928,25.1622],[90.9332,25.1645],[90.9369,25.1648],[90.9431,25.1675],[90.9465,25.1676],[90.9488,25.1708],[90.9607,25.1702],[90.9651,25.1709],[90.9736,25.175],[90.9773,25.174],[90.9804,25.1751],[90.985,25.175],[90.9928,25.1778],[90.9992,25.1793],[91.002,25.1813],[91.0054,25.1801],[91.0123,25.1829],[91.0188,25.1838],[91.0191,25.187],[91.0238,25.1855],[91.0304,25.1851],[91.0473,25.1895],[91.05,25.1897],[91.0552,25.1924],[91.063,25.1912],[91.0679,25.1915],[91.0719,25.1934],[91.0696,25.1984],[91.0745,25.1986],[91.0849,25.1963],[91.0926,25.1968],[91.1005,25.1963],[91.1081,25.1949],[91.1252,25.194],[91.1336,25.1945],[91.1397,25.1964],[91.1512,25.197],[91.1572,25.1964],[91.1598,25.1977],[91.164,25.196],[91.1808,25.1983],[91.184,25.1996],[91.1947,25.2018],[91.2006,25.201],[91.22,25.2],[91.2245,25.2002],[91.23,25.1969],[91.2333,25.1991],[91.2368,25.197],[91.244,25.1969],[91.2473,25.1978],[91.2516,25.1952],[91.2515,25.1991],[91.2598,25.201],[91.2603,25.2051],[91.268,25.2072],[91.2762,25.199],[91.2922,25.1933],[91.2887,25.1901],[91.2884,25.1865],[91.2925,25.1838],[91.3001,25.1842],[91.3045,25.1826],[91.3117,25.1841],[91.3178,25.1837],[91.3234,25.1814],[91.3276,25.1762],[91.3312,25.1775],[91.3345,25.1767],[91.3372,25.1735],[91.3481,25.1744],[91.3518,25.1756],[91.3538,25.1713],[91.3597,25.1768],[91.3645,25.1779],[91.3652,25.1747],[91.3678,25.1712],[91.3764,25.168],[91.3812,25.1682],[91.3869,25.1697],[91.389,25.1674],[91.3991,25.1649],[91.4068,25.1661],[91.4109,25.1637],[91.4146,25.1711],[91.4213,25.1629],[91.4253,25.1569],[91.4332,25.1565],[91.44,25.1509],[91.4496,25.1492],[91.4531,25.1526],[91.457,25.1482],[91.4611,25.1512],[91.4686,25.1518],[91.467,25.1438],[91.4693,25.1395],[91.4653,25.1372],[91.4642,25.1348],[91.471,25.1336],[91.4782,25.1338],[91.4809,25.1369],[91.4893,25.1351],[91.4931,25.1382],[91.4952,25.1357],[91.5003,25.1358],[91.5017,25.1408],[91.5009,25.1428],[91.5096,25.1474],[91.5168,25.1477],[91.5205,25.1457],[91.5246,25.1459],[91.5265,25.1445],[91.556,25.1497],[91.5579,25.1517],[91.5579,25.155],[91.5631,25.1606],[91.567,25.1593],[91.5702,25.1608],[91.5741,25.1597],[91.5719,25.1661],[91.5748,25.1684],[91.5771,25.172],[91.5863,25.1715],[91.59,25.1721],[91.5913,25.1742],[91.6062,25.174],[91.6094,25.177],[91.6152,25.1747],[91.6154,25.1697],[91.6073,25.1693],[91.6041,25.1674],[91.6023,25.1623],[91.6036,25.159],[91.6026,25.1549],[91.5994,25.1511],[91.6006,25.1459],[91.6038,25.1402],[91.6077,25.1451],[91.6111,25.1463],[91.6134,25.141],[91.6154,25.1451],[91.6214,25.1435],[91.6231,25.1342],[91.6232,25.1279],[91.627,25.1254],[91.6379,25.1225],[91.6421,25.1231],[91.6454,25.1272],[91.6521,25.1278],[91.6528,25.1312],[91.6572,25.1319],[91.6598,25.1271],[91.665,25.1284],[91.664,25.1351],[91.6699,25.1379],[91.6758,25.1378],[91.6807,25.135],[91.6875,25.1377],[91.6917,25.1371],[91.6938,25.1395],[91.6943,25.1454],[91.6988,25.1462],[91.7036,25.1495],[91.7023,25.1574],[91.7063,25.1571],[91.7083,25.1591],[91.7142,25.1577],[91.7165,25.1523],[91.7285,25.1511],[91.7355,25.1497],[91.7365,25.1436],[91.7377,25.1424],[91.7458,25.1404],[91.7425,25.1444],[91.744,25.1464],[91.7437,25.151],[91.746,25.1548],[91.7486,25.1562],[91.7497,25.16],[91.7446,25.1689],[91.7473,25.174],[91.7545,25.1772],[91.7549,25.1732],[91.7586,25.1684],[91.7622,25.1671],[91.7663,25.1672],[91.7758,25.1632],[91.7803,25.1659],[91.7973,25.1688],[91.8052,25.1681],[91.804,25.1717],[91.8177,25.1712],[91.823,25.1768],[91.8326,25.178],[91.8408,25.1769],[91.8498,25.1732],[91.8615,25.1725],[91.8644,25.1753],[91.8709,25.1743],[91.8761,25.1756],[91.8806,25.1729],[91.8845,25.1771],[91.8923,25.1759],[91.8939,25.1784],[91.8974,25.1781],[91.8985,25.1801],[91.9074,25.1793],[91.9132,25.1811],[91.921,25.1812],[91.926,25.18],[91.9331,25.1797],[91.9467,25.1771],[91.9573,25.1775],[91.9674,25.1762],[91.9688,25.1719],[91.9717,25.1676],[91.9802,25.1692],[91.9887,25.175],[91.9935,25.1801],[91.9986,25.184],[92.0038,25.1862],[92.0094,25.1862],[92.0164,25.1872],[92.019,25.1824],[92.0261,25.1792],[92.0279,25.1834],[92.0342,25.1834],[92.0374,25.182],[92.0406,25.1864],[92.0494,25.187],[92.056,25.1854],[92.0739,25.1849],[92.0788,25.181],[92.0832,25.1823],[92.0923,25.1775],[92.1045,25.1746],[92.109,25.1703],[92.1182,25.1664],[92.1204,25.1638],[92.1329,25.1601],[92.1321,25.1574],[92.1358,25.1553],[92.1392,25.155],[92.1386,25.1522],[92.1356,25.1518],[92.1339,25.1483],[92.1342,25.1436],[92.1362,25.1397],[92.142,25.1361],[92.1474,25.1353],[92.1508,25.1382],[92.1532,25.1362],[92.1527,25.1337],[92.1589,25.1329],[92.1596,25.1266],[92.1649,25.1261],[92.1718,25.1271],[92.178,25.126],[92.1816,25.1191],[92.1839,25.1179],[92.1855,25.1225],[92.1887,25.1279],[92.1893,25.1363],[92.1932,25.1335],[92.1948,25.1301],[92.1936,25.1263],[92.197,25.1263],[92.213,25.121],[92.2194,25.117],[92.2197,25.1151],[92.2064,25.1194],[92.2004,25.12],[92.1962,25.108],[92.2036,25.1065],[92.207,25.1087],[92.2153,25.1065],[92.2233,25.103],[92.2231,25.0982],[92.2265,25.0956],[92.2308,25.0968],[92.2333,25.0949],[92.2375,25.0939],[92.2471,25.0891],[92.2544,25.0867],[92.2549,25.0854],[92.2663,25.0833],[92.2757,25.0809],[92.2783,25.078],[92.2808,25.0793],[92.2839,25.0765],[92.2858,25.0776],[92.2917,25.0755],[92.2996,25.0717],[92.309,25.0698],[92.3136,25.0719],[92.3191,25.0699],[92.3189,25.0738],[92.3218,25.0782],[92.3281,25.0775],[92.3329,25.0789],[92.3384,25.0757],[92.3431,25.0753],[92.3486,25.0735],[92.3483,25.0673],[92.3491,25.0611],[92.3442,25.0555],[92.3382,25.0515],[92.3419,25.0488],[92.3546,25.049],[92.3609,25.0467],[92.3624,25.0498],[92.3666,25.0478],[92.37,25.0418],[92.3727,25.0429],[92.3769,25.0423],[92.3794,25.0395],[92.3835,25.0387],[92.3846,25.0412],[92.3882,25.0397],[92.3928,25.0398],[92.3934,25.0378],[92.3986,25.033],[92.4023,25.0318],[92.4051,25.0326],[92.4129,25.0286],[92.417,25.0303],[92.4215,25.0278],[92.4258,25.0286],[92.4259,25.0201],[92.4242,25.0194],[92.4249,25.0133],[92.4227,25.0049],[92.4165,24.9918],[92.4212,24.99],[92.4222,24.9876],[92.4217,24.9799],[92.4196,24.9688],[92.4203,24.9659],[92.4237,24.9648],[92.4387,24.9663],[92.4476,24.965],[92.4522,24.967],[92.4572,24.9705],[92.4605,24.9699],[92.4685,24.9622],[92.4662,24.9571],[92.4614,24.9553],[92.4537,24.9536],[92.4497,24.95],[92.4479,24.9437],[92.449,24.939],[92.453,24.9385],[92.4631,24.9412],[92.4756,24.9418],[92.4786,24.9428],[92.4836,24.9473],[92.4876,24.9468],[92.4865,24.941],[92.4839,24.9321],[92.484,24.9285],[92.4876,24.9206],[92.4935,24.9173],[92.4949,24.913],[92.4931,24.9086],[92.4932,24.9047],[92.4968,24.902],[92.4939,24.8979],[92.4912,24.8915],[92.492,24.8825],[92.4913,24.8797],[92.4923,24.8756],[92.4879,24.8713],[92.4792,24.8724],[92.4761,24.8673],[92.4709,24.8698],[92.4615,24.873],[92.4522,24.8719],[92.445,24.872],[92.4411,24.8685],[92.4414,24.8625],[92.4406,24.8591],[92.4371,24.8555],[92.4302,24.8547],[92.4269,24.853],[92.4224,24.8539],[92.4173,24.8572],[92.4088,24.8591],[92.4048,24.8583],[92.4029,24.8554],[92.403,24.8502],[92.4001,24.8487],[92.3948,24.8506],[92.387,24.8514],[92.3845,24.8526],[92.3836,24.8588],[92.3775,24.8631],[92.377,24.8708],[92.3747,24.874],[92.3709,24.8748],[92.3662,24.8721],[92.363,24.8722],[92.3613,24.8782],[92.355,24.8789],[92.3494,24.8903],[92.347,24.8917],[92.3443,24.8885],[92.3446,24.8814],[92.3429,24.8789],[92.34,24.8779],[92.3292,24.8881],[92.3267,24.8964],[92.3225,24.8971],[92.3157,24.8954],[92.314,24.8978],[92.3069,24.902],[92.3066,24.9092],[92.3037,24.9134],[92.2969,24.916],[92.2906,24.9138],[92.2843,24.9103],[92.2834,24.9063],[92.2718,24.9049],[92.2648,24.9072],[92.2591,24.9066],[92.2504,24.9089],[92.2461,24.9082],[92.2414,24.9045],[92.2356,24.9029],[92.2367,24.892],[92.2394,24.89],[92.2472,24.8875],[92.2468,24.872],[92.2463,24.8684],[92.238,24.868],[92.2353,24.8638],[92.2359,24.859],[92.2398,24.8577],[92.2398,24.8526],[92.2415,24.8498],[92.2411,24.8453],[92.2425,24.8405],[92.2513,24.8394],[92.2484,24.8323],[92.253,24.8322],[92.2604,24.8302],[92.2696,24.8297],[92.2721,24.8279],[92.274,24.8191],[92.2763,24.8154],[92.2763,24.812],[92.2744,24.807],[92.2753,24.8037],[92.2736,24.7992],[92.2789,24.7974],[92.2811,24.7906],[92.2885,24.7882],[92.2889,24.7845],[92.2879,24.7792],[92.2864,24.7769],[92.2829,24.7755],[92.2831,24.7708],[92.2851,24.7685],[92.2857,24.7629],[92.2901,24.7595],[92.2875,24.7583],[92.2854,24.7546],[92.2798,24.7482],[92.2813,24.7422],[92.2955,24.7366],[92.2948,24.733],[92.292,24.7302],[92.2879,24.7235],[92.2839,24.7186],[92.2762,24.7107],[92.2751,24.7064],[92.2668,24.6942],[92.265,24.6905],[92.2616,24.6901],[92.2585,24.6852],[92.2599,24.6814],[92.256,24.6797],[92.2545,24.6751],[92.2571,24.6732],[92.2533,24.6651],[92.2517,24.66],[92.25,24.6599],[92.2471,24.6547],[92.2499,24.6491],[92.2493,24.6431],[92.2464,24.6318],[92.2445,24.6293],[92.2434,24.6214],[92.244,24.6165],[92.2424,24.6115],[92.2392,24.6078],[92.2339,24.5845],[92.233,24.5783],[92.2346,24.5753],[92.2323,24.5709],[92.2313,24.5472],[92.2311,24.5313],[92.2294,24.5295],[92.2238,24.5175],[92.2192,24.514],[92.2146,24.5056],[92.2127,24.5037],[92.2086,24.5044],[92.2076,24.5061],[92.2018,24.5074],[92.198,24.5105],[92.1879,24.5212],[92.1828,24.5224],[92.1736,24.5272],[92.1692,24.5317],[92.1657,24.5314],[92.1638,24.5282],[92.16,24.5289],[92.1602,24.5253],[92.1575,24.52],[92.1554,24.518],[92.1582,24.5152],[92.1548,24.5107],[92.1591,24.5074],[92.1547,24.5029],[92.1523,24.5021],[92.1515,24.496],[92.1535,24.492],[92.1519,24.4873],[92.1539,24.4845],[92.1527,24.4815],[92.156,24.4772],[92.1572,24.473],[92.1557,24.4711],[92.1556,24.4657],[92.1584,24.4638],[92.1613,24.4563],[92.1595,24.4533],[92.1624,24.4511],[92.161,24.4487],[92.1643,24.4448],[92.1638,24.4373],[92.1674,24.4345],[92.1663,24.4279],[92.1679,24.4253],[92.1654,24.42],[92.1631,24.4191],[92.1604,24.4225],[92.1564,24.4226],[92.1533,24.4255],[92.15,24.4218],[92.147,24.4213],[92.1368,24.425],[92.1367,24.4201],[92.1334,24.4169],[92.1331,24.4107],[92.1319,24.4069],[92.1277,24.4017],[92.1264,24.3968],[92.1226,24.3959],[92.1202,24.3923],[92.1199,24.388],[92.1229,24.384],[92.1186,24.3821],[92.1137,24.382],[92.1104,24.3798],[92.1074,24.382],[92.1034,24.3828],[92.1009,24.3805],[92.1016,24.3782],[92.0969,24.3735],[92.0904,24.3719],[92.0862,24.3733],[92.0848,24.3754],[92.0776,24.3751],[92.051,24.3754],[92.0482,24.3775],[92.0451,24.375],[92.0422,24.3773],[92.0393,24.3768],[92.0349,24.3799],[92.0277,24.3795],[92.0232,24.3859],[92.0201,24.3865],[92.0177,24.3846],[92.0138,24.3841],[92.0091,24.3816],[92.0048,24.3832],[92.0056,24.3856],[91.9974,24.3924],[91.9954,24.3883],[91.9889,24.3848],[91.9883,24.3791],[91.9848,24.3766],[91.9826,24.3802],[91.9705,24.3845],[91.9672,24.381],[91.9723,24.3795],[91.9727,24.377],[91.9702,24.3743],[91.9741,24.3705],[91.9771,24.372],[91.979,24.3695],[91.9783,24.3667],[91.9817,24.3624],[91.9781,24.3575],[91.9884,24.3467],[91.9893,24.3436],[91.9921,24.3434],[91.9931,24.3398],[91.9957,24.3391],[91.9983,24.3341],[91.995,24.3314],[91.9965,24.3266],[91.996,24.3221],[91.9903,24.3239],[91.9867,24.322],[91.9829,24.3233],[91.9814,24.3278],[91.9771,24.3274],[91.9735,24.3328],[91.9719,24.3371],[91.9714,24.3422],[91.9665,24.3463],[91.9678,24.3505],[91.9635,24.351],[91.9623,24.3532],[91.9576,24.3563],[91.9538,24.3532],[91.9463,24.3507],[91.9421,24.3468],[91.9415,24.3428],[91.9376,24.3421],[91.9316,24.3397],[91.9284,24.3396],[91.926,24.3365],[91.9217,24.3357],[91.92,24.3375],[91.9408,24.2681],[91.9114,24.1682],[91.9138,24.1674],[91.9139,24.1561],[91.9111,24.1515],[91.9098,24.1463],[91.9058,24.1444],[91.9058,24.1386],[91.9021,24.1369],[91.8978,24.1394],[91.8903,24.1367],[91.889,24.1389],[91.8846,24.1386],[91.8845,24.1424],[91.8785,24.1467],[91.8761,24.1613],[91.8742,24.1628],[91.8749,24.1664],[91.8726,24.1753],[91.8704,24.1753],[91.8649,24.1787],[91.8639,24.1811],[91.8542,24.1834],[91.8551,24.1869],[91.8492,24.191],[91.847,24.1903],[91.8462,24.1951],[91.8437,24.1975],[91.8442,24.1997],[91.849,24.2035],[91.8497,24.2117],[91.8547,24.2135],[91.8503,24.2168],[91.8459,24.2181],[91.8431,24.2202],[91.8441,24.2261],[91.8378,24.2255],[91.8379,24.2187],[91.8316,24.2178],[91.8289,24.2135],[91.8264,24.2136],[91.8232,24.2101],[91.8206,24.2092],[91.8167,24.2103],[91.813,24.2136],[91.8097,24.2182],[91.8062,24.2207],[91.8024,24.2193],[91.7986,24.2205],[91.7896,24.2208],[91.7866,24.2231],[91.745,24.247],[91.7598,24.1422],[91.7447,24.142],[91.7384,24.1423],[91.7367,24.1459],[91.7341,24.1437],[91.7284,24.1432],[91.7275,24.1457],[91.7233,24.1483],[91.7211,24.1526],[91.7122,24.1531],[91.708,24.1548],[91.7022,24.1639],[91.6976,24.1626],[91.695,24.1595],[91.6891,24.1617],[91.6887,24.1637],[91.6848,24.1658],[91.6825,24.1705],[91.68,24.1811],[91.6806,24.1888],[91.6794,24.1937],[91.677,24.1953],[91.6768,24.2003],[91.6742,24.2022],[91.6667,24.2122],[91.6677,24.2157],[91.6664,24.2195],[91.668,24.2272],[91.6654,24.2335],[91.6608,24.2286],[91.6579,24.2278],[91.6543,24.2215],[91.6505,24.2189],[91.6472,24.2152],[91.6526,24.2068],[91.6538,24.2029],[91.6543,24.196],[91.6585,24.1949],[91.6593,24.1889],[91.6587,24.1828],[91.6551,24.1757],[91.6468,24.1786],[91.6442,24.1706],[91.6466,24.1566],[91.6344,24.1381],[91.6385,24.1296],[91.6412,24.1131],[91.6396,24.1085],[91.6368,24.1065],[91.6384,24.1044],[91.6364,24.1017],[91.6277,24.0993],[91.6226,24.097],[91.6141,24.0945],[91.6113,24.0923],[91.6068,24.0928],[91.5993,24.0971],[91.5957,24.0937],[91.5913,24.0926],[91.5931,24.0892],[91.5987,24.0862],[91.5974,24.0833],[91.5941,24.0829],[91.5912,24.0748],[91.5874,24.0749],[91.5861,24.0726],[91.5823,24.0734],[91.5744,24.08],[91.5726,24.0748],[91.5573,24.0768],[91.5453,24.0742],[91.5418,24.076],[91.5086,24.0864],[91.4977,24.0873],[91.4925,24.0909],[91.495,24.0955],[91.4915,24.0964],[91.488,24.0954],[91.4829,24.0978],[91.4789,24.0979],[91.4731,24.1003],[91.4706,24.0986],[91.4655,24.0986],[91.4625,24.0961],[91.4605,24.097],[91.4548,24.0966],[91.4484,24.1008],[91.4431,24.0972],[91.441,24.102],[91.4372,24.1026],[91.4309,24.1],[91.4291,24.1016],[91.4279,24.1063],[91.4144,24.1095],[91.4038,24.1091],[91.3986,24.1097],[91.3872,24.1072],[91.3795,24.1079],[91.3744,24.106],[91.3771,24.0798],[91.3966,24.0496],[91.3964,24.0423],[91.3908,24.0278],[91.3909,24.0258],[91.3742,24.0042],[91.3738,23.9986],[91.375,23.9938],[91.3781,23.9931],[91.3773,23.9829],[91.3795,23.9753],[91.3736,23.9752],[91.3679,23.9803],[91.3628,23.9831],[91.3617,23.9863],[91.3527,23.9821],[91.3473,23.9842],[91.3412,23.982],[91.3338,23.9906],[91.3299,23.9922],[91.3258,23.9923],[91.3235,23.9945],[91.3149,23.9904],[91.3036,23.9966],[91.3016,23.9938],[91.3036,23.9878],[91.2973,23.9763],[91.2998,23.9721],[91.29,23.9677],[91.288,23.9704],[91.2868,23.9758],[91.2847,23.9773],[91.2847,23.9821],[91.2715,23.9629],[91.2642,23.9442],[91.2729,23.9376],[91.2762,23.9225],[91.2717,23.9246],[91.2639,23.925],[91.2618,23.9236],[91.2521,23.926],[91.2339,23.9278],[91.233,23.927],[91.2414,23.9227],[91.2462,23.9137],[91.2448,23.9069],[91.2349,23.901],[91.2285,23.8986],[91.2296,23.8806],[91.2318,23.8781],[91.2358,23.8775],[91.2382,23.8722],[91.2385,23.868],[91.2409,23.8617],[91.2489,23.8508],[91.2499,23.8468],[91.2541,23.838],[91.2429,23.823],[91.2378,23.814],[91.2338,23.8108],[91.2339,23.8066],[91.2312,23.7975],[91.2284,23.7952],[91.2264,23.7909],[91.2285,23.7888],[91.2284,23.7856],[91.2305,23.7844],[91.2307,23.7649],[91.2252,23.7565],[91.2264,23.7511],[91.2225,23.7457],[91.219,23.7364],[91.2178,23.7399],[91.212,23.7446],[91.2104,23.7492],[91.1966,23.7511],[91.1862,23.7507],[91.183,23.7488],[91.1687,23.7497],[91.1643,23.7475],[91.1588,23.7417],[91.1564,23.7365],[91.1552,23.7305],[91.1529,23.7246],[91.1529,23.7211],[91.1492,23.7115],[91.1516,23.7054],[91.1521,23.6979],[91.1542,23.6884],[91.1685,23.6893],[91.1938,23.6899],[91.1955,23.6921],[91.2021,23.6875],[91.2037,23.6854],[91.2085,23.6864],[91.205,23.6797],[91.2024,23.6629],[91.2037,23.6583],[91.2015,23.656],[91.2046,23.6504],[91.1997,23.6497],[91.1994,23.6466],[91.1938,23.646],[91.1907,23.6469],[91.1929,23.6544],[91.185,23.6567],[91.1786,23.6576],[91.1738,23.6564],[91.1704,23.6575],[91.1665,23.6635],[91.1612,23.6639],[91.1615,23.6671],[91.157,23.6669],[91.1614,23.6543],[91.161,23.6488],[91.159,23.6419],[91.1592,23.6369],[91.161,23.6312],[91.1587,23.6289],[91.1581,23.6218],[91.1591,23.6172],[91.161,23.6139],[91.1597,23.6113],[91.1638,23.601],[91.1622,23.5987],[91.1628,23.5951],[91.1688,23.5926],[91.1771,23.5932],[91.1781,23.5917],[91.1753,23.5855],[91.1781,23.584],[91.186,23.5776],[91.1872,23.5735],[91.1953,23.562],[91.1945,23.5472],[91.199,23.5479],[91.202,23.5501],[91.2053,23.5453],[91.2105,23.5465],[91.2099,23.5487],[91.2129,23.5504],[91.213,23.5451],[91.2082,23.543],[91.2052,23.5339],[91.2007,23.523],[91.2008,23.52],[91.2078,23.512],[91.2139,23.5137],[91.2236,23.514],[91.218,23.4995],[91.2227,23.4973],[91.2297,23.4991],[91.2356,23.5018],[91.2344,23.4961],[91.2372,23.4951],[91.2364,23.489],[91.2413,23.4903],[91.2493,23.4902],[91.2522,23.481],[91.2508,23.4696],[91.2511,23.4628],[91.2534,23.4614],[91.2535,23.458],[91.2516,23.4536],[91.2558,23.4474],[91.2565,23.4415],[91.2707,23.4298],[91.2634,23.4237],[91.2764,23.4147],[91.278,23.3993],[91.2798,23.3766],[91.2852,23.377],[91.2882,23.3754],[91.2912,23.3779],[91.2943,23.3747],[91.2938,23.3712],[91.2842,23.3711],[91.2861,23.3632],[91.2949,23.3612],[91.2911,23.3507],[91.3011,23.3516],[91.3149,23.3609],[91.3201,23.3601],[91.3182,23.3532],[91.3111,23.3527],[91.3101,23.3458],[91.3108,23.3424],[91.3051,23.3434],[91.2962,23.3409],[91.2924,23.3246],[91.2899,23.3185],[91.2962,23.3134],[91.3095,23.3139],[91.3131,23.3064],[91.315,23.2966],[91.3072,23.2998],[91.3002,23.2925],[91.3023,23.2864],[91.3167,23.2819],[91.3158,23.2794],[91.3098,23.2764],[91.318,23.2529],[91.3266,23.2523],[91.3255,23.2471],[91.3187,23.2455],[91.3189,23.2398],[91.3237,23.2374],[91.3239,23.1924],[91.3247,23.1683],[91.3241,23.1599],[91.3233,23.158],[91.3331,23.1528],[91.3371,23.1311],[91.3417,23.1287],[91.3419,23.1178],[91.3476,23.1188],[91.347,23.1023],[91.3515,23.0975],[91.3698,23.0704],[91.3904,23.0599],[91.3958,23.0561],[91.3992,23.0584],[91.4063,23.059],[91.4174,23.0648],[91.4109,23.0658],[91.4132,23.0697],[91.4138,23.0761],[91.416,23.0765],[91.4165,23.0815],[91.4081,23.0835],[91.4052,23.087],[91.4061,23.0969],[91.4003,23.0964],[91.4034,23.1137],[91.397,23.1177],[91.3973,23.1301],[91.392,23.1394],[91.3893,23.1526],[91.3848,23.1562],[91.3846,23.166],[91.3852,23.1752],[91.3819,23.175],[91.383,23.1845],[91.3799,23.1845],[91.381,23.1916],[91.3855,23.1918],[91.3878,23.2079],[91.3809,23.2084],[91.3883,23.2147],[91.3921,23.22],[91.3865,23.2276],[91.4009,23.2291],[91.4003,23.2351],[91.3952,23.2425],[91.3932,23.2466],[91.4087,23.2476],[91.4007,23.2561],[91.3973,23.2562],[91.3976,23.2651],[91.4004,23.2657],[91.4031,23.2596],[91.4056,23.2566],[91.4113,23.2557],[91.4095,23.2729],[91.4089,23.2851],[91.4122,23.2825],[91.4146,23.2824],[91.4168,23.2791],[91.4174,23.2753],[91.4196,23.2733],[91.4169,23.2694],[91.4169,23.265],[91.4156,23.2626],[91.4191,23.2569],[91.4212,23.2618],[91.4247,23.2596],[91.4314,23.2624],[91.4411,23.2615],[91.4487,23.2598],[91.4542,23.2604],[91.4554,23.2564],[91.446,23.25],[91.4476,23.2464],[91.4471,23.2438],[91.4579,23.246],[91.4626,23.2398],[91.4703,23.2276],[91.454,23.2234],[91.4506,23.2195],[91.4583,23.2156],[91.4586,23.2133],[91.4754,23.2204],[91.4844,23.2092],[91.4824,23.1984],[91.4708,23.1964],[91.4849,23.1882],[91.4885,23.1921],[91.4922,23.1888],[91.5032,23.1921],[91.5043,23.1893],[91.5011,23.1853],[91.5075,23.1837],[91.5067,23.1799],[91.4974,23.1798],[91.4917,23.1776],[91.4924,23.1719],[91.4983,23.1716],[91.4948,23.1619],[91.4909,23.1576],[91.4943,23.1522],[91.5072,23.1542],[91.5073,23.1534],[91.496,23.1468],[91.4986,23.1431],[91.5016,23.1431],[91.5052,23.1405],[91.5098,23.1403],[91.5098,23.143],[91.5153,23.145],[91.5149,23.1386],[91.5031,23.1305],[91.5038,23.1272],[91.5176,23.1254],[91.5143,23.1225],[91.5154,23.1176],[91.5192,23.1177],[91.5204,23.1144],[91.5123,23.1132],[91.5113,23.1042],[91.5224,23.104],[91.5189,23.0942],[91.5285,23.0915],[91.53,23.0857],[91.5251,23.0828],[91.5353,23.0633],[91.5258,23.06],[91.525,23.0553],[91.5352,23.0553],[91.5363,23.0545],[91.5316,23.0424],[91.5305,23.0383],[91.5504,23.0384],[91.543,23.0259],[91.5384,23.0192],[91.5482,23.0192],[91.5425,22.9995],[91.5475,22.9942],[91.557,22.9966],[91.5572,22.9785],[91.5751,22.9686],[91.5768,22.9652],[91.5833,22.9707],[91.5917,22.9765],[91.5942,22.9729],[91.5997,22.9756],[91.6014,22.9713],[91.6057,22.972],[91.6053,22.966],[91.611,22.9631],[91.6133,22.9604],[91.6122,22.9578],[91.6074,22.9618],[91.6049,22.9622],[91.6001,22.9559],[91.6028,22.9534],[91.6064,22.9564],[91.6095,22.9558],[91.607,22.952],[91.6089,22.9502],[91.6144,22.9524],[91.613,22.9461],[91.6169,22.944],[91.6167,22.94],[91.6205,22.9387],[91.6255,22.944],[91.6237,22.9499],[91.6268,22.9546],[91.6245,22.9609],[91.6255,22.9623],[91.6315,22.9591],[91.6356,22.9611],[91.6372,22.9658],[91.6406,22.9707],[91.6408,22.9749],[91.6448,22.9759],[91.6458,22.9783],[91.6452,22.9839],[91.6494,22.9833],[91.6513,22.9768],[91.6552,22.9765],[91.6618,22.9792],[91.665,22.9815],[91.6701,22.9772],[91.6747,22.9801],[91.679,22.9802],[91.6825,22.9774],[91.6859,22.9808],[91.691,22.9833],[91.6937,22.9883],[91.7007,22.989],[91.7035,22.9881],[91.7072,22.9827],[91.711,22.9825],[91.7114,22.9871],[91.7127,22.9888],[91.7183,22.9866],[91.7213,22.988],[91.7228,22.9939],[91.7261,22.9989],[91.7309,23.0002],[91.7438,23.0064],[91.7454,23.0111],[91.7515,23.0182],[91.7534,23.0221],[91.7616,23.0264],[91.761,23.0294],[91.7642,23.0308],[91.7701,23.0371],[91.7676,23.0396],[91.7724,23.0407],[91.7744,23.0385],[91.7729,23.0329],[91.7739,23.0275],[91.7764,23.0269],[91.7801,23.0285],[91.7805,23.0326],[91.7841,23.0379],[91.782,23.0445],[91.7825,23.0484],[91.7775,23.0555],[91.7795,23.0592],[91.7786,23.0614],[91.7741,23.0655],[91.7745,23.0696],[91.7792,23.071],[91.7856,23.0712],[91.7863,23.068],[91.7936,23.069],[91.7934,23.064],[91.7952,23.0621],[91.7983,23.0648],[91.8036,23.0634],[91.8069,23.0639],[91.8068,23.067],[91.8119,23.066],[91.8117,23.0699],[91.8182,23.0737],[91.8178,23.0772],[91.8196,23.0797],[91.8245,23.0837],[91.8228,23.0866],[91.828,23.0888],[91.8299,23.0916],[91.8358,23.0931],[91.8337,23.0955],[91.8251,23.0989],[91.8161,23.0988],[91.8178,23.1033],[91.818,23.1114],[91.8156,23.1189],[91.813,23.1191],[91.8131,23.1265],[91.8149,23.1317],[91.8131,23.1342],[91.8091,23.1339],[91.8082,23.139],[91.8132,23.1474],[91.8101,23.1503],[91.8106,23.1535],[91.8061,23.1573],[91.8099,23.1654],[91.8058,23.1666],[91.8048,23.1686],[91.8067,23.175],[91.805,23.1755],[91.8051,23.1806],[91.7983,23.1847],[91.7956,23.1881],[91.7982,23.1896],[91.7965,23.1953],[91.7915,23.2003],[91.7885,23.2069],[91.7917,23.2076],[91.792,23.2107],[91.7883,23.2167],[91.7918,23.219],[91.7902,23.2215],[91.7912,23.2243],[91.7884,23.2287],[91.7842,23.2325],[91.7842,23.2386],[91.7822,23.2436],[91.78,23.2399],[91.7768,23.2422],[91.7795,23.2478],[91.7798,23.2536],[91.7753,23.2555],[91.7771,23.2607],[91.7762,23.2675],[91.7703,23.2709],[91.7667,23.2715],[91.7633,23.2772],[91.7615,23.2782],[91.7599,23.2839],[91.762,23.2895],[91.7607,23.2911],[91.7635,23.2946],[91.7624,23.2978],[91.7627,23.3028],[91.7652,23.305],[91.7642,23.3071],[91.7676,23.3108],[91.7741,23.3152],[91.7798,23.3178],[91.7822,23.3207],[91.7825,23.3236],[91.7871,23.3257],[91.7901,23.3257],[91.7928,23.3292],[91.7997,23.3329],[91.8046,23.3323],[91.8081,23.3368],[91.8071,23.3399],[91.8093,23.3437],[91.8122,23.3456],[91.8157,23.3446],[91.8186,23.3503],[91.8252,23.3524],[91.8257,23.3632],[91.8289,23.366],[91.8316,23.3651],[91.8324,23.3697],[91.8376,23.3706],[91.838,23.373],[91.8362,23.3864],[91.8421,23.3892],[91.8411,23.3996],[91.8454,23.4006],[91.845,23.4047],[91.8537,23.4063],[91.8572,23.4051],[91.8604,23.4062],[91.8656,23.4096],[91.8673,23.4125],[91.8706,23.4129],[91.8732,23.415],[91.8738,23.4188],[91.8824,23.4251],[91.8866,23.4265],[91.8907,23.4336],[91.8952,23.4313],[91.8989,23.4355],[91.8999,23.4394],[91.9094,23.4365],[91.9135,23.4367],[91.9185,23.4396],[91.9218,23.438],[91.9239,23.4337],[91.9329,23.4352],[91.937,23.4323],[91.9406,23.4353],[91.9431,23.4353],[91.9389,23.4569],[91.9379,23.4592],[91.9387,23.4632],[91.9367,23.4666],[91.9427,23.4661],[91.95,23.4719],[91.9565,23.4757],[91.9583,23.4794],[91.962,23.4778],[91.9655,23.4785],[91.9691,23.4764],[91.9703,23.4822],[91.9686,23.4874],[91.9723,23.4929],[91.9692,23.4964],[91.9686,23.4992],[91.971,23.5025],[91.9682,23.509],[91.9649,23.5123],[91.9653,23.5156],[91.9602,23.5184],[91.9563,23.5257],[91.9567,23.5288],[91.96,23.533],[91.9646,23.535],[91.9625,23.5402],[91.9594,23.5452],[91.9569,23.5517],[91.9588,23.5526],[91.9566,23.5603],[91.9594,23.5631],[91.9573,23.5675],[91.9588,23.5706],[91.9554,23.5755],[91.9558,23.5822],[91.9543,23.5869],[91.9556,23.59],[91.9536,23.5941],[91.9519,23.6006],[91.9535,23.6025],[91.9542,23.6098],[91.9486,23.6214],[91.9465,23.6228],[91.9478,23.6256],[91.9453,23.6285],[91.9423,23.6347],[91.9467,23.6377],[91.9457,23.6489],[91.9408,23.6538],[91.94,23.6577],[91.9412,23.6623],[91.9397,23.6751],[91.9371,23.6813],[91.934,23.6846],[91.938,23.6881],[91.9407,23.6885],[91.9407,23.693],[91.9448,23.6942],[91.9477,23.6931],[91.9506,23.6946],[91.9525,23.6928],[91.9579,23.6946],[91.9557,23.6981],[91.9507,23.6996],[91.9523,23.7048],[91.9494,23.7067],[91.95,23.7109],[91.9482,23.714],[91.9504,23.7152],[91.9541,23.7201],[91.9512,23.7211],[91.9506,23.7259],[91.9542,23.7262],[91.957,23.734],[91.9669,23.7331],[91.9673,23.7294],[91.9723,23.7317],[91.9783,23.7331],[91.9806,23.7236],[91.9853,23.7229],[91.9873,23.7082],[91.9886,23.7056],[91.9887,23.701],[91.9941,23.6916],[91.9938,23.6877],[91.9968,23.6797],[91.9991,23.6776],[92.0006,23.6706],[92.0036,23.6718],[92.0065,23.6708],[92.0085,23.6637],[92.0138,23.6629],[92.0148,23.6601],[92.0201,23.6628],[92.0242,23.6623],[92.0222,23.6582],[92.0272,23.6587],[92.0306,23.6579],[92.0333,23.6543],[92.0392,23.6514],[92.0403,23.6487],[92.0449,23.6481],[92.0463,23.6466],[92.0499,23.6494],[92.0577,23.6485],[92.0637,23.6457],[92.0679,23.6478],[92.0728,23.6465],[92.0791,23.6496],[92.0779,23.6522],[92.08,23.6621],[92.0778,23.6671],[92.0784,23.6711],[92.0805,23.6712],[92.0831,23.677],[92.083,23.6801],[92.0876,23.6804],[92.0914,23.6771],[92.0933,23.6784],[92.0978,23.6766],[92.1037,23.6809],[92.104,23.686],[92.1069,23.6887],[92.1131,23.6916],[92.1182,23.6911],[92.1208,23.6927],[92.1233,23.6967],[92.1255,23.7066],[92.129,23.7079],[92.134,23.7157],[92.1381,23.7193],[92.1425,23.726],[92.1425,23.7294],[92.1443,23.7331],[92.1487,23.7356],[92.1517,23.734],[92.1561,23.7367],[92.1627,23.7395],[92.1664,23.7401],[92.1719,23.7386],[92.1729,23.7357],[92.1708,23.7329],[92.1715,23.7266],[92.1704,23.7226],[92.1731,23.7177],[92.1766,23.7162],[92.1763,23.7123],[92.1785,23.708],[92.1829,23.7075],[92.1856,23.7105],[92.1885,23.7102],[92.1935,23.7068],[92.1984,23.7072],[92.2029,23.7057],[92.2041,23.7019],[92.207,23.7006],[92.2092,23.6958],[92.2109,23.6886],[92.2132,23.6862],[92.2124,23.6811],[92.2073,23.6776],[92.2057,23.6722],[92.2067,23.6664],[92.2066,23.661],[92.2109,23.6588],[92.2103,23.6537],[92.2118,23.6526],[92.2197,23.652],[92.2256,23.6551],[92.2259,23.6578],[92.2291,23.6636],[92.2295,23.6661],[92.233,23.6674],[92.2306,23.6753],[92.2333,23.6816],[92.232,23.6847],[92.2346,23.6864],[92.2345,23.6895],[92.2364,23.6929],[92.2404,23.6929],[92.2421,23.6949],[92.2424,23.6993],[92.2395,23.7035],[92.2395,23.7082],[92.2364,23.7117],[92.2392,23.7184],[92.2439,23.7223],[92.2577,23.7253],[92.2616,23.7234],[92.2661,23.7246],[92.2791,23.7164],[92.2786,23.7098],[92.2832,23.7067],[92.2855,23.7033],[92.2887,23.7015],[92.2898,23.6923],[92.2909,23.6906],[92.2896,23.6869],[92.2915,23.6812],[92.2891,23.68],[92.2882,23.6757],[92.2847,23.6677],[92.2835,23.6616],[92.2816,23.6613],[92.276,23.6515],[92.2734,23.6438],[92.2749,23.642],[92.2818,23.6386],[92.2766,23.6317],[92.2782,23.6281],[92.2808,23.6305],[92.2903,23.6279],[92.2958,23.6216],[92.2899,23.6198],[92.2873,23.6167],[92.2874,23.61],[92.2892,23.598],[92.2932,23.5933],[92.2947,23.5898],[92.298,23.5922],[92.3021,23.5919],[92.3017,23.5882],[92.3059,23.583],[92.3082,23.5776],[92.3051,23.5734],[92.309,23.5711],[92.3083,23.5651],[92.3069,23.5641],[92.3118,23.5597],[92.3135,23.5559],[92.3106,23.5554],[92.3088,23.5494],[92.3107,23.5471],[92.3099,23.542],[92.308,23.5409],[92.3063,23.535],[92.3095,23.5323],[92.3141,23.5331],[92.3163,23.5293],[92.3175,23.5244],[92.3131,23.5201],[92.3159,23.5138],[92.3198,23.5124],[92.3188,23.5079],[92.3192,23.5002],[92.3206,23.4947],[92.3191,23.4894],[92.3161,23.4867],[92.3218,23.4829],[92.3234,23.4789],[92.3233,23.4749],[92.3201,23.4753],[92.3171,23.4718],[92.3189,23.4702],[92.3287,23.4662],[92.3317,23.4663],[92.3307,23.4594],[92.3262,23.4597],[92.3296,23.4542],[92.3293,23.4499],[92.3308,23.4449],[92.3308,23.44],[92.3329,23.4356],[92.3381,23.4318],[92.3414,23.4355],[92.3467,23.4326],[92.3483,23.4183],[92.3477,23.4131],[92.3526,23.4135],[92.3574,23.4107],[92.3582,23.4055],[92.3558,23.401],[92.353,23.4054],[92.3535,23.3934],[92.3545,23.3891],[92.3568,23.3851],[92.353,23.3829],[92.3529,23.3804],[92.3562,23.3796],[92.3625,23.381],[92.3649,23.3794],[92.3563,23.3726],[92.3595,23.3685],[92.3639,23.3662],[92.3661,23.3677],[92.371,23.3656],[92.3757,23.3654],[92.3791,23.3618],[92.3765,23.3572],[92.3807,23.355],[92.3808,23.3516],[92.3762,23.347],[92.3748,23.3374],[92.3681,23.3253],[92.3645,23.3233],[92.3678,23.3173],[92.3757,23.3201],[92.3771,23.3189],[92.3763,23.313],[92.3852,23.307],[92.3858,23.3031],[92.3831,23.3011],[92.3846,23.2983],[92.3827,23.2961],[92.3844,23.2932],[92.3823,23.2902],[92.3812,23.2851],[92.3881,23.2813],[92.3921,23.2704],[92.3943,23.2663],[92.3928,23.2638],[92.3886,23.2654],[92.3896,23.2594],[92.3979,23.2564],[92.3984,23.2542],[92.3955,23.2487],[92.3995,23.2419],[92.4033,23.2399],[92.4014,23.2366],[92.3468,23.2357],[92.351,23.2338],[92.3514,23.2281],[92.3539,23.2198],[92.3533,23.211],[92.3543,23.2091],[92.3527,23.2051],[92.3548,23.2],[92.3528,23.1959],[92.3541,23.1901],[92.3533,23.1857],[92.3545,23.1843],[92.3602,23.1839],[92.361,23.1802],[92.3577,23.1796],[92.3565,23.1759],[92.3587,23.169],[92.3616,23.1677],[92.3624,23.1644],[92.3626,23.1564],[92.3604,23.1522],[92.361,23.1456],[92.3599,23.1443],[92.3581,23.1369],[92.359,23.133],[92.3632,23.1301],[92.366,23.1269],[92.3666,23.1225],[92.3629,23.118],[92.3606,23.1131],[92.3604,23.1099],[92.3583,23.1063],[92.359,23.104],[92.3633,23.0974],[92.3667,23.0961],[92.3697,23.0968],[92.37,23.0928],[92.3725,23.0867],[92.3751,23.0844],[92.3769,23.0867],[92.3805,23.0854],[92.3812,23.0801],[92.3855,23.077],[92.3831,23.0719],[92.3888,23.0644],[92.3874,23.0627],[92.3911,23.0601],[92.3921,23.0539],[92.39,23.0514],[92.3911,23.049],[92.3883,23.0445],[92.3882,23.0399],[92.3838,23.0379],[92.3832,23.0307],[92.3847,23.0286],[92.3806,23.017],[92.3798,23.0122],[92.3833,23.0084],[92.3842,23.0049],[92.3821,23.0009],[92.3853,22.9922],[92.3825,22.9902],[92.382,22.9876],[92.385,22.9858],[92.3814,22.9786],[92.3782,22.9766],[92.3743,22.9706],[92.3756,22.9636],[92.3733,22.9577],[92.3776,22.9552],[92.3779,22.9514],[92.3759,22.9496],[92.3733,22.9434],[92.3724,22.9351],[92.3763,22.9347],[92.3775,22.9319],[92.3763,22.9287],[92.3874,22.9293],[92.3921,22.9306],[92.3976,22.9297],[92.4013,22.9237],[92.3973,22.9182],[92.4002,22.9124],[92.4032,22.9128],[92.4034,22.917],[92.4068,22.9178],[92.4116,22.9138],[92.4152,22.9144],[92.4193,22.9189],[92.4209,22.9166],[92.4197,22.9113],[92.4214,22.9071],[92.4265,22.8972],[92.4327,22.8923],[92.4332,22.8868],[92.4365,22.8854],[92.446,22.8971],[92.4502,22.8932],[92.4506,22.8903],[92.4487,22.8819],[92.4485,22.8764],[92.458,22.8727],[92.4521,22.8649],[92.4534,22.8612],[92.4594,22.8615],[92.4601,22.8577],[92.4643,22.8551],[92.4599,22.8504],[92.4585,22.8446],[92.4629,22.8433],[92.4623,22.8411],[92.4577,22.8407],[92.458,22.837],[92.4615,22.8299],[92.4553,22.8253],[92.458,22.8235],[92.4563,22.8207],[92.4608,22.812],[92.4661,22.8091],[92.4648,22.8043],[92.466,22.8014],[92.4712,22.7981],[92.4722,22.7961],[92.4691,22.7828],[92.4724,22.7809],[92.4728,22.7759],[92.4755,22.7724],[92.4729,22.7649],[92.4764,22.7639],[92.4737,22.7604],[92.4767,22.7596],[92.476,22.7565],[92.4794,22.7528],[92.4754,22.7473],[92.4768,22.7452],[92.4822,22.747],[92.4887,22.7463],[92.4909,22.7414],[92.4942,22.7422],[92.5021,22.7373],[92.5056,22.7392],[92.5082,22.7364],[92.51,22.7294],[92.5168,22.7217],[92.5174,22.715],[92.5139,22.7103],[92.5166,22.7044],[92.5165,22.7022],[92.5189,22.6936],[92.5189,22.6879],[92.5233,22.6792],[92.5226,22.6739],[92.5255,22.6713],[92.5261,22.6652],[92.5287,22.6647],[92.5266,22.6602],[92.5241,22.6586],[92.525,22.6398],[92.5285,22.633],[92.5323,22.6332],[92.5325,22.6273],[92.5299,22.6255],[92.5275,22.6213],[92.5301,22.6203],[92.5286,22.6155],[92.5349,22.609],[92.5313,22.6092],[92.5304,22.6035],[92.5354,22.6001],[92.5362,22.5954],[92.5376,22.5944],[92.5362,22.5894],[92.5376,22.5862],[92.5373,22.5795],[92.5383,22.5754],[92.5326,22.5715],[92.5272,22.5728],[92.528,22.5656],[92.524,22.5609],[92.5243,22.5578],[92.5278,22.557],[92.5322,22.5517],[92.5316,22.5451],[92.5396,22.541],[92.5391,22.5384],[92.5415,22.5304],[92.5408,22.5256],[92.542,22.5218],[92.5439,22.5215],[92.546,22.5157],[92.5513,22.5133],[92.5487,22.5075],[92.5462,22.4996],[92.5494,22.4984],[92.5493,22.4957],[92.5443,22.4948],[92.5437,22.49],[92.5462,22.4884],[92.5443,22.4828],[92.5475,22.4759],[92.5456,22.4721],[92.5467,22.4662],[92.5464,22.4627],[92.5491,22.4596],[92.5481,22.456],[92.551,22.4541],[92.5503,22.451],[92.5513,22.4462],[92.5495,22.4435],[92.5543,22.4357],[92.5564,22.4251],[92.5546,22.4232],[92.5507,22.4226],[92.5546,22.4169],[92.5523,22.4153],[92.5531,22.411],[92.5573,22.4087],[92.5548,22.4057],[92.5595,22.3998],[92.5564,22.3978],[92.5603,22.3899],[92.5595,22.3873],[92.5611,22.3848],[92.5597,22.3815],[92.5622,22.3793],[92.5636,22.3757],[92.5626,22.3714],[92.5673,22.3708],[92.5668,22.3653],[92.571,22.357],[92.5733,22.3454],[92.5749,22.3422],[92.5737,22.3382],[92.5758,22.3313],[92.5769,22.3249],[92.5805,22.3192],[92.5781,22.3167],[92.5787,22.3128],[92.5817,22.3075],[92.5802,22.3048],[92.5828,22.2999],[92.5826,22.2879],[92.5819,22.2832],[92.5858,22.2798],[92.5809,22.2763],[92.5824,22.274],[92.5823,22.2701],[92.5855,22.2643],[92.5843,22.2613],[92.587,22.2573],[92.5909,22.2546],[92.5898,22.2505],[92.5914,22.2465],[92.5905,22.2444],[92.5918,22.2392],[92.59,22.2378],[92.5897,22.2305],[92.5885,22.2268],[92.5903,22.2231],[92.5882,22.2188],[92.5884,22.2155],[92.5918,22.2142],[92.5941,22.2068],[92.5936,22.2047],[92.5957,22.1959],[92.5961,22.186],[92.5951,22.1845],[92.5964,22.1754],[92.6043,22.1716],[92.6075,22.1719],[92.6067,22.1659],[92.6092,22.164],[92.6074,22.1604],[92.609,22.1468],[92.6109,22.1384],[92.6082,22.1343],[92.6078,22.128],[92.6057,22.1234],[92.5992,22.1231],[92.593,22.1263],[92.5894,22.1305],[92.5933,22.1374],[92.592,22.1394],[92.5786,22.1428],[92.5763,22.1395],[92.5765,22.1359],[92.5675,22.1355],[92.5641,22.1337],[92.5627,22.1278],[92.5639,22.1256],[92.5673,22.1241],[92.5728,22.1194],[92.5751,22.1162],[92.5749,22.1129],[92.5766,22.105],[92.5803,22.1016],[92.5826,22.0976],[92.5822,22.091],[92.5844,22.0895],[92.5833,22.0869],[92.5855,22.085],[92.5849,22.0825],[92.5906,22.081],[92.5897,22.076],[92.5899,22.0706],[92.5922,22.0656],[92.5956,22.0617],[92.6023,22.0599],[92.6004,22.0582],[92.6003,22.053],[92.598,22.0494],[92.5979,22.0442],[92.5992,22.0425],[92.5936,22.041],[92.5926,22.0374],[92.5934,22.0323],[92.6,22.0286],[92.5995,22.0238],[92.6005,22.0197],[92.5991,22.0142],[92.5977,22.0128],[92.5981,22.009],[92.6059,21.9995],[92.61,21.9977],[92.6101,21.9928],[92.6128,21.9901],[92.6106,21.9838],[92.6044,21.9829],[92.6032,21.98],[92.6042,21.9764],[92.6075,21.9747],[92.6214,21.9801],[92.6239,21.9828],[92.6298,21.9835],[92.6347,21.9831],[92.6368,21.9901],[92.6408,21.9923],[92.6434,21.9965],[92.6434,22.0025],[92.6483,22.0058],[92.6514,22.01],[92.6516,22.0159],[92.659,22.0152],[92.6668,22.0135],[92.6713,22.0111],[92.6767,22.0105],[92.6793,22.0112],[92.6812,22.0151],[92.6832,22.0263],[92.6849,22.0385],[92.6852,22.0455],[92.6835,22.0687],[92.6825,22.0714],[92.6818,22.0835],[92.6818,22.1031],[92.6879,22.1041],[92.6881,22.0943],[92.689,22.0921],[92.6883,22.0818],[92.6886,22.0727],[92.6925,22.0751],[92.6916,22.0797],[92.6913,22.0885],[92.6924,22.1003],[92.6912,22.1052],[92.6926,22.121],[92.6916,22.1331],[92.692,22.1391],[92.6959,22.1375],[92.697,22.1424],[92.6947,22.147],[92.6946,22.1534],[92.6991,22.155],[92.7004,22.1519],[92.7044,22.1502],[92.7074,22.1518],[92.7108,22.1508],[92.7128,22.1474],[92.7253,22.1493],[92.7276,22.1484],[92.7286,22.1442],[92.7339,22.1364],[92.7396,22.132],[92.7468,22.1303],[92.747,22.1281],[92.7539,22.1242],[92.7596,22.1258],[92.7631,22.1189],[92.7676,22.1169],[92.767,22.1138],[92.7737,22.107],[92.7779,22.1076],[92.7839,22.1054],[92.7903,22.1048],[92.7924,22.1003],[92.7956,22.0992],[92.7964,22.0948],[92.8011,22.0943],[92.8036,22.0979],[92.8114,22.0937],[92.8135,22.0891],[92.8163,22.0882],[92.8178,22.0852],[92.8167,22.0813],[92.8185,22.0747],[92.8277,22.0724],[92.831,22.0733],[92.8367,22.0717],[92.8379,22.0699],[92.8398,22.0609],[92.8423,22.0591],[92.8471,22.0604],[92.8502,22.0626],[92.8524,22.0663],[92.859,22.0669],[92.8619,22.0627],[92.8635,22.0624],[92.8632,22.0573],[92.8659,22.0516],[92.8646,22.041],[92.8649,22.037],[92.8636,22.033],[92.8639,22.0268],[92.8651,22.0237],[92.8763,22.0212],[92.8786,22.0186],[92.8786,22.0151],[92.8891,22.0127],[92.8913,22.0113],[92.892,22.0063],[92.8946,22.0027],[92.8941,21.9982],[92.8976,21.9802],[92.8979,21.9738],[92.9005,21.9577],[92.9001,21.9546],[92.9012,21.9469],[92.903,21.9407],[92.9058,21.9403],[92.9115,21.9508],[92.9114,21.961],[92.9136,21.9651],[92.9129,21.9703],[92.914,21.9755],[92.9168,21.981],[92.9188,21.9812],[92.9203,21.9856],[92.9201,21.99],[92.9218,21.9933],[92.9302,21.9962],[92.9359,22.0065],[92.9357,22.0101],[92.9325,22.0107],[92.9292,22.0084],[92.9271,22.015],[92.9299,22.0174],[92.9355,22.0159],[92.94,22.0136],[92.9423,22.0165],[92.9421,22.0201],[92.9452,22.021],[92.9476,22.0252],[92.9522,22.0297],[92.9573,22.0293],[92.961,22.0257],[92.961,22.0213],[92.9648,22.017],[92.965,22.0108],[92.9679,22.007],[92.9715,22.0069],[92.9739,22.001],[92.9782,21.9969],[92.9789,21.9918],[92.978,21.9887],[92.9806,21.9801],[92.9859,21.9801],[92.9919,21.9782],[92.9961,21.9786],[93.0033,21.9819],[93.0075,21.9825],[93.0051,21.9868],[93.0045,21.9936],[93.0027,21.9974],[93.003,22.0086],[93.0045,22.0139],[93.0043,22.017],[92.9994,22.0233],[92.9956,22.0299],[92.9949,22.0327],[92.9971,22.0346],[92.9971,22.0377],[92.995,22.0392],[92.9957,22.0476],[92.9981,22.052],[92.9975,22.0541],[93.0019,22.0579],[93.0013,22.0609],[93.0029,22.0631],[93.0014,22.0668],[93.0067,22.0712],[93.0037,22.0744],[93.0052,22.08],[93.0085,22.0808],[93.0087,22.0848],[93.0115,22.088],[93.0109,22.0918],[93.0066,22.0947],[93.0041,22.1009],[93.005,22.1044],[93.0077,22.1046],[93.0137,22.1024],[93.0231,22.1009],[93.0251,22.1018],[93.035,22.1],[93.0385,22.1003],[93.0475,22.0981],[93.0564,22.1001],[93.0588,22.1063],[93.0584,22.1125],[93.0569,22.1153],[93.0573,22.1208],[93.0543,22.1214],[93.0539,22.1253],[93.0395,22.1385],[93.0417,22.1413],[93.0401,22.145],[93.0371,22.1448],[93.0372,22.1492],[93.0414,22.151],[93.0445,22.157],[93.0423,22.1598],[93.0481,22.1634],[93.0488,22.1731],[93.042,22.1855],[93.042,22.1894],[93.038,22.1938],[93.0424,22.1951],[93.043,22.1992],[93.0469,22.2026],[93.051,22.2005],[93.0533,22.2024],[93.0568,22.2008],[93.0616,22.2044],[93.0649,22.2058],[93.0708,22.2042],[93.0803,22.2001],[93.0828,22.1999],[93.0885,22.1966],[93.0983,22.1982],[93.1108,22.204],[93.1145,22.1943],[93.1145,22.1907],[93.1169,22.1893],[93.1205,22.1824],[93.1232,22.1799],[93.1225,22.1753],[93.1269,22.173],[93.1348,22.1742],[93.141,22.176],[93.1458,22.175],[93.1508,22.1763],[93.1558,22.1814],[93.1578,22.1892],[93.1604,22.1921],[93.1613,22.1978],[93.1579,22.2005],[93.1546,22.2056],[93.1534,22.209],[93.15,22.2105],[93.1491,22.2136],[93.152,22.2157],[93.1474,22.2293],[93.1407,22.2335],[93.1437,22.2387],[93.1418,22.2431],[93.1421,22.2455],[93.1455,22.2486],[93.1496,22.2495],[93.1518,22.2475],[93.1565,22.2476],[93.16,22.2493],[93.1646,22.2498],[93.1665,22.2467],[93.1776,22.2457],[93.1813,22.2489],[93.1857,22.2502],[93.1938,22.255],[93.1993,22.2564],[93.1981,22.2602],[93.2018,22.2626],[93.2018,22.2648],[93.1981,22.2697],[93.1974,22.2788],[93.1941,22.2862],[93.1937,22.2906],[93.1974,22.2911],[93.1993,22.2931],[93.1973,22.2964],[93.1924,22.2974],[93.1899,22.3],[93.1901,22.3025],[93.1947,22.3013],[93.1956,22.3031],[93.1906,22.3088],[93.1908,22.3104],[93.195,22.3127],[93.1943,22.3171],[93.1896,22.3204],[93.1893,22.3235],[93.1963,22.3273],[93.1951,22.3327],[93.186,22.3395],[93.1881,22.3451],[93.1871,22.3491],[93.1873,22.3566],[93.1867,22.3599],[93.188,22.3655],[93.1836,22.371],[93.1835,22.3744],[93.1861,22.381],[93.1898,22.3827],[93.1851,22.3872],[93.1842,22.3923],[93.1816,22.3953],[93.1843,22.4019],[93.1875,22.4042],[93.186,22.4076],[93.183,22.4104],[93.1815,22.4189],[93.1834,22.4232],[93.1858,22.4247],[93.1853,22.4282],[93.1823,22.4293],[93.1781,22.4328],[93.1786,22.4364],[93.1761,22.4409],[93.1691,22.4428],[93.1635,22.4513],[93.1587,22.4534],[93.1546,22.4533],[93.1509,22.4545],[93.1401,22.4539],[93.1381,22.4554],[93.1357,22.4625],[93.1312,22.4665],[93.1325,22.4737],[93.1317,22.4771],[93.134,22.4821],[93.133,22.4889],[93.1345,22.49],[93.1334,22.4939],[93.1265,22.5006],[93.125,22.5035],[93.1237,22.5104],[93.1265,22.5153],[93.1282,22.5237],[93.1251,22.5255],[93.115,22.5258],[93.1096,22.5247],[93.1073,22.5287],[93.1123,22.5324],[93.1119,22.5352],[93.1092,22.5366],[93.1096,22.5484],[93.1121,22.5576],[93.1157,22.5637],[93.1207,22.5652],[93.1249,22.5704],[93.1259,22.5753],[93.1286,22.5782],[93.138,22.5828],[93.1403,22.5898],[93.14,22.5935],[93.137,22.598],[93.1376,22.6021],[93.134,22.6102],[93.1337,22.6141],[93.1289,22.6155],[93.1273,22.6171],[93.1283,22.6233],[93.1259,22.6258],[93.1209,22.6259],[93.1164,22.6311],[93.1083,22.6357],[93.107,22.64],[93.1099,22.6442],[93.1108,22.6492],[93.1091,22.6564],[93.102,22.6603],[93.1017,22.6647],[93.0955,22.6725],[93.0944,22.6796],[93.0954,22.6809],[93.1009,22.6806],[93.1019,22.6827],[93.1009,22.6861],[93.0965,22.6871],[93.0988,22.6937],[93.0965,22.6994],[93.0931,22.7003],[93.0911,22.7035],[93.0928,22.7128],[93.0968,22.7158],[93.0982,22.7195],[93.0975,22.7233],[93.0997,22.7309],[93.1031,22.7384],[93.1057,22.7422],[93.1074,22.7526],[93.104,22.7592],[93.1002,22.7646],[93.1023,22.7674],[93.0969,22.7807],[93.0957,22.7861],[93.0972,22.7877],[93.0978,22.7926],[93.0959,22.7982],[93.0964,22.8013],[93.0949,22.8067],[93.0968,22.8089],[93.105,22.8123],[93.1105,22.8181],[93.1094,22.8201],[93.1037,22.8221],[93.1041,22.8252],[93.1111,22.8269],[93.1131,22.829],[93.1104,22.8322],[93.1113,22.8342],[93.1149,22.8355],[93.1159,22.8395],[93.1181,22.8425],[93.1166,22.8461],[93.1174,22.8542],[93.1189,22.8587],[93.1173,22.8631],[93.124,22.8669],[93.127,22.8714],[93.126,22.8764],[93.1289,22.879],[93.1344,22.8922],[93.1337,22.895],[93.1299,22.8999],[93.1294,22.9022],[93.1312,22.9061],[93.1362,22.9121],[93.1408,22.9136],[93.1476,22.9105],[93.1503,22.9079],[93.1554,22.908],[93.164,22.9094],[93.1632,22.915],[93.1598,22.9175],[93.1544,22.9173],[93.1528,22.9217],[93.1494,22.9236],[93.147,22.9272],[93.1451,22.9323],[93.145,22.9375],[93.1464,22.9427],[93.1443,22.9469],[93.1389,22.9497],[93.1413,22.9571],[93.1404,22.9597],[93.1372,22.9618],[93.137,22.966],[93.1355,22.9679],[93.1369,22.9715],[93.1424,22.9715],[93.1436,22.9765],[93.1392,22.9816],[93.1402,22.9908],[93.1356,22.9919],[93.1319,22.9912],[93.1273,22.9961],[93.1255,23.003],[93.122,23.0016],[93.1202,23.003],[93.1232,23.0078],[93.1231,23.0127],[93.1254,23.0182],[93.1253,23.0243],[93.1283,23.0308],[93.1261,23.0346],[93.1258,23.0407],[93.1267,23.0439],[93.1349,23.0477],[93.1352,23.0508],[93.1333,23.0539],[93.1337,23.0583],[93.1371,23.0608],[93.1403,23.059],[93.1402,23.0533],[93.1438,23.0526],[93.1497,23.0543],[93.1519,23.053],[93.1536,23.0457],[93.1561,23.0432],[93.1595,23.044],[93.1598,23.0473],[93.1623,23.048],[93.168,23.0464],[93.1698,23.0474],[93.1757,23.0541],[93.1787,23.0554],[93.1829,23.0594],[93.1869,23.0576],[93.1872,23.0529],[93.1897,23.0517],[93.1933,23.0539],[93.2015,23.0549],[93.202,23.0508],[93.2107,23.0466],[93.2113,23.0392],[93.213,23.0364],[93.2169,23.0355],[93.2175,23.0319],[93.215,23.0281],[93.2181,23.0242],[93.2241,23.0242],[93.2251,23.0208],[93.2298,23.0199],[93.2306,23.0173],[93.2287,23.0149],[93.2305,23.0114],[93.2355,23.0113],[93.2417,23.0069],[93.2469,23.0066],[93.2586,23.008],[93.264,23.0081],[93.2673,23.0105],[93.2712,23.0107],[93.2761,23.004],[93.2801,23.0049],[93.2832,23.0084],[93.2899,23.0087],[93.2944,23.0069],[93.2982,23.0137],[93.3045,23.0202],[93.3076,23.0213],[93.3115,23.0192],[93.3142,23.0199],[93.3134,23.0262],[93.3203,23.0289],[93.3208,23.034],[93.3273,23.0387],[93.3283,23.041],[93.3274,23.0475],[93.3336,23.0486],[93.3332,23.0541],[93.3352,23.06],[93.3418,23.0575],[93.3435,23.0601],[93.3404,23.0649],[93.3404,23.0669],[93.3459,23.071],[93.3517,23.0701],[93.3522,23.0723],[93.3437,23.0753],[93.3397,23.0751],[93.3435,23.0802],[93.3436,23.0863],[93.3461,23.0872],[93.3446,23.0912],[93.3456,23.0928],[93.3503,23.0913],[93.3543,23.0968],[93.3543,23.0997],[93.3564,23.1068],[93.3582,23.1103],[93.3554,23.1131],[93.3576,23.1167],[93.3612,23.1151],[93.3642,23.116],[93.3662,23.1214],[93.373,23.1263],[93.3762,23.126],[93.378,23.1286],[93.3768,23.1319],[93.3796,23.1331],[93.3845,23.1326],[93.3871,23.1434],[93.3835,23.1445],[93.3783,23.1407],[93.3712,23.1411],[93.3683,23.1458],[93.3714,23.1523],[93.3693,23.1535],[93.37,23.157],[93.3723,23.1605],[93.3712,23.1656],[93.3722,23.1722],[93.3686,23.175],[93.3743,23.1772],[93.3779,23.1814],[93.3784,23.1847],[93.3806,23.1866],[93.377,23.1903],[93.3804,23.1994],[93.3755,23.2042],[93.378,23.2068],[93.3783,23.2124],[93.3824,23.2159],[93.388,23.2152],[93.3836,23.2239],[93.3813,23.2243],[93.3808,23.2276],[93.3821,23.2314],[93.3792,23.2337],[93.3794,23.2378],[93.3765,23.2432],[93.376,23.2486],[93.3695,23.2504],[93.3717,23.2552],[93.3702,23.2586],[93.3733,23.26],[93.3704,23.2629],[93.3687,23.2682],[93.3658,23.2698],[93.3692,23.2761],[93.3635,23.2781],[93.3627,23.2804],[93.3672,23.2831],[93.3699,23.2872],[93.3696,23.2895],[93.366,23.294],[93.3682,23.2982],[93.3685,23.3018],[93.3655,23.3051],[93.368,23.3102],[93.3655,23.3141],[93.3716,23.3135],[93.3715,23.3166],[93.367,23.3204],[93.3673,23.323],[93.3706,23.3251],[93.3729,23.3294],[93.3701,23.3331],[93.3641,23.3355],[93.3581,23.3423],[93.3583,23.3461],[93.3566,23.3492],[93.3562,23.3534],[93.3613,23.3566],[93.3639,23.3561],[93.37,23.3587],[93.3749,23.359],[93.3833,23.3619],[93.3876,23.3594],[93.3893,23.3645],[93.3874,23.3715],[93.3875,23.3747],[93.393,23.375],[93.395,23.3768],[93.397,23.3835],[93.4016,23.3837],[93.4025,23.3888],[93.3983,23.3928],[93.3981,23.3966],[93.3944,23.3972],[93.3915,23.4083],[93.3908,23.4186],[93.3886,23.4202],[93.3903,23.4274],[93.3893,23.4319],[93.3907,23.4365],[93.3899,23.44],[93.3911,23.442],[93.3882,23.4449],[93.3887,23.4487],[93.393,23.4502],[93.396,23.4537],[93.3924,23.4579],[93.3943,23.4649],[93.3972,23.466],[93.3982,23.4748],[93.3954,23.475],[93.3927,23.4781],[93.3955,23.4813],[93.3958,23.4858],[93.3938,23.4867],[93.3953,23.4926],[93.3945,23.4994],[93.3948,23.504],[93.397,23.505],[93.3972,23.5096],[93.4016,23.5099],[93.4046,23.5136],[93.4038,23.5167],[93.4088,23.5173],[93.409,23.5227],[93.4147,23.5309],[93.4161,23.5367],[93.4183,23.539],[93.4183,23.5418],[93.4158,23.5439],[93.4147,23.5488],[93.4126,23.5535],[93.4124,23.5564],[93.4098,23.5591],[93.4129,23.5614],[93.415,23.5712],[93.4181,23.5687],[93.4214,23.5705],[93.4238,23.5854],[93.4286,23.5883],[93.4259,23.591],[93.4276,23.5941],[93.4259,23.5964],[93.4265,23.5993],[93.4243,23.6046],[93.4216,23.6078],[93.4205,23.6116],[93.4224,23.6155],[93.4201,23.6229],[93.4216,23.6266],[93.4245,23.6287],[93.4227,23.6312],[93.4236,23.6335],[93.4183,23.6359],[93.4172,23.6418],[93.4184,23.6467],[93.4204,23.6496],[93.4203,23.653],[93.4241,23.6561],[93.4224,23.66],[93.4258,23.6622],[93.4256,23.6643],[93.4283,23.6672],[93.4311,23.6734],[93.4357,23.6777],[93.4366,23.6872],[93.4285,23.6876],[93.4255,23.6896],[93.4256,23.6919],[93.4226,23.6945],[93.4194,23.7015],[93.4102,23.7038],[93.4073,23.7076],[93.4058,23.714],[93.4094,23.7167],[93.4112,23.7197],[93.4099,23.7273],[93.411,23.7294],[93.4065,23.7326],[93.404,23.7377],[93.4038,23.7453],[93.4016,23.7474],[93.3949,23.7498],[93.3952,23.7539],[93.3916,23.7567],[93.3957,23.7685],[93.3942,23.7752],[93.3965,23.7805],[93.3963,23.7865],[93.3977,23.7879],[93.3979,23.7928],[93.4018,23.7951],[93.403,23.7975],[93.4022,23.8025],[93.4033,23.807],[93.4008,23.8127],[93.3971,23.814],[93.3945,23.8174],[93.39,23.8185],[93.3923,23.8239],[93.3885,23.8256],[93.3899,23.8294],[93.3888,23.8324],[93.3893,23.8369],[93.385,23.8481],[93.3876,23.8552],[93.3857,23.8581],[93.388,23.8613],[93.3887,23.8649],[93.3846,23.8735],[93.3847,23.8771],[93.3875,23.8818],[93.3903,23.8964],[93.39,23.9019],[93.3918,23.9065],[93.3914,23.9142],[93.3947,23.9166],[93.3917,23.9182],[93.3942,23.9239],[93.3907,23.9238],[93.3912,23.9292],[93.3863,23.9311],[93.3849,23.9301],[93.3799,23.9343],[93.3748,23.9321],[93.3654,23.9336],[93.3643,23.9376],[93.3594,23.9415],[93.3617,23.9438],[93.3575,23.9455],[93.3544,23.9446],[93.3532,23.9469],[93.3528,23.9535],[93.3511,23.9617],[93.3469,23.9619],[93.341,23.9698],[93.344,23.9712],[93.3433,23.9751],[93.3376,23.9754],[93.3351,23.98],[93.3336,23.9853],[93.3372,23.9889],[93.3342,23.9922],[93.3343,23.9977],[93.3321,24],[93.3345,24.0047],[93.3328,24.0084],[93.3333,24.0147],[93.3312,24.0148],[93.3294,24.0191],[93.3316,24.0211],[93.3358,24.0192],[93.3388,24.0221],[93.3378,24.0256],[93.3343,24.0272],[93.3313,24.027],[93.3313,24.0302],[93.3264,24.0292],[93.3287,24.0338],[93.3349,24.0352],[93.3324,24.038],[93.332,24.0425],[93.3281,24.0421],[93.3259,24.046],[93.3262,24.0519],[93.328,24.0535],[93.3316,24.053],[93.3353,24.057],[93.3372,24.0675],[93.3336,24.0694],[93.3346,24.0729],[93.3283,24.0774],[93.3284,24.0804],[93.3313,24.0824],[93.3309,24.0854],[93.335,24.0901],[93.3452,24.0915],[93.3481,24.0879],[93.3512,24.0908],[93.3497,24.0952],[93.3468,24.0945],[93.3429,24.0972],[93.3419,24.102],[93.3475,24.1044],[93.3513,24.0979],[93.3592,24.0941],[93.3578,24.0916],[93.3646,24.0921],[93.3737,24.0903],[93.3797,24.0883],[93.3828,24.086],[93.3873,24.0855],[93.3901,24.0827],[93.399,24.0852],[93.403,24.0812],[93.4069,24.0799],[93.4101,24.0734],[93.4141,24.0741],[93.4169,24.0714],[93.4159,24.0692],[93.42,24.0662],[93.4224,24.0588],[93.4258,24.0515],[93.425,24.0454],[93.4274,24.0429],[93.4295,24.0368],[93.43,24.0311],[93.4333,24.0271],[93.4327,24.0246],[93.4379,24.0167],[93.4432,24.0137],[93.4497,24.0153],[93.4541,24.0115],[93.4541,24.0051],[93.4527,24.0004],[93.4537,23.9989],[93.4581,23.9992],[93.462,23.9974],[93.4638,23.991],[93.4626,23.9835],[93.4606,23.981],[93.4611,23.9774],[93.4634,23.9735],[93.469,23.9692],[93.4715,23.9647],[93.4768,23.9615],[93.4816,23.9571],[93.4844,23.9572],[93.4928,23.9506],[93.4968,23.9518],[93.4969,23.9488],[93.5001,23.9444],[93.5028,23.9446],[93.5048,23.9422],[93.5115,23.9433],[93.5148,23.9425],[93.5174,23.9455],[93.5195,23.9506],[93.5247,23.9562],[93.53,23.9545],[93.5347,23.9594],[93.5436,23.9609],[93.5455,23.9584],[93.5501,23.9592],[93.5524,23.9614],[93.5541,23.9722],[93.5572,23.9811],[93.5598,23.9821],[93.5648,23.9802],[93.5696,23.9768],[93.5704,23.9705],[93.5739,23.9685],[93.58,23.9625],[93.5832,23.962],[93.5879,23.9596],[93.5917,23.9606],[93.5925,23.9638],[93.5964,23.9655],[93.599,23.9724],[93.6035,23.9725],[93.6075,23.9713],[93.609,23.9776],[93.6078,23.9802],[93.6094,23.9847],[93.6138,23.992],[93.612,23.9975],[93.6149,24.0033],[93.6181,24.0077],[93.6234,24.0109],[93.6262,24.0111],[93.6293,24.0087],[93.6365,24.0105],[93.6425,24.0087],[93.6543,24.0081],[93.6535,24.0053],[93.6575,24.0018],[93.659,24.0029],[93.6636,24.0015],[93.6716,24.0024],[93.6753,24.0057],[93.6841,24.0061],[93.6898,24.0086],[93.6936,24.0064],[93.7002,24.0042],[93.7181,24.0002],[93.7218,23.9978],[93.725,23.9973],[93.7277,23.999],[93.7344,23.9992],[93.7442,24.0028],[93.7473,24.0028],[93.7509,24.005],[93.7595,24.003],[93.7634,23.9947],[93.7622,23.9914],[93.765,23.9899],[93.7648,23.9861],[93.77,23.9784],[93.7731,23.9675],[93.7761,23.9669],[93.7817,23.9613],[93.7854,23.9614],[93.7861,23.9588],[93.7899,23.9553],[93.7925,23.9512],[93.7951,23.9504],[93.7985,23.9452],[93.798,23.9437],[93.8008,23.9385],[93.7997,23.9329],[93.8074,23.9271],[93.8156,23.9263],[93.8191,23.9237],[93.8218,23.9241],[93.8248,23.9265],[93.8313,23.9266],[93.8346,23.93],[93.8393,23.9318],[93.8415,23.9315],[93.853,23.9328],[93.8594,23.932],[93.8698,23.9384],[93.8714,23.9409],[93.8763,23.9421],[93.8829,23.9418],[93.8923,23.9498],[93.8946,23.9525],[93.9026,23.9499],[93.9122,23.9504],[93.9195,23.9517],[93.928,23.9496],[93.9305,23.9503],[93.9396,23.947],[93.9446,23.9461],[93.9496,23.942],[93.9541,23.935],[93.9544,23.9325],[93.9583,23.9295],[93.9621,23.928],[93.9641,23.9296],[93.9692,23.9265],[93.976,23.9248],[93.9804,23.9287],[93.9851,23.9268],[93.9888,23.9282],[93.9954,23.9238],[93.9985,23.92],[94.0053,23.9189],[94.0193,23.912],[94.0331,23.8972],[94.0468,23.8882],[94.0622,23.8806],[94.069,23.8813],[94.0843,23.8814],[94.0953,23.8715],[94.1023,23.8561],[94.1085,23.8475],[94.1207,23.8328],[94.1256,23.8333],[94.1331,23.8415],[94.1357,23.8491],[94.1376,23.8524],[94.1408,23.8538],[94.1515,23.8525],[94.155,23.8552],[94.157,23.8635],[94.1585,23.8877],[94.1622,23.9196],[94.1654,23.9296],[94.176,23.9333],[94.1806,23.9369],[94.1848,23.9388],[94.1869,23.9413],[94.1873,23.9646],[94.1985,23.9879],[94.2158,24.0136],[94.234,24.0393],[94.2345,24.0431],[94.23,24.0555],[94.2307,24.0574],[94.2366,24.0569],[94.2389,24.0578],[94.2427,24.0685],[94.2458,24.0716],[94.2515,24.0819],[94.2541,24.0921],[94.2549,24.1066],[94.2536,24.1242],[94.2552,24.1406],[94.2579,24.152],[94.2599,24.1623],[94.2617,24.1671],[94.2794,24.1759],[94.2832,24.1793],[94.284,24.1852],[94.2829,24.2034],[94.2842,24.2124],[94.2885,24.2228],[94.2927,24.236],[94.2955,24.2377],[94.3038,24.2402],[94.3108,24.2459],[94.3153,24.2527],[94.3195,24.2638],[94.3239,24.278],[94.3249,24.291],[94.3236,24.3104],[94.3253,24.3217],[94.3285,24.3297],[94.3352,24.3324],[94.3436,24.3322],[94.354,24.3345],[94.3565,24.3452],[94.3618,24.3525],[94.3717,24.3641],[94.3801,24.3746],[94.3806,24.3782],[94.374,24.3874],[94.3671,24.393],[94.3702,24.3975],[94.3804,24.4015],[94.3955,24.4057],[94.3976,24.4073],[94.3992,24.414],[94.403,24.4243],[94.4087,24.4371],[94.4077,24.4402],[94.4022,24.4459],[94.4013,24.4495],[94.4016,24.4564],[94.4031,24.4753],[94.4051,24.4778],[94.4091,24.4793],[94.4207,24.4803],[94.4252,24.4861],[94.432,24.4988],[94.4387,24.5101],[94.447,24.5275],[94.4521,24.5415],[94.4572,24.5524],[94.4615,24.558],[94.4666,24.5615],[94.4793,24.5664],[94.4864,24.57],[94.4922,24.5746],[94.5001,24.5843],[94.5185,24.604],[94.5292,24.618],[94.5445,24.6449],[94.5501,24.6589],[94.5511,24.6698],[94.5531,24.6828],[94.5527,24.6899],[94.5501,24.6981],[94.5481,24.7095],[94.5497,24.7128],[94.5553,24.7148],[94.5679,24.7146],[94.5728,24.7129],[94.5777,24.7217],[94.5796,24.7164],[94.5782,24.7117],[94.5801,24.709],[94.5851,24.7054],[94.5915,24.7095],[94.6016,24.7095],[94.6051,24.7123],[94.6072,24.7175],[94.6067,24.7225],[94.6095,24.7248],[94.6109,24.7286],[94.6107,24.7335],[94.6134,24.7382],[94.6126,24.74],[94.6171,24.7458],[94.6223,24.7493],[94.6284,24.7548],[94.6293,24.7606],[94.6278,24.7651],[94.6245,24.7678],[94.6225,24.7712],[94.6221,24.7749],[94.6186,24.7798],[94.6196,24.7857],[94.622,24.7882],[94.6233,24.7939],[94.6257,24.799],[94.6291,24.8017],[94.63,24.8074],[94.63,24.814],[94.6291,24.8163],[94.6326,24.8234],[94.6325,24.8304],[94.6336,24.8351],[94.6319,24.8395],[94.638,24.8431],[94.639,24.8453],[94.6459,24.8498],[94.6506,24.8563],[94.6483,24.8597],[94.6523,24.8628],[94.6544,24.868],[94.6595,24.8723],[94.6636,24.8712],[94.6659,24.8741],[94.674,24.8751],[94.6756,24.8802],[94.6795,24.8843],[94.684,24.8875],[94.688,24.8883],[94.6868,24.8915],[94.6909,24.8999],[94.691,24.904],[94.6932,24.9059],[94.6937,24.9121],[94.6972,24.9189],[94.7016,24.9246],[94.7023,24.9297],[94.7102,24.9289],[94.7134,24.9355],[94.7095,24.9389],[94.7073,24.9426],[94.706,24.9497],[94.7017,24.953],[94.7016,24.9558],[94.6969,24.9591],[94.6975,24.966],[94.6967,24.9686],[94.7012,24.9748],[94.7026,24.9825],[94.7086,24.9889],[94.7202,24.9952],[94.7269,25],[94.7266,25.0024],[94.7291,25.0057],[94.7276,25.0094],[94.7287,25.0118],[94.7327,25.0151],[94.7348,25.0199],[94.7386,25.0236],[94.7375,25.0271],[94.7441,25.0375],[94.7421,25.0388],[94.742,25.0427],[94.7442,25.0477],[94.742,25.0514],[94.7447,25.06],[94.7434,25.0627],[94.7385,25.0648],[94.7418,25.0718],[94.7449,25.0806],[94.7396,25.0926],[94.7394,25.0971],[94.7408,25.1038],[94.7397,25.1069],[94.7362,25.1103],[94.7368,25.1133],[94.7396,25.117],[94.7407,25.1204],[94.7403,25.127],[94.7362,25.1349],[94.7296,25.1344],[94.7189,25.1384],[94.7159,25.1379],[94.7099,25.1413],[94.7078,25.1442],[94.7029,25.1454],[94.7008,25.1507],[94.6969,25.1548],[94.6918,25.1559],[94.6892,25.1578],[94.6845,25.1514],[94.6802,25.1493],[94.6778,25.1511],[94.6773,25.1546],[94.6747,25.1562],[94.6694,25.1574],[94.6646,25.1627],[94.6533,25.1657],[94.6483,25.1683],[94.6408,25.1661],[94.637,25.1689],[94.6348,25.172],[94.6288,25.1754],[94.6264,25.1798],[94.6236,25.1814],[94.622,25.1851],[94.6194,25.1867],[94.6113,25.182],[94.6056,25.1815],[94.6039,25.1859],[94.6003,25.1875],[94.5971,25.1904],[94.5917,25.1931],[94.5912,25.1987],[94.589,25.2029],[94.5806,25.212],[94.5775,25.2127],[94.5782,25.2158],[94.5824,25.2229],[94.5826,25.2272],[94.5852,25.2292],[94.5851,25.2385],[94.5873,25.2458],[94.5857,25.2484],[94.5889,25.2531],[94.5894,25.2574],[94.5848,25.2652],[94.5881,25.2727],[94.5919,25.2792],[94.5933,25.2859],[94.5986,25.2927],[94.5997,25.2966],[94.6057,25.3062],[94.6041,25.3088],[94.6066,25.3153],[94.6119,25.3212],[94.618,25.3299],[94.6205,25.3386],[94.6236,25.3436],[94.6225,25.3459],[94.629,25.3489],[94.6346,25.3584],[94.6324,25.3607],[94.6337,25.3649],[94.6332,25.3734],[94.632,25.382],[94.6323,25.389],[94.6346,25.395],[94.6409,25.3987],[94.6459,25.4026],[94.649,25.4064],[94.6562,25.4047],[94.6597,25.4059],[94.6671,25.4146],[94.6702,25.4192],[94.6698,25.4213],[94.6725,25.424],[94.673,25.4276],[94.6709,25.4368],[94.6712,25.4429],[94.6752,25.4456],[94.6812,25.4553],[94.6836,25.4664],[94.6929,25.4656],[94.6959,25.4672],[94.703,25.4679],[94.71,25.4718],[94.719,25.47],[94.7196,25.4722],[94.7251,25.4736],[94.7283,25.4766],[94.7372,25.4785],[94.7448,25.4818],[94.7471,25.486],[94.7471,25.4886],[94.7514,25.4939],[94.7577,25.4914],[94.762,25.482],[94.7696,25.4809],[94.7769,25.4814],[94.7835,25.4804],[94.7848,25.4815],[94.7865,25.4874],[94.7887,25.4896],[94.8005,25.4918],[94.8064,25.4919],[94.808,25.4933],[94.8082,25.4989],[94.81,25.5052],[94.8128,25.5119],[94.8164,25.5169],[94.819,25.5173],[94.8254,25.5238],[94.8234,25.5298],[94.8235,25.5334],[94.8255,25.5391],[94.8258,25.5425],[94.8294,25.5436],[94.8326,25.5479],[94.8344,25.5527],[94.8378,25.553],[94.8412,25.5571],[94.8429,25.5569],[94.8459,25.5619],[94.8527,25.5642],[94.8583,25.5637],[94.8735,25.5637],[94.8794,25.5624],[94.885,25.5635],[94.8887,25.5664],[94.8985,25.5653],[94.8975,25.5705],[94.8923,25.5755],[94.8907,25.5789],[94.8844,25.5843],[94.8816,25.5851],[94.8823,25.5917],[94.8886,25.5955],[94.8938,25.5976],[94.8981,25.5963],[94.9017,25.5992],[94.9092,25.6024],[94.9151,25.6077],[94.9162,25.6149],[94.9163,25.6214],[94.9179,25.6271],[94.9219,25.6349],[94.9213,25.6404],[94.9228,25.6454],[94.9253,25.6501],[94.9324,25.6571],[94.9332,25.6625],[94.936,25.6676],[94.9419,25.6708],[94.9504,25.674],[94.9521,25.6784],[94.9598,25.6841],[94.971,25.6895],[94.973,25.6941],[94.9767,25.6975],[94.9797,25.6982],[94.9858,25.7034],[94.9891,25.7071],[94.9913,25.7178],[94.9924,25.7204],[94.996,25.7224],[94.9968,25.7246],[95.0026,25.7287],[95.0075,25.7307],[95.0152,25.7324],[95.0248,25.7329],[95.0259,25.7357],[95.0294,25.7383],[95.0335,25.7397],[95.0372,25.7395],[95.0399,25.7412],[95.0451,25.7552],[95.049,25.7594],[95.0446,25.7698],[95.044,25.7737],[95.0462,25.777],[95.0464,25.7851],[95.05,25.7929],[95.05,25.8],[95.0467,25.8018],[95.0388,25.8099],[95.0333,25.8142],[95.0332,25.8239],[95.0295,25.8331],[95.0305,25.8382],[95.0295,25.8399],[95.0237,25.8438],[95.0202,25.8522],[95.0206,25.8534],[95.0179,25.8607],[95.0132,25.8628],[95.009,25.8677],[95.0103,25.8745],[95.0194,25.8814],[95.0189,25.8855],[95.0153,25.8899],[95.0148,25.8935],[95.0118,25.8978],[95.015,25.902],[95.0238,25.9093],[95.0306,25.9183],[95.0327,25.926],[95.0358,25.9269],[95.0439,25.9269],[95.0467,25.9285],[95.0477,25.9344],[95.0588,25.9404],[95.0626,25.9402],[95.0644,25.9426],[95.0724,25.9417],[95.0837,25.9499],[95.0895,25.9505],[95.0958,25.9556],[95.1006,25.9626],[95.1011,25.9656],[95.1068,25.971],[95.1102,25.9705],[95.1143,25.9748],[95.117,25.985],[95.1258,25.9857],[95.128,25.9913],[95.1331,25.9956],[95.1349,26.0009],[95.1376,26.0031],[95.1412,26.009],[95.1452,26.011],[95.1451,26.014],[95.1486,26.0156],[95.1525,26.0212],[95.156,26.0222],[95.1595,26.0261],[95.1593,26.0285],[95.1612,26.0366],[95.1637,26.0434],[95.163,26.0456],[95.1645,26.0495],[95.1737,26.061],[95.1796,26.0665],[95.1838,26.0687],[95.1858,26.0735],[95.183,26.0751],[95.182,26.0784],[95.1768,26.0813],[95.176,26.0841],[95.1701,26.0858],[95.1653,26.0921],[95.1616,26.0917],[95.1576,26.0892],[95.155,26.0894],[95.1512,26.0864],[95.1479,26.0873],[95.142,26.0944],[95.1297,26.0947],[95.1212,26.0981],[95.118,26.1006],[95.1164,26.1063],[95.1158,26.1133],[95.1212,26.1186],[95.1225,26.1246],[95.1263,26.1285],[95.1259,26.1313],[95.1227,26.1336],[95.1216,26.1384],[95.1191,26.1403],[95.1233,26.1447],[95.1191,26.1485],[95.1196,26.1535],[95.1172,26.1586],[95.1172,26.1625],[95.1189,26.1665],[95.1251,26.1742],[95.1266,26.1778],[95.1232,26.1804],[95.1219,26.1841],[95.1225,26.1872],[95.1314,26.2],[95.1409,26.209],[95.1423,26.212],[95.1328,26.2156],[95.1278,26.2214],[95.1225,26.2235],[95.118,26.2275],[95.1146,26.2329],[95.1162,26.2367],[95.12,26.2419],[95.1255,26.2466],[95.1246,26.2502],[95.1273,26.2538],[95.1233,26.2562],[95.1203,26.2612],[95.1198,26.2645],[95.1208,26.2716],[95.1248,26.2763],[95.1255,26.2812],[95.1245,26.2865],[95.1284,26.2941],[95.1281,26.3022],[95.1226,26.3079],[95.1248,26.3128],[95.1256,26.3241],[95.1225,26.3256],[95.123,26.3308],[95.1282,26.3364],[95.128,26.3404],[95.1213,26.3498],[95.1232,26.352],[95.1226,26.3581],[95.1286,26.3659],[95.1307,26.3704],[95.1306,26.3748],[95.1322,26.3775],[95.1286,26.3858],[95.1251,26.3879],[95.1208,26.3864],[95.1186,26.3895],[95.1084,26.3953],[95.0998,26.3952],[95.0965,26.4011],[95.098,26.4022],[95.0988,26.4068],[95.1028,26.4117],[95.1039,26.4207],[95.0988,26.4259],[95.0971,26.4299],[95.0949,26.4311],[95.0938,26.4357],[95.087,26.4412],[95.0843,26.4446],[95.0811,26.4463],[95.0758,26.446],[95.0738,26.4478],[95.0652,26.4422],[95.063,26.4454],[95.0621,26.4494],[95.0666,26.4574],[95.0686,26.4629],[95.0716,26.464],[95.0728,26.4724],[95.0764,26.476],[95.083,26.4796],[95.0823,26.4817],[95.0841,26.4852],[95.0892,26.4901],[95.0961,26.4925],[95.0995,26.4985],[95.1002,26.5058],[95.1057,26.5082],[95.1097,26.5136],[95.1145,26.5185],[95.1162,26.524],[95.1136,26.5292],[95.1132,26.5361],[95.1075,26.5399],[95.1075,26.5415],[95.114,26.5476],[95.1224,26.5515],[95.123,26.5555],[95.1273,26.5585],[95.1319,26.5568],[95.1391,26.557],[95.1385,26.5605],[95.1414,26.5652],[95.141,26.5674],[95.1473,26.5748],[95.1479,26.5791],[95.1542,26.5831],[95.1511,26.586],[95.1502,26.5892],[95.1466,26.5931],[95.1479,26.5971],[95.1466,26.6006],[95.1479,26.6023],[95.1472,26.6087],[95.1489,26.6159],[95.154,26.6173],[95.1627,26.6213],[95.1677,26.6285],[95.1669,26.6344],[95.1704,26.6352],[95.1748,26.639],[95.18,26.6415],[95.1885,26.6428],[95.1929,26.6415],[95.1997,26.6427],[95.1996,26.6448],[95.2081,26.6478],[95.2122,26.6512],[95.2143,26.6574],[95.2196,26.6608],[95.2214,26.6654],[95.2292,26.6737],[95.2294,26.6758],[95.2323,26.6788],[95.2338,26.6822],[95.244,26.6825],[95.2498,26.6833],[95.2571,26.6762],[95.2588,26.6722],[95.2576,26.6703],[95.2567,26.6609],[95.2587,26.6558],[95.272,26.6574],[95.2743,26.6586],[95.281,26.656],[95.2852,26.6554],[95.2934,26.6522],[95.2956,26.6529],[95.3005,26.651],[95.304,26.651],[95.3143,26.6631],[95.3171,26.6647],[95.32,26.664],[95.3266,26.6646],[95.3273,26.6686],[95.3352,26.6725],[95.3355,26.6744],[95.344,26.6754],[95.3485,26.6749],[95.3514,26.672],[95.3554,26.6727],[95.3608,26.6711],[95.3656,26.6744],[95.37,26.6793],[95.3724,26.6835],[95.3762,26.6848],[95.3823,26.6845],[95.3878,26.6853],[95.3942,26.6851],[95.4011,26.6893],[95.4027,26.6947],[95.4092,26.6957],[95.4125,26.694],[95.4196,26.6957],[95.4291,26.7009],[95.4323,26.704],[95.4307,26.7076],[95.4319,26.7109],[95.4319,26.7161],[95.4344,26.7191],[95.442,26.7229],[95.4537,26.7349],[95.4551,26.7386],[95.4591,26.7439],[95.4659,26.7448],[95.4739,26.7412],[95.4828,26.7474],[95.4842,26.7571],[95.4895,26.7632],[95.4924,26.7709],[95.4958,26.7762],[95.4958,26.7784],[95.4992,26.7843],[95.5027,26.7873],[95.5048,26.792],[95.504,26.795],[95.5056,26.7983],[95.5057,26.8018],[95.5083,26.8095],[95.5145,26.8095],[95.5234,26.8145],[95.5245,26.8221],[95.5319,26.8273],[95.5354,26.8269],[95.5383,26.8319],[95.5447,26.8344],[95.5486,26.8341],[95.5508,26.8322],[95.5547,26.8318],[95.5637,26.8215],[95.5715,26.8159],[95.5735,26.8169],[95.581,26.8163],[95.587,26.8172],[95.5899,26.8154],[95.5953,26.8147],[95.5994,26.8117],[95.6034,26.8116],[95.6084,26.8144],[95.6114,26.8193],[95.6129,26.8254],[95.6152,26.8262],[95.6212,26.8319],[95.6229,26.8366],[95.6273,26.8433],[95.6268,26.8474],[95.6285,26.8516],[95.6295,26.8581],[95.6269,26.8616],[95.6297,26.8651],[95.6342,26.868],[95.6318,26.8735],[95.6392,26.8761],[95.6447,26.8768],[95.6465,26.8809],[95.6467,26.8845],[95.6505,26.8865],[95.653,26.8918],[95.6567,26.8927],[95.6607,26.8954],[95.662,26.898],[95.667,26.9029],[95.6746,26.9012],[95.6795,26.8957],[95.6862,26.8955],[95.6883,26.8936],[95.6946,26.8921],[95.7027,26.8841],[95.7061,26.8822],[95.7139,26.88],[95.7162,26.8785],[95.7256,26.8835],[95.7296,26.8898],[95.7341,26.8936],[95.7405,26.8939],[95.7449,26.8973],[95.7467,26.9039],[95.7513,26.909],[95.7474,26.9148],[95.7465,26.9187],[95.7479,26.9258],[95.7557,26.9298],[95.7564,26.9353],[95.7598,26.9366],[95.7596,26.9452],[95.7572,26.951],[95.7606,26.9576],[95.7603,26.9637],[95.7651,26.9684],[95.766,26.9725],[95.7685,26.9769],[95.7763,26.9767],[95.7811,26.9778],[95.7818,26.9832],[95.7834,26.9865],[95.7834,26.9901],[95.7963,26.9977],[95.8025,27.008],[95.8012,27.0123],[95.8033,27.0155],[95.8227,27.0096],[95.8256,27.0102],[95.8301,27.0075],[95.8358,27.0092],[95.842,27.0137],[95.8505,27.0143],[95.8581,27.0119],[95.8631,27.0134],[95.8695,27.0125],[95.8758,27.0144],[95.8759,27.0193],[95.878,27.0219],[95.8869,27.0261],[95.8891,27.0238],[95.8952,27.0262],[95.8985,27.031],[95.9014,27.0326],[95.9042,27.0387],[95.911,27.0367],[95.9166,27.0403],[95.9225,27.0416],[95.9263,27.0451],[95.9331,27.0455],[95.9456,27.0515],[95.9494,27.0575],[95.9515,27.0645],[95.9535,27.0663],[95.9552,27.073],[95.9552,27.0763],[95.9578,27.0805],[95.965,27.0869],[95.964,27.0928],[95.9675,27.0955],[95.9686,27.0999],[95.9752,27.1042],[95.9798,27.1096],[95.9859,27.1135],[95.9882,27.1201],[95.9918,27.1226],[95.9937,27.1273],[95.9972,27.1309],[95.9988,27.1352],[96.0007,27.1353],[96.0105,27.1422],[96.0099,27.1455],[96.0154,27.1518],[96.0154,27.1557],[96.0186,27.1608],[96.0197,27.1664],[96.0183,27.1696],[96.025,27.1806],[96.0316,27.186],[96.0358,27.1859],[96.0457,27.191],[96.0546,27.1963],[96.0576,27.2016],[96.0633,27.2036],[96.0646,27.206],[96.0711,27.2052],[96.0774,27.2084],[96.078,27.2106],[96.0828,27.2129],[96.0895,27.2201],[96.091,27.2235],[96.0996,27.2243],[96.1114,27.2316],[96.1206,27.2314],[96.1258,27.2359],[96.1305,27.2363],[96.1368,27.2414],[96.1452,27.2414],[96.1497,27.2432],[96.1552,27.2482],[96.1567,27.2474],[96.1627,27.2482],[96.1701,27.2478],[96.1825,27.2496],[96.1854,27.2491],[96.1877,27.2515],[96.189,27.2558],[96.1936,27.2615],[96.2051,27.26],[96.2108,27.2623],[96.2104,27.2647],[96.214,27.2655],[96.2174,27.2685],[96.2242,27.2726],[96.2283,27.2786],[96.2309,27.2762],[96.2424,27.2767],[96.2456,27.2763],[96.2476,27.2727],[96.2515,27.2741],[96.2563,27.2745],[96.2593,27.2722],[96.2684,27.2723],[96.2707,27.2715],[96.2755,27.2795],[96.2749,27.2835],[96.2839,27.2847],[96.2853,27.2867],[96.2929,27.2893],[96.295,27.2916],[96.2988,27.2928],[96.3083,27.2941],[96.3116,27.2919],[96.3231,27.2906],[96.3261,27.2889],[96.3303,27.2897],[96.3336,27.2862],[96.3408,27.2851],[96.3459,27.2855],[96.3489,27.2881],[96.3493,27.2929],[96.3525,27.2951],[96.3604,27.2891],[96.3674,27.287],[96.3693,27.29],[96.3728,27.2867],[96.3771,27.285],[96.3797,27.2863],[96.3845,27.2851],[96.3922,27.2863],[96.3969,27.2899],[96.403,27.2918],[96.4062,27.2882],[96.4132,27.2921],[96.4158,27.2974],[96.4233,27.302],[96.4273,27.3016],[96.4358,27.3025],[96.4406,27.3063],[96.4447,27.3018],[96.449,27.303],[96.4508,27.3014],[96.4548,27.3023],[96.4572,27.3065],[96.4624,27.3062],[96.4659,27.3031],[96.4706,27.3007],[96.481,27.2993],[96.4892,27.2963],[96.489,27.3011],[96.4912,27.3026],[96.5026,27.2988],[96.5081,27.2991],[96.5125,27.2963],[96.512,27.2933],[96.5157,27.2904],[96.5176,27.2864],[96.5239,27.2865],[96.5284,27.2939],[96.5304,27.2941],[96.5353,27.2991],[96.5415,27.3008],[96.5432,27.3029],[96.5425,27.309],[96.549,27.312],[96.5515,27.3141],[96.5512,27.3185],[96.5553,27.3204],[96.5576,27.3185],[96.5644,27.3186],[96.5681,27.3224],[96.5707,27.322],[96.5744,27.3241],[96.5795,27.3304],[96.5841,27.3341],[96.5883,27.3356],[96.5952,27.3338],[96.5955,27.3398],[96.5909,27.3467],[96.5976,27.3521],[96.5993,27.356],[96.6031,27.3589],[96.6061,27.3658],[96.6145,27.3655],[96.6173,27.3665],[96.6246,27.3666],[96.6331,27.3647],[96.6452,27.3593],[96.6515,27.3597],[96.6572,27.3618],[96.6605,27.3642],[96.6658,27.3609],[96.6705,27.3607],[96.6724,27.357],[96.6753,27.3613],[96.6847,27.3599],[96.6859,27.359],[96.6977,27.3577],[96.7021,27.3597],[96.7009,27.3628],[96.7027,27.365],[96.7035,27.3721],[96.7115,27.3702],[96.7173,27.3653],[96.7214,27.3634],[96.7287,27.3624],[96.7299,27.3594],[96.7378,27.3582],[96.7461,27.358],[96.7517,27.3523],[96.7573,27.3544],[96.7605,27.3537],[96.7643,27.3547],[96.7669,27.3571],[96.7706,27.3558],[96.7744,27.3517],[96.7813,27.3505],[96.7886,27.3459],[96.7932,27.3466],[96.7965,27.3457],[96.8015,27.3394],[96.8051,27.3289],[96.8132,27.3217],[96.8182,27.3152],[96.8224,27.3082],[96.8316,27.3038],[96.8349,27.3029],[96.838,27.3003],[96.8386,27.2972],[96.842,27.2956],[96.8481,27.2901],[96.8502,27.2783],[96.8469,27.2722],[96.851,27.2697],[96.858,27.2621],[96.8635,27.2594],[96.8686,27.2584],[96.8721,27.2593],[96.8766,27.2586],[96.8836,27.2599],[96.8843,27.2555],[96.8867,27.2534],[96.8877,27.2473],[96.8822,27.2428],[96.8814,27.2393],[96.8825,27.2363],[96.887,27.2359],[96.8851,27.2319],[96.8852,27.2265],[96.8814,27.2249],[96.877,27.2203],[96.8721,27.2194],[96.8666,27.2165],[96.8651,27.214],[96.8604,27.2106],[96.8548,27.21],[96.8588,27.2032],[96.8592,27.1974],[96.8568,27.193],[96.8608,27.1899],[96.865,27.1888],[96.8679,27.1854],[96.8744,27.1807],[96.883,27.1783],[96.889,27.174],[96.8916,27.1736],[96.8997,27.1692],[96.9084,27.1687],[96.913,27.166],[96.922,27.1654],[96.9236,27.1638],[96.9283,27.1635],[96.9314,27.1617],[96.9392,27.1619],[96.9437,27.1638],[96.9495,27.1635],[96.9527,27.1622],[96.9561,27.1636],[96.964,27.1613],[96.965,27.158],[96.9722,27.1572],[96.9854,27.1539],[96.9865,27.1505],[96.9917,27.1448],[96.9933,27.14],[97.0024,27.141],[97.0084,27.1401],[97.0179,27.1349],[97.0197,27.1329],[97.0247,27.1319],[97.026,27.1295],[97.0295,27.1304],[97.0324,27.1285],[97.0359,27.1237],[97.0337,27.1201],[97.0406,27.1162],[97.0446,27.1126],[97.0444,27.1083],[97.0496,27.1052],[97.0522,27.1062],[97.0555,27.1037],[97.058,27.1002],[97.0622,27.0986],[97.0634,27.0915],[97.0676,27.0913],[97.072,27.0898],[97.0752,27.0977],[97.0814,27.0977],[97.0884,27.0947],[97.0963,27.0959],[97.098,27.098],[97.0949,27.1035],[97.0992,27.1075],[97.1018,27.1083],[97.1059,27.104],[97.1097,27.1037],[97.1154,27.1046],[97.119,27.104],[97.1214,27.1014],[97.1219,27.0981],[97.1246,27.0957],[97.1355,27.0936],[97.1385,27.091],[97.142,27.0949],[97.1441,27.0994],[97.1443,27.1034],[97.1485,27.1072],[97.1481,27.1132],[97.1499,27.1169],[97.1567,27.1186],[97.1617,27.1227],[97.1611,27.1289],[97.1631,27.133],[97.1658,27.1349],[97.1639,27.1422],[97.1598,27.1464],[97.1509,27.1498],[97.1488,27.1602],[97.1469,27.1647],[97.1396,27.1638],[97.1365,27.165],[97.1326,27.1702],[97.1295,27.1706],[97.1245,27.1743],[97.1217,27.1834],[97.1221,27.1899],[97.111,27.1965],[97.1077,27.2012],[97.1019,27.2044],[97.0937,27.2124],[97.0905,27.2136],[97.0903,27.216],[97.0925,27.2205],[97.0927,27.226],[97.0899,27.23],[97.0902,27.2339],[97.0885,27.2382],[97.0781,27.2443],[97.0735,27.2478],[97.0737,27.2515],[97.0689,27.2572],[97.0657,27.2587],[97.0553,27.2653],[97.0562,27.2696],[97.0546,27.2753],[97.0509,27.2756],[97.0493,27.2794],[97.042,27.2815],[97.0382,27.2859],[97.0377,27.2899],[97.0334,27.2973],[97.0308,27.2983],[97.0291,27.3013],[97.0297,27.3056],[97.0219,27.3072],[97.0201,27.3103],[97.0141,27.3123],[97.009,27.311],[96.9981,27.319],[96.9953,27.3248],[96.9956,27.3332],[96.9927,27.3362],[96.9905,27.3438],[96.9885,27.3451],[96.9809,27.3454],[96.9785,27.3566],[96.9699,27.3669],[96.9642,27.3702],[96.9625,27.3744],[96.9673,27.3806],[96.9668,27.3851],[96.9623,27.39],[96.9603,27.3943],[96.9602,27.3971],[96.9623,27.4016],[96.954,27.4069],[96.9436,27.4092],[96.9418,27.412],[96.9344,27.4158],[96.9317,27.4192],[96.9318,27.4233],[96.9338,27.4261],[96.9329,27.4305],[96.9247,27.4371],[96.9238,27.4392],[96.9161,27.4464],[96.9085,27.4482],[96.9032,27.4527],[96.9049,27.4698],[96.9076,27.4752],[96.9074,27.4781],[96.9103,27.4806],[96.9107,27.4858],[96.9136,27.4891],[96.9178,27.4971],[96.923,27.502],[96.9283,27.5116],[96.9298,27.5242],[96.9247,27.5333],[96.9189,27.5398],[96.913,27.5439],[96.913,27.5709],[96.9122,27.5805],[96.9012,27.5801],[96.8967,27.5815],[96.8957,27.5873],[96.8967,27.6093],[96.8984,27.6142],[96.9071,27.6164],[96.9125,27.6205],[96.9168,27.6251],[96.9209,27.6316],[96.9311,27.644],[96.9417,27.6607],[96.9596,27.663],[96.9831,27.6643],[96.9848,27.6661],[96.988,27.6748],[96.9979,27.6918],[97.0213,27.7242],[97.0362,27.7424],[97.0426,27.7466],[97.056,27.7419],[97.0644,27.7473],[97.0695,27.747],[97.0772,27.7411],[97.0849,27.7386],[97.0908,27.7383],[97.0938,27.7401],[97.0988,27.7468],[97.1025,27.7579],[97.1018,27.7653],[97.104,27.7697],[97.1134,27.7743],[97.1191,27.7834],[97.1325,27.7877],[97.1457,27.8046],[97.1646,27.8106],[97.1696,27.8163],[97.1731,27.8262],[97.1841,27.8343],[97.1885,27.8436],[97.1968,27.848],[97.2196,27.8637],[97.233,27.8762],[97.2401,27.8859],[97.2429,27.8917],[97.249,27.8993],[97.2579,27.9036],[97.2712,27.9044],[97.2832,27.9079],[97.2943,27.9119],[97.309,27.915],[97.3132,27.9138],[97.3158,27.9034],[97.3253,27.896],[97.3304,27.895],[97.3392,27.8908],[97.3571,27.8789],[97.3684,27.8783],[97.3736,27.8802],[97.378,27.891],[97.3798,27.8971],[97.3773,27.9135],[97.3802,27.92],[97.3807,27.9248],[97.3764,27.9329],[97.3772,27.941],[97.3808,27.9466],[97.3824,27.951],[97.3739,27.9618],[97.373,27.968],[97.378,27.9745],[97.3854,27.981],[97.3913,27.9889],[97.3914,27.9941],[97.3926,28.001],[97.4101,28.0052],[97.4125,28.0089],[97.4129,28.0148],[97.41,28.0195],[97.4044,28.0215],[97.4038,28.0246],[97.3974,28.029],[97.3871,28.0295],[97.3812,28.0344],[97.3757,28.0402],[97.3753,28.0471],[97.3801,28.0548],[97.3809,28.0593],[97.3775,28.0599],[97.3701,28.0586],[97.3608,28.0557],[97.3382,28.0535],[97.3258,28.0527],[97.3175,28.0579],[97.3114,28.0678],[97.3104,28.0745],[97.3156,28.0843],[97.3226,28.0921],[97.3306,28.0991],[97.3423,28.1043],[97.3472,28.1105],[97.3461,28.1144],[97.3298,28.1283],[97.3244,28.1375],[97.3244,28.1425],[97.3279,28.1502],[97.3389,28.1583],[97.3448,28.1616],[97.3566,28.1725],[97.3598,28.185],[97.3638,28.1891],[97.3776,28.1886],[97.3896,28.1859],[97.4012,28.1815],[97.4028,28.1819],[97.401,28.1923],[97.3896,28.2069],[97.3784,28.2178],[97.3658,28.2234],[97.3505,28.2292],[97.3366,28.2364],[97.326,28.2431],[97.3154,28.2477],[97.2953,28.2619],[97.2849,28.2653],[97.2721,28.2666],[97.2517,28.2659],[97.2395,28.2682],[97.2304,28.2739],[97.2267,28.2846],[97.2093,28.2876],[97.1918,28.2844],[97.1837,28.2836],[97.178,28.2839],[97.1711,28.2857],[97.1645,28.2924],[97.1548,28.3109],[97.1405,28.3276],[97.1278,28.3368],[97.1057,28.347],[97.0813,28.3505],[97.0753,28.3496],[97.0648,28.342],[97.0572,28.3402],[97.0479,28.339],[97.0368,28.3302],[97.0268,28.3206],[97.0118,28.3103],[96.9968,28.3041],[96.9876,28.3033],[96.9788,28.314],[96.9632,28.3203],[96.9532,28.3284],[96.9366,28.3352],[96.9258,28.3369],[96.9216,28.3423],[96.9138,28.357],[96.904,28.3692],[96.8897,28.3785],[96.8787,28.3764],[96.8636,28.3716],[96.8512,28.3633],[96.8345,28.3607],[96.7973,28.3624],[96.7769,28.3648],[96.7703,28.367],[96.7615,28.3746],[96.7588,28.3836],[96.7568,28.3999],[96.7408,28.4138],[96.7273,28.4221],[96.7043,28.427],[96.6818,28.4356],[96.6582,28.4527],[96.6411,28.4578],[96.6218,28.4548],[96.5869,28.4557],[96.5707,28.4523],[96.5528,28.4412],[96.5269,28.4232],[96.5054,28.411],[96.4935,28.4105],[96.4713,28.4158],[96.4571,28.4138],[96.4485,28.4046],[96.4444,28.3986],[96.4343,28.3873],[96.4277,28.3756],[96.4246,28.3638],[96.4236,28.3512],[96.4174,28.3409],[96.4073,28.339],[96.3955,28.3359],[96.3921,28.3387],[96.3883,28.3472],[96.37,28.3633],[96.3683,28.3715],[96.3689,28.3789],[96.3626,28.3864],[96.3476,28.3839],[96.3167,28.3776],[96.3072,28.3825],[96.301,28.3928],[96.2906,28.3997],[96.2773,28.4036],[96.2608,28.4041],[96.2534,28.4071],[96.2776,28.4239],[96.3031,28.4365],[96.3157,28.4441],[96.3255,28.4547],[96.3495,28.4673],[96.3621,28.4803],[96.3636,28.4875],[96.3601,28.4938],[96.3515,28.5038],[96.3295,28.5171],[96.3186,28.526],[96.3329,28.5409],[96.3448,28.554],[96.3572,28.5535],[96.3917,28.5558],[96.4,28.5593],[96.4014,28.5695],[96.3994,28.577],[96.402,28.5809],[96.4105,28.5827],[96.4248,28.5821],[96.4297,28.591],[96.4555,28.6111],[96.4745,28.6218],[96.4873,28.6334],[96.4874,28.6389],[96.4825,28.6532],[96.4714,28.6683],[96.4669,28.6752],[96.4706,28.6788],[96.491,28.6844],[96.4956,28.6883],[96.5074,28.6956],[96.525,28.7011],[96.5367,28.7008],[96.5557,28.7012],[96.5754,28.7091],[96.5793,28.7116],[96.5925,28.7246],[96.6042,28.7444],[96.6101,28.7669],[96.609,28.7798],[96.6032,28.793],[96.5845,28.8113],[96.5569,28.8414],[96.5386,28.8642],[96.5261,28.8825],[96.5266,28.8918],[96.5301,28.9102],[96.5257,28.9183],[96.5194,28.9322],[96.508,28.9518],[96.5094,28.9664],[96.4922,28.9597],[96.4812,28.9585],[96.4694,28.9712],[96.4647,28.9831],[96.4659,28.9953],[96.4743,29.0097],[96.4909,29.0334],[96.5007,29.0528],[96.5128,29.0697],[96.5136,29.074],[96.4985,29.0713],[96.4771,29.0631],[96.4623,29.0566],[96.4537,29.0491],[96.4356,29.041],[96.4231,29.0375],[96.3999,29.0359],[96.3736,29.0368],[96.3565,29.037],[96.3414,29.0343],[96.3269,29.028],[96.3117,29.0184],[96.294,29.0081],[96.2794,28.9947],[96.2677,28.9792],[96.2533,28.9652],[96.2345,28.944],[96.2202,28.9298],[96.2114,28.928],[96.2051,28.9228],[96.199,28.9192],[96.1819,28.9103],[96.1683,28.8987],[96.1609,28.8978],[96.1595,28.9072],[96.1554,28.9179],[96.148,28.9254],[96.1349,28.9352],[96.1404,28.9424],[96.1402,28.9484],[96.1423,28.9567],[96.159,28.9639],[96.1718,28.9698],[96.1732,28.9917],[96.1715,28.9992],[96.1607,29.0204],[96.1508,29.0385],[96.1409,29.0583],[96.1337,29.066],[96.1288,29.0705],[96.1203,29.0744],[96.1021,29.079],[96.1139,29.0816],[96.128,29.0863],[96.1561,29.0918],[96.1736,29.0992],[96.1824,29.1053],[96.1916,29.1159],[96.1973,29.1248],[96.2007,29.1334],[96.2105,29.1481],[96.2325,29.152],[96.2371,29.1558],[96.245,29.1658],[96.2552,29.1649],[96.2741,29.1657],[96.3163,29.1706],[96.342,29.1784],[96.3502,29.1845],[96.3552,29.2],[96.3603,29.2137],[96.3653,29.2252],[96.374,29.2344],[96.3791,29.2435],[96.3808,29.2546],[96.3791,29.2671],[96.3753,29.2773],[96.3696,29.2873],[96.3638,29.2916],[96.3543,29.2921],[96.3465,29.2893],[96.3444,29.2812],[96.3405,29.274],[96.3269,29.27],[96.3094,29.2643],[96.2953,29.2547],[96.2896,29.2446],[96.2824,29.2423],[96.263,29.2417],[96.2541,29.2394],[96.2438,29.2394],[96.2355,29.2419],[96.2237,29.2512],[96.1918,29.2901],[96.1865,29.3025],[96.1799,29.3075],[96.1752,29.3168],[96.1745,29.323],[96.1785,29.3372],[96.1765,29.3452],[96.1697,29.3559],[96.1535,29.3738],[96.1477,29.3879],[96.1406,29.4021],[96.1359,29.4061],[96.1208,29.4141],[96.1052,29.43],[96.0893,29.4526],[96.0812,29.4611],[96.0673,29.4659],[96.0569,29.4649],[96.0428,29.4607],[96.0306,29.4533],[96.0185,29.4402],[96.0088,29.4277],[95.9986,29.4207],[95.9767,29.4135],[95.9642,29.4044],[95.9526,29.3951],[95.9418,29.3877],[95.9327,29.3861],[95.9197,29.3871],[95.9035,29.3908],[95.8775,29.3938],[95.8617,29.3951],[95.8526,29.3866],[95.8487,29.3808],[95.8384,29.3712],[95.831,29.3588],[95.8111,29.3596],[95.8027,29.3494],[95.7929,29.3446],[95.7821,29.3414],[95.7809,29.3558],[95.7769,29.3617],[95.7657,29.3564],[95.7595,29.3468],[95.7526,29.3442],[95.7372,29.3319],[95.7284,29.3186],[95.721,29.3127],[95.7056,29.3045],[95.689,29.3046],[95.6845,29.2971],[95.6715,29.2823],[95.6598,29.2716],[95.6444,29.2633],[95.6315,29.26],[95.6248,29.2524],[95.6193,29.2497],[95.608,29.2532],[95.5972,29.2598],[95.583,29.2606],[95.5781,29.2539],[95.5755,29.2353],[95.5722,29.2228],[95.5637,29.2167],[95.5409,29.2175],[95.5269,29.2157],[95.527,29.2051],[95.5323,29.1849],[95.5367,29.1692],[95.5328,29.139],[95.5307,29.1305],[95.5175,29.1336],[95.4967,29.1423],[95.481,29.1431],[95.4811,29.1223],[95.4772,29.0871],[95.4665,29.0665],[95.4494,29.0442],[95.4403,29.0366],[95.4373,29.0369],[95.4277,29.0411],[95.4212,29.0414],[95.4107,29.0305],[95.3987,29.0312],[95.3851,29.0353],[95.3683,29.0364],[95.3481,29.0411],[95.3224,29.0507],[95.3046,29.0597],[95.2879,29.0626],[95.2703,29.0585],[95.2601,29.0541],[95.2487,29.0614],[95.242,29.0636],[95.2421,29.0659],[95.2456,29.0763],[95.2434,29.0991],[95.2417,29.1106],[95.2362,29.1099],[95.2248,29.1095],[95.1943,29.108],[95.1663,29.109],[95.1461,29.1132],[95.1212,29.1155],[95.1064,29.1189],[95.1019,29.1293],[95.0951,29.1396],[95.0881,29.1425],[95.0674,29.1477],[95.0366,29.1521],[95.0164,29.1583],[94.9928,29.1708],[94.9798,29.1733],[94.973,29.1659],[94.9753,29.1565],[94.9816,29.1516],[94.9995,29.1502],[95.0121,29.1469],[95.0224,29.1339],[95.0136,29.1302],[95.0017,29.1332],[94.9883,29.1375],[94.9774,29.1429],[94.9667,29.1521],[94.9584,29.1564],[94.9481,29.1567],[94.9325,29.1556],[94.9158,29.1521],[94.9075,29.1564],[94.8939,29.1693],[94.8787,29.175],[94.8638,29.1765],[94.8435,29.1743],[94.8106,29.162],[94.8041,29.1624],[94.7996,29.1659],[94.7956,29.1734],[94.7935,29.1885],[94.7964,29.199],[94.793,29.2153],[94.7814,29.231],[94.7543,29.26],[94.7413,29.2747],[94.7229,29.2913],[94.7097,29.3001],[94.6886,29.3179],[94.6632,29.3293],[94.6451,29.3394],[94.631,29.3412],[94.6277,29.3347],[94.6256,29.324],[94.6225,29.3143],[94.6136,29.3026],[94.6046,29.2891],[94.5973,29.2835],[94.5787,29.2746],[94.5782,29.2681],[94.5739,29.2496],[94.5652,29.2356],[94.5507,29.2208],[94.5344,29.2146],[94.5131,29.2128],[94.4867,29.2134],[94.4591,29.2176],[94.4381,29.2232],[94.4298,29.2196],[94.4135,29.2082],[94.3977,29.1986],[94.3805,29.1891],[94.3749,29.185],[94.3679,29.1584],[94.3625,29.1526],[94.3528,29.1481],[94.3296,29.1464],[94.3049,29.1476],[94.2937,29.1454],[94.2863,29.1371],[94.2772,29.126],[94.2578,29.1086],[94.2388,29.0962],[94.2241,29.0878],[94.2203,29.081],[94.2022,29.0536],[94.1861,29.0287],[94.1766,29.007],[94.173,28.9847],[94.1701,28.9716],[94.1645,28.9575],[94.1499,28.944],[94.1242,28.9256],[94.0981,28.9075],[94.0747,28.8909],[94.0537,28.8726],[94.0443,28.8598],[94.0366,28.8511],[94.029,28.8487],[94.0134,28.8451],[94.0072,28.8407],[94.0025,28.8227],[93.9932,28.8127],[93.9867,28.8038],[94.0014,28.789],[94.0105,28.7788],[94.0103,28.7728],[94.0066,28.7674],[93.9927,28.7585],[93.973,28.7432],[93.9712,28.7153],[93.9618,28.6936],[93.9467,28.6739],[93.9356,28.6661],[93.9308,28.6679],[93.9214,28.6698],[93.9017,28.6794],[93.8757,28.6963],[93.8617,28.7063],[93.8506,28.707],[93.8385,28.7016],[93.8321,28.6951],[93.8119,28.6827],[93.7841,28.6634],[93.7735,28.6703],[93.7531,28.6828],[93.7399,28.6846],[93.6878,28.6744],[93.6741,28.6683],[93.6562,28.6585],[93.6442,28.6566],[93.6194,28.6534],[93.5889,28.6541],[93.5773,28.6561],[93.5357,28.6607],[93.5224,28.6591],[93.5142,28.6817],[93.4961,28.686],[93.4841,28.6831],[93.478,28.6756],[93.4748,28.6607],[93.4705,28.6527],[93.467,28.6546],[93.4567,28.6699],[93.4528,28.675],[93.446,28.6747],[93.4399,28.6696],[93.4264,28.6618],[93.4142,28.6542],[93.406,28.6513],[93.3794,28.6478],[93.3622,28.6423],[93.3392,28.6433],[93.3334,28.6391],[93.3279,28.6287],[93.3279,28.6172],[93.3249,28.6092],[93.3146,28.6094],[93.3075,28.6055],[93.3016,28.599],[93.3015,28.5932],[93.3067,28.5793],[93.3046,28.5714],[93.2951,28.5609],[93.2911,28.5536],[93.2861,28.5396],[93.282,28.5103],[93.2777,28.5013],[93.2684,28.4951],[93.2437,28.4841],[93.2286,28.4742],[93.2221,28.4648],[93.2162,28.4582],[93.2096,28.4519],[93.1956,28.4451],[93.1805,28.4349],[93.1934,28.4236],[93.2097,28.419],[93.2201,28.4137],[93.2242,28.4055],[93.2228,28.375],[93.2228,28.3353],[93.218,28.3261],[93.2065,28.3216],[93.1894,28.3183],[93.1608,28.3192],[93.1292,28.328],[93.1222,28.3284],[93.1193,28.3217],[93.1104,28.3121],[93.1008,28.3078],[93.0905,28.3059],[93.0719,28.3077],[93.0657,28.3071],[93.0554,28.3037],[93.0497,28.3027],[93.0382,28.3062],[93.0223,28.3104],[93.0229,28.2901],[93.0283,28.2687],[93.0197,28.261],[93.0085,28.2447],[92.9973,28.2294],[92.9841,28.2524],[92.9759,28.2588],[92.9627,28.2586],[92.9542,28.253],[92.9435,28.2475],[92.9297,28.2432],[92.9228,28.24],[92.9135,28.2318],[92.91,28.2221],[92.9057,28.2119],[92.8969,28.2052],[92.8816,28.1969],[92.8526,28.1826],[92.8361,28.1791],[92.8256,28.1791],[92.8181,28.1912],[92.8185,28.2103],[92.8148,28.211],[92.806,28.2069],[92.7989,28.2004],[92.7859,28.1865],[92.7672,28.1725],[92.7461,28.1581],[92.7286,28.1491],[92.7191,28.1452],[92.7003,28.1358],[92.6879,28.1274],[92.6797,28.1192],[92.6804,28.1142],[92.6762,28.0985],[92.6711,28.0868],[92.6653,28.07],[92.6665,28.0638],[92.6702,28.0608],[92.6817,28.0573],[92.7004,28.0486],[92.7207,28.0305],[92.7353,28.0114],[92.7399,28.0012],[92.7424,27.9926],[92.7382,27.9862],[92.7136,27.9554],[92.6879,27.9267],[92.6577,27.9019],[92.6501,27.8999],[92.6415,27.8991],[92.6267,27.8986],[92.6153,27.8945],[92.604,27.8814],[92.5868,27.8592],[92.5711,27.8396],[92.5562,27.8244],[92.5533,27.8261],[92.5443,27.8351],[92.5277,27.8485],[92.516,27.8525],[92.5034,27.854],[92.4925,27.8506],[92.4838,27.8428],[92.466,27.8178],[92.4563,27.8141],[92.4474,27.8145],[92.432,27.821],[92.4278,27.8268],[92.423,27.8307],[92.4163,27.8306],[92.4028,27.8262],[92.3898,27.8214],[92.3854,27.8172],[92.3878,27.8059],[92.3851,27.8006],[92.3743,27.7999],[92.3581,27.7983],[92.3192,27.7881],[92.3128,27.7885],[92.302,27.802],[92.2912,27.8249],[92.2848,27.8436],[92.2822,27.8619],[92.2775,27.8691],[92.2685,27.8721],[92.2488,27.8717],[92.2276,27.8708],[92.2187,27.8695],[92.1969,27.8579],[92.1736,27.8465],[92.1587,27.8396],[92.1095,27.8095],[92.088,27.7933],[92.0645,27.7735],[92.0514,27.7639],[92.0433,27.7629],[92.0254,27.7662],[92.0027,27.7723],[91.9935,27.7712],[91.9808,27.7643],[91.9715,27.7569],[91.9698,27.75],[91.9639,27.751],[91.9577,27.7485],[91.95,27.7374],[91.9277,27.7226],[91.9213,27.7236],[91.9125,27.7309],[91.9037,27.7322],[91.8967,27.7299],[91.8883,27.7262],[91.8779,27.7285],[91.8755,27.7345],[91.8713,27.7381],[91.8622,27.7397],[91.859,27.7426],[91.8586,27.7481],[91.852,27.7597],[91.8507,27.7762],[91.8446,27.7822],[91.8363,27.7852],[91.8308,27.7931],[91.8286,27.8053],[91.8241,27.8145],[91.8207,27.816],[91.8124,27.8048],[91.8004,27.8069],[91.7878,27.8078],[91.7789,27.8062],[91.767,27.8011],[91.7613,27.8],[91.7541,27.802],[91.7324,27.8051],[91.7098,27.808],[91.7013,27.8131],[91.6852,27.8317],[91.6722,27.8457],[91.6632,27.853],[91.6519,27.8533],[91.6404,27.8554],[91.6294,27.8598],[91.6248,27.8577],[91.6173,27.8566],[91.6051,27.8607],[91.6023,27.8641],[91.5997,27.8606],[91.5945,27.8558],[91.5916,27.8543],[91.5891,27.8568],[91.5886,27.8599],[91.5821,27.8632],[91.5764,27.8644],[91.5715,27.8497],[91.5699,27.848],[91.5652,27.8527],[91.5588,27.856],[91.5543,27.8541],[91.554,27.8463],[91.5571,27.8418],[91.5608,27.8388],[91.5607,27.8354],[91.5623,27.83],[91.5672,27.8254],[91.5675,27.8217],[91.566,27.8186],[91.5726,27.8167],[91.5763,27.8119],[91.581,27.812],[91.5858,27.8173],[91.5918,27.8191],[91.5977,27.818],[91.6004,27.8227],[91.6076,27.8239],[91.6146,27.8219],[91.6203,27.8156],[91.6267,27.8123],[91.6329,27.8058],[91.6356,27.8015],[91.634,27.7957],[91.637,27.7944],[91.6364,27.7881],[91.6382,27.7839],[91.6378,27.7803],[91.64,27.774],[91.6451,27.7694],[91.6454,27.7634],[91.6431,27.761],[91.6432,27.7569],[91.6419,27.7523],[91.6375,27.7498],[91.6346,27.745],[91.6368,27.7389],[91.6387,27.7363],[91.6374,27.7304],[91.6347,27.7263],[91.6341,27.7226],[91.6315,27.7198],[91.6319,27.7168],[91.6268,27.7158],[91.6299,27.7091],[91.6289,27.7001],[91.6278,27.6987],[91.6197,27.6938],[91.6072,27.6908],[91.6043,27.6835],[91.5969,27.6803],[91.5954,27.6773],[91.5938,27.6701],[91.5871,27.6669],[91.5825,27.6625],[91.5775,27.6626],[91.5728,27.6603],[91.5726,27.6562],[91.5706,27.6508],[91.5669,27.6447],[91.5645,27.6423],[91.5633,27.6383],[91.5625,27.6299],[91.5677,27.6222],[91.5731,27.6196],[91.5844,27.6082],[91.5826,27.6046],[91.5702,27.5945],[91.5663,27.5831],[91.5716,27.5799],[91.5719,27.575],[91.574,27.5725],[91.5808,27.569],[91.5834,27.5655],[91.5822,27.5568],[91.5885,27.5523],[91.5933,27.5441],[91.5937,27.5421],[91.5985,27.5406],[91.6049,27.542],[91.6119,27.5412],[91.6144,27.5376],[91.6139,27.5318],[91.6162,27.5296],[91.6233,27.5179],[91.624,27.5141],[91.6342,27.5085],[91.6377,27.5042],[91.645,27.502],[91.6476,27.4955],[91.6484,27.4911],[91.6525,27.483],[91.6592,27.4835],[91.6722,27.4932],[91.6759,27.4934],[91.6849,27.497],[91.6847,27.5002],[91.6951,27.5053],[91.702,27.4989],[91.7136,27.4935],[91.7146,27.4873],[91.7178,27.4851],[91.7146,27.4745],[91.7306,27.4695],[91.7391,27.4701],[91.7471,27.4726],[91.7522,27.4757],[91.763,27.475],[91.7682,27.4734],[91.7659,27.4707],[91.767,27.4648],[91.7782,27.4653],[91.7822,27.4666],[91.7887,27.4701],[91.7958,27.4709],[91.7982,27.4743],[91.8011,27.4723],[91.8137,27.4744],[91.8209,27.472],[91.8253,27.4679],[91.8309,27.4699],[91.8377,27.4739],[91.8426,27.4778],[91.8486,27.4865],[91.854,27.4839],[91.8551,27.4821],[91.8608,27.4848],[91.8691,27.4791],[91.8698,27.4741],[91.8716,27.4708],[91.8751,27.4708],[91.8788,27.4742],[91.8877,27.4762],[91.8927,27.4727],[91.8965,27.4713],[91.9035,27.4715],[91.9083,27.4729],[91.9122,27.4718],[91.9231,27.474],[91.9319,27.4657],[91.9372,27.4651],[91.9436,27.4597],[91.9468,27.4618],[91.9534,27.46],[91.9615,27.4607],[91.9645,27.4632],[91.9691,27.4642],[91.9728,27.4672],[91.9789,27.4633],[91.9902,27.4688],[91.9944,27.4781],[92.0003,27.479],[92.007,27.4766],[92.0114,27.4798],[92.0149,27.4789],[92.0163,27.4808],[92.0198,27.4774],[92.0188,27.4754],[92.0212,27.4661],[92.0232,27.4629],[92.0222,27.4575],[92.0222,27.448],[92.0264,27.4427],[92.0268,27.4401],[92.0323,27.4406],[92.033,27.4386],[92.0373,27.439],[92.0425,27.4352],[92.042,27.431],[92.0442,27.4267],[92.0425,27.4185],[92.0443,27.4136],[92.0476,27.4087],[92.0537,27.404],[92.0539,27.4018],[92.0585,27.3997],[92.0548,27.3961],[92.0537,27.3887],[92.0544,27.3828],[92.049,27.3768],[92.0491,27.3686],[92.0482,27.3631],[92.0502,27.36],[92.0501,27.3571],[92.055,27.3527],[92.0542,27.3506],[92.0596,27.3466],[92.0625,27.3422],[92.0637,27.3357],[92.063,27.3332],[92.0647,27.3302],[92.0646,27.327],[92.072,27.3206],[92.0748,27.3166],[92.0799,27.3115],[92.089,27.3046],[92.0964,27.3036],[92.1022,27.3012],[92.1094,27.2961],[92.1202,27.2903],[92.1228,27.2874],[92.125,27.282],[92.1246,27.278],[92.1208,27.2724],[92.1131,27.2701],[92.1095,27.2708],[92.1035,27.2687],[92.0988,27.269],[92.0951,27.2711],[92.0912,27.2696],[92.0861,27.2697],[92.0802,27.2733],[92.0757,27.2779],[92.0738,27.2785],[92.0697,27.2762],[92.0675,27.2772],[92.0598,27.2726],[92.0473,27.2696],[92.0452,27.2686],[92.0438,27.2632],[92.042,27.2606],[92.038,27.2584],[92.0379,27.2554],[92.0459,27.2556],[92.049,27.254],[92.0592,27.2518],[92.0631,27.2436],[92.0674,27.242],[92.0717,27.2361],[92.0726,27.2331],[92.0706,27.2276],[92.0694,27.22],[92.0698,27.2157],[92.0683,27.2126],[92.0632,27.2101],[92.0596,27.1998],[92.0584,27.1903],[92.0521,27.1849],[92.0371,27.1793],[92.0358,27.1751],[92.0267,27.1683],[92.0279,27.1652],[92.0287,27.1573],[92.032,27.1539],[92.0322,27.1461],[92.0353,27.1409],[92.0358,27.1349],[92.0325,27.1244],[92.0274,27.1185],[92.0263,27.1144],[92.0231,27.1096],[92.0259,27.1044],[92.0302,27.0998],[92.0295,27.0955],[92.0319,27.092],[92.0308,27.0799],[92.0382,27.0687],[92.0368,27.0631],[92.0433,27.0566],[92.0441,27.0514],[92.0489,27.0511],[92.0524,27.0522],[92.0579,27.0508],[92.0635,27.0483],[92.0705,27.044],[92.0739,27.044],[92.0764,27.0416],[92.0812,27.0413],[92.0831,27.0341],[92.0789,27.0287],[92.0783,27.0196],[92.0795,27.0177],[92.0954,27.012],[92.0948,27.0092],[92.0988,27.0079],[92.1035,27.004],[92.1042,26.9986],[92.1082,26.9898],[92.105,26.9866],[92.1053,26.9791],[92.1115,26.9762],[92.1181,26.9744],[92.1199,26.9686],[92.121,26.9604],[92.1176,26.9575],[92.1135,26.9505],[92.1157,26.945],[92.1186,26.9423],[92.1182,26.9386],[92.1155,26.9351],[92.1152,26.932],[92.1169,26.9255],[92.1152,26.9138],[92.1177,26.9098],[92.1177,26.9067],[92.116,26.8951],[92.1019,26.8811],[92.1027,26.8672],[92.0782,26.8555],[92.0567,26.8474],[92.0171,26.85],[91.9835,26.8582],[91.9705,26.8707],[91.9642,26.8825],[91.9436,26.895],[91.8983,26.9161],[91.8917,26.9191],[91.8849,26.9167],[91.8591,26.9133],[91.8241,26.864],[91.8091,26.8568],[91.7839,26.8442],[91.7647,26.8343],[91.7206,26.8117],[91.7046,26.813],[91.6898,26.8065],[91.667,26.8117],[91.6255,26.8209],[91.5924,26.8052],[91.5445,26.7989],[91.4951,26.7912],[91.464,26.8024],[91.4411,26.8148],[91.4076,26.8396],[91.3926,26.818],[91.3906,26.8155],[91.376,26.7952],[91.3372,26.7809],[91.2966,26.787],[91.2771,26.8003],[91.2369,26.812],[91.1921,26.8134],[91.1459,26.8109],[91.0976,26.822],[91.0541,26.781],[90.9919,26.7906],[90.9593,26.7845],[90.9565,26.7878],[90.9368,26.7861],[90.8826,26.7813],[90.8555,26.779],[90.8164,26.776],[90.7651,26.7751],[90.7424,26.7748],[90.7173,26.7683],[90.6933,26.7706],[90.676,26.7841],[90.6466,26.7766],[90.6344,26.7938],[90.5846,26.8037],[90.5466,26.8166],[90.5217,26.8333],[90.457,26.8777],[90.4175,26.9045],[90.3566,26.9007],[90.3503,26.8891],[90.3478,26.8753],[90.3003,26.8482],[90.2833,26.8528],[90.2488,26.859],[90.2305,26.8589],[90.2008,26.8353],[90.1877,26.8068],[90.1945,26.7733],[90.1643,26.7626],[90.1399,26.7536],[90.0746,26.736],[90.0496,26.7304],[90.0082,26.7322],[89.9671,26.7235],[89.8973,26.7243],[89.8629,26.7371],[89.8589,26.7349],[89.8642,26.731],[89.8645,26.7271],[89.8628,26.7247],[89.8621,26.7174],[89.8627,26.7136],[89.8652,26.7075],[89.8647,26.7027],[89.8624,26.7015],[89.8256,26.7086],[89.8123,26.7106],[89.8066,26.7106],[89.7714,26.701],[89.7667,26.7041],[89.7644,26.7102],[89.7616,26.7141],[89.7548,26.7175],[89.7557,26.7228],[89.758,26.7246],[89.7587,26.7288],[89.7528,26.7353],[89.7453,26.7302],[89.7392,26.7293],[89.728,26.7235],[89.7235,26.7226],[89.7185,26.7273],[89.7179,26.7298],[89.7104,26.7302],[89.7077,26.7312],[89.7003,26.7373],[89.6913,26.7345],[89.6899,26.7331],[89.6768,26.7397],[89.6702,26.7394],[89.6695,26.732],[89.6651,26.7274],[89.6597,26.7195],[89.6552,26.7178],[89.65,26.7173],[89.6485,26.7201],[89.6448,26.7221],[89.6397,26.7224],[89.6351,26.725],[89.6311,26.7188],[89.6274,26.7175],[89.6238,26.7184],[89.6231,26.7235],[89.6171,26.7281],[89.6212,26.7339],[89.6228,26.7392],[89.6267,26.742],[89.632,26.7437],[89.6334,26.7456],[89.64,26.7465],[89.6435,26.7485],[89.6457,26.7528],[89.6439,26.7603],[89.6477,26.7617],[89.6477,26.7638],[89.6527,26.7704],[89.6506,26.7763],[89.6467,26.778],[89.6439,26.7773],[89.6422,26.7804],[89.6386,26.7823],[89.635,26.7815],[89.6315,26.783],[89.621,26.778],[89.6184,26.7824],[89.614,26.786],[89.6076,26.7876],[89.6,26.7873],[89.5973,26.7905],[89.5939,26.7921],[89.5878,26.7919],[89.584,26.7943],[89.5786,26.796],[89.5758,26.7959],[89.5687,26.7994],[89.5659,26.7994],[89.5653,26.8035],[89.5621,26.8061],[89.5601,26.8129],[89.5517,26.8118],[89.5483,26.8093],[89.5433,26.8123],[89.539,26.8122],[89.5342,26.8147],[89.5257,26.8127],[89.5224,26.8143],[89.5191,26.8124],[89.5115,26.8141],[89.5016,26.806],[89.4946,26.8032],[89.4879,26.8029],[89.4825,26.8046],[89.4812,26.8017],[89.476,26.8028],[89.4695,26.8027],[89.461,26.8061],[89.4501,26.818],[89.449,26.8264],[89.4504,26.8307],[89.4395,26.8403],[89.4229,26.836],[89.4138,26.8403],[89.3898,26.8419],[89.3836,26.8591],[89.379,26.8622],[89.3268,26.8432],[89.3231,26.8511],[89.3185,26.8513],[89.3115,26.8456],[89.3058,26.8444],[89.3028,26.8423],[89.2947,26.8393],[89.2889,26.8348],[89.2811,26.831],[89.2795,26.8272],[89.2739,26.8276],[89.2684,26.8212],[89.2641,26.818],[89.2624,26.8138],[89.2394,26.8187],[89.2273,26.8182],[89.1935,26.8108],[89.1766,26.8191],[89.1345,26.8076],[89.1241,26.822],[89.1154,26.8242],[89.1025,26.842],[89.1007,26.8425],[89.1041,26.8568],[89.1062,26.8604],[89.1032,26.8624],[89.0925,26.8726],[89.0957,26.8917],[89.0796,26.897],[89.0791,26.8981],[89.0694,26.9037],[89.058,26.9008],[89.0487,26.8994],[89.0509,26.916],[89.0408,26.923],[89.03,26.9231],[89.0216,26.9407],[88.9918,26.9219],[88.9803,26.9172],[88.9563,26.9282],[88.9444,26.9339],[88.9489,26.9376],[88.9473,26.9413],[88.9536,26.9473],[88.9546,26.9539],[88.9544,26.9595],[88.9522,26.9631],[88.9525,26.9684],[88.9217,26.9939],[88.916,26.9893],[88.9117,26.9867],[88.9087,26.9795],[88.9041,26.9756],[88.9029,26.9732],[88.8978,26.9689],[88.8971,26.9661],[88.8928,26.9637],[88.8844,26.955],[88.8842,26.9494],[88.8829,26.9477],[88.8771,26.9444],[88.8753,26.9468],[88.8742,26.9576],[88.8717,26.9592],[88.8711,26.9625],[88.8732,26.965],[88.8736,26.9694],[88.8725,26.9752],[88.8745,26.9826],[88.8744,26.9854],[88.8707,26.9927],[88.8737,27.0061],[88.8736,27.0097],[88.8752,27.0119],[88.8748,27.0189],[88.8761,27.0275],[88.8782,27.0346],[88.881,27.0377],[88.8769,27.042],[88.8764,27.0462],[88.8791,27.049],[88.8782,27.0548],[88.8787,27.0594],[88.8812,27.062],[88.8799,27.0661],[88.875,27.0704],[88.877,27.0736],[88.8747,27.0763],[88.874,27.0866],[88.8756,27.0896],[88.8739,27.0924],[88.8734,27.0984],[88.8711,27.1014],[88.8709,27.1079],[88.8666,27.1104],[88.8575,27.1096],[88.8516,27.1081],[88.8472,27.1122],[88.8433,27.1112],[88.8429,27.1139],[88.8387,27.1163],[88.8336,27.1156],[88.8259,27.1218],[88.8197,27.1221],[88.8157,27.1256],[88.8119,27.1268],[88.8082,27.1331],[88.805,27.1358],[88.8041,27.1388],[88.7923,27.1355],[88.784,27.1345],[88.7744,27.1355],[88.7684,27.1376],[88.7642,27.1402],[88.7546,27.1412],[88.7526,27.1427],[88.7464,27.1445],[88.7493,27.1474],[88.7569,27.1482],[88.7604,27.1529],[88.7572,27.1587],[88.7581,27.1612],[88.7572,27.1654],[88.7624,27.1726],[88.7646,27.177],[88.7687,27.1801],[88.7789,27.1835],[88.7868,27.182],[88.7892,27.1891],[88.789,27.1937],[88.7965,27.2058],[88.7988,27.2076],[88.8033,27.22],[88.802,27.2278],[88.8042,27.2363],[88.8031,27.2478],[88.8282,27.2572],[88.8314,27.2622],[88.8575,27.2644],[88.8666,27.2646],[88.8791,27.2611],[88.8817,27.265],[88.8877,27.2685],[88.8977,27.2702],[88.8997,27.2742],[88.9033,27.2726],[88.9083,27.2781],[88.9084,27.2821],[88.9136,27.2901],[88.9116,27.2958],[88.9094,27.2992],[88.9088,27.304],[88.9137,27.3099],[88.9161,27.316],[88.9193,27.3206],[88.9192,27.328],[88.9157,27.3305],[88.9074,27.3286],[88.9031,27.3312],[88.8979,27.333],[88.8955,27.3321],[88.8915,27.3391],[88.8849,27.3419],[88.882,27.3462],[88.8854,27.351],[88.8806,27.3525],[88.8817,27.358],[88.8809,27.3605],[88.876,27.3603],[88.8746,27.3627],[88.8668,27.3658],[88.8628,27.3702],[88.8642,27.3792],[88.8622,27.3814],[88.8615,27.3859],[88.8566,27.3844],[88.85,27.3839],[88.8472,27.385],[88.8438,27.3838],[88.8391,27.3797],[88.8314,27.3858],[88.8299,27.3904],[88.8233,27.3906],[88.821,27.3986],[88.8174,27.4023],[88.8126,27.4012],[88.8062,27.4074],[88.8074,27.4099],[88.8049,27.4154],[88.8079,27.4237],[88.8022,27.4224],[88.8001,27.4262],[88.7964,27.4272],[88.7918,27.4387],[88.7943,27.4405],[88.7946,27.4457],[88.7843,27.4484],[88.7832,27.4561],[88.7844,27.4585],[88.7798,27.462],[88.777,27.4681],[88.778,27.4704],[88.7837,27.4748],[88.7806,27.4808],[88.7866,27.4882],[88.7833,27.4955],[88.7834,27.5009],[88.787,27.5043],[88.7856,27.5065],[88.7875,27.5115],[88.7906,27.5158],[88.7884,27.5221],[88.7928,27.5247],[88.7924,27.53],[88.791,27.5316],[88.7848,27.5306],[88.7833,27.5292],[88.7773,27.5326],[88.7731,27.5408],[88.7752,27.5445],[88.773,27.549],[88.7739,27.5538],[88.7712,27.5586],[88.7642,27.5643],[88.7643,27.5664],[88.77,27.5713],[88.7814,27.5699],[88.7836,27.5728],[88.7911,27.575],[88.7908,27.5812],[88.7887,27.5852],[88.7914,27.5865],[88.7947,27.5903],[88.8047,27.5944],[88.8075,27.6015],[88.8079,27.6044],[88.8063,27.6089],[88.8114,27.6192],[88.8049,27.6235],[88.8065,27.6287],[88.8085,27.6311],[88.8087,27.6344],[88.8112,27.6365],[88.8153,27.6461],[88.8195,27.6464],[88.8221,27.6438],[88.8279,27.6443],[88.8355,27.6503],[88.8357,27.6536],[88.8425,27.6593],[88.8484,27.668],[88.8476,27.6754],[88.8446,27.6771],[88.8424,27.6806],[88.8423,27.6842],[88.8477,27.6928],[88.8457,27.6985],[88.842,27.7033],[88.8389,27.7034],[88.838,27.7063],[88.8398,27.7112],[88.8526,27.7145],[88.8559,27.7185],[88.8542,27.7201],[88.8558,27.7252],[88.8574,27.7265],[88.8567,27.7317],[88.8587,27.7338],[88.8594,27.7381],[88.8651,27.7422],[88.8616,27.7525],[88.8584,27.7539],[88.8563,27.752],[88.8542,27.7583],[88.8545,27.763],[88.8534,27.7684],[88.8559,27.7708],[88.8545,27.7811],[88.8557,27.7852],[88.8596,27.7911],[88.8615,27.7976],[88.8581,27.8042],[88.8588,27.8093],[88.8558,27.8151],[88.8639,27.8197],[88.8717,27.8256],[88.8805,27.8292],[88.8827,27.8343],[88.8799,27.8407],[88.8818,27.847],[88.8818,27.8509],[88.8876,27.8557],[88.8851,27.8615],[88.8794,27.8672],[88.878,27.8783],[88.8808,27.8823],[88.8817,27.8917],[88.8718,27.8985],[88.8722,27.9012],[88.8695,27.9054],[88.87,27.9156],[88.8633,27.9219],[88.8604,27.9272],[88.8527,27.9258],[88.8469,27.9281],[88.8369,27.9288],[88.8376,27.9366],[88.8389,27.943],[88.8417,27.9452],[88.8429,27.9528],[88.8424,27.9636],[88.8409,27.9657],[88.843,27.9753],[88.8415,27.9826],[88.8437,27.9878],[88.8437,27.9933],[88.8393,27.9977],[88.838,28.0005],[88.8378,28.0085],[88.8363,28.0148],[88.8235,28.0205],[88.8169,28.0207],[88.8136,28.0224],[88.8078,28.0284],[88.8031,28.0318],[88.7976,28.0409],[88.7935,28.0441],[88.7929,28.0486],[88.7884,28.0499],[88.7847,28.0535],[88.7776,28.0541],[88.7742,28.0623],[88.7657,28.0705],[88.7563,28.076],[88.7469,28.076],[88.7349,28.0743],[88.7184,28.0746],[88.7118,28.0773],[88.7085,28.0777],[88.7033,28.0763],[88.6958,28.0762],[88.6934,28.0776],[88.6836,28.0777],[88.6802,28.0757],[88.6784,28.0715],[88.6721,28.0723],[88.6667,28.0761],[88.6643,28.0874],[88.6621,28.0894],[88.6569,28.09],[88.6544,28.0947],[88.646,28.0987],[88.6377,28.1151],[88.6344,28.1196],[88.6276,28.1251],[88.624,28.1262],[88.61,28.1287],[88.6084,28.1231],[88.6092,28.1219],[88.6177,28.1178],[88.6177,28.11],[88.6193,28.0981],[88.6126,28.0991],[88.6052,28.0976],[88.6024,28.0929],[88.6026,28.0892],[88.5974,28.0886],[88.5922,28.0893],[88.5879,28.0873],[88.584,28.0833],[88.5815,28.083],[88.5741,28.0852],[88.5707,28.0888],[88.5663,28.0903],[88.564,28.089],[88.5597,28.0839],[88.5525,28.0814],[88.556,28.0751],[88.556,28.0726],[88.5536,28.066],[88.5518,28.0548],[88.5487,28.0468],[88.5508,28.0376],[88.5436,28.0333],[88.5327,28.0333],[88.5275,28.0378],[88.5243,28.035],[88.5221,28.0357],[88.5197,28.0436],[88.5098,28.0412],[88.5053,28.0471],[88.498,28.0524],[88.4945,28.0531],[88.4881,28.0445],[88.4825,28.0437],[88.4797,28.0416],[88.4785,28.0385],[88.4741,28.033],[88.4726,28.0266],[88.4671,28.0166],[88.4624,28.0162],[88.4608,28.0145],[88.4564,28.0149],[88.4438,28.0094],[88.4348,28.008],[88.4314,28.0083],[88.4288,28.0067],[88.4238,28.0012],[88.4182,28.0008],[88.4147,27.9989],[88.4126,27.9958],[88.4108,27.9881],[88.4108,27.9833],[88.4075,27.9818],[88.4038,27.9828],[88.4006,27.9809],[88.3991,27.978],[88.3956,27.9789],[88.3891,27.9787],[88.3862,27.9814],[88.3809,27.9831],[88.377,27.9899],[88.3721,27.9911],[88.3675,27.989],[88.3599,27.9888],[88.3523,27.9899],[88.3457,27.985],[88.3413,27.9856],[88.3367,27.9842],[88.331,27.9735],[88.326,27.9762],[88.3187,27.9788],[88.3154,27.9765],[88.3132,27.9708],[88.3082,27.9671],[88.3035,27.9658],[88.2975,27.9672],[88.2933,27.9658],[88.286,27.9663],[88.2806,27.9571],[88.2739,27.9545],[88.2682,27.9571],[88.2654,27.9569],[88.2616,27.9477],[88.2532,27.9448],[88.2507,27.9426],[88.2474,27.9498],[88.2426,27.9553],[88.2384,27.9655],[88.2375,27.9706],[88.2298,27.9664],[88.2251,27.9604],[88.2148,27.9631],[88.2127,27.9643],[88.2065,27.9597],[88.2049,27.9494],[88.2064,27.9417],[88.2006,27.9417],[88.1953,27.9442],[88.1879,27.9429],[88.1838,27.9444],[88.1791,27.9492],[88.1724,27.9516],[88.1651,27.956],[88.1639,27.9577],[88.1543,27.9574],[88.1447,27.9636],[88.1343,27.9513],[88.1294,27.9493],[88.1356,27.944],[88.1379,27.9372],[88.1334,27.9345],[88.1305,27.9294],[88.1309,27.9261],[88.1255,27.9245],[88.1212,27.922],[88.1196,27.916],[88.1234,27.9071],[88.1317,27.8982],[88.1348,27.8964],[88.1399,27.8891],[88.1362,27.8845],[88.1367,27.8812],[88.1399,27.8775],[88.1441,27.8779],[88.149,27.8764],[88.1547,27.8707],[88.163,27.8693],[88.1671,27.8661],[88.1737,27.863],[88.179,27.8565],[88.1856,27.8565],[88.189,27.8544],[88.1952,27.8545],[88.1976,27.8513],[88.199,27.8449],[88.202,27.8422],[88.2028,27.8385],[88.1995,27.8359],[88.1956,27.8353],[88.1925,27.833],[88.1916,27.8297],[88.188,27.8255],[88.1822,27.8229],[88.1736,27.8206],[88.1741,27.8174],[88.1801,27.8149],[88.1857,27.8103],[88.1868,27.8023],[88.1887,27.7994],[88.194,27.7964],[88.1972,27.7914],[88.1954,27.7864],[88.1895,27.7822],[88.1873,27.7787],[88.1822,27.7758],[88.1818,27.7694],[88.1837,27.7667],[88.1827,27.7634],[88.1779,27.7588],[88.1774,27.7568],[88.1789,27.75],[88.1784,27.7462],[88.1744,27.7431],[88.1699,27.7411],[88.1629,27.7398],[88.1585,27.7406],[88.1563,27.7363],[88.1547,27.73],[88.1545,27.7205],[88.1554,27.7174],[88.1529,27.7118],[88.1491,27.7083],[88.1476,27.7028],[88.1508,27.6985],[88.1509,27.6967],[88.1542,27.6918],[88.147,27.6796],[88.1472,27.6747],[88.1447,27.6654],[88.136,27.6566],[88.1323,27.6563],[88.1287,27.6522],[88.124,27.6495],[88.1202,27.6452],[88.1206,27.6384],[88.1171,27.6297],[88.1197,27.6283],[88.1166,27.624],[88.117,27.6202],[88.1126,27.6145],[88.114,27.6111],[88.1087,27.606],[88.1064,27.6027],[88.0962,27.5987],[88.0902,27.5955],[88.0842,27.5881],[88.0791,27.5791],[88.0806,27.5775],[88.0772,27.5748],[88.0755,27.5718],[88.0811,27.5653],[88.0786,27.5604],[88.0743,27.5571],[88.0696,27.5555],[88.0683,27.5522],[88.0687,27.546],[88.0646,27.5438],[88.0613,27.5404],[88.0586,27.5341],[88.0621,27.5299],[88.0656,27.5294],[88.0663,27.5271],[88.0613,27.5251],[88.0581,27.5157],[88.0615,27.5131],[88.0579,27.5092],[88.055,27.5044],[88.0506,27.5039],[88.0466,27.5009],[88.0441,27.4956],[88.0451,27.4935],[88.0441,27.4894],[88.0442,27.4842],[88.0455,27.481],[88.0441,27.4783],[88.0484,27.4726],[88.0516,27.4714],[88.0571,27.4669],[88.0605,27.4608],[88.0669,27.4579],[88.0644,27.4537],[88.0672,27.4495],[88.0724,27.4458],[88.0679,27.4382],[88.0733,27.4338],[88.0734,27.4278],[88.0666,27.4246],[88.0608,27.4212],[88.0582,27.4184],[88.0556,27.4183],[88.0507,27.413],[88.0496,27.4072],[88.0474,27.4052],[88.0483,27.4006],[88.0458,27.3958],[88.0451,27.3883],[88.0441,27.3848],[88.0449,27.3801],[88.0416,27.3729],[88.0418,27.3703],[88.0507,27.3584],[88.0576,27.3562],[88.059,27.3514],[88.0615,27.3473],[88.061,27.3456],[88.0669,27.3358],[88.0641,27.3348],[88.0597,27.3283],[88.0539,27.3254],[88.0494,27.3183],[88.0488,27.3128],[88.0449,27.3096],[88.0412,27.302],[88.0446,27.2932],[88.0431,27.2915],[88.0387,27.292],[88.032,27.2864],[88.0328,27.2807],[88.0304,27.2719],[88.0319,27.2648],[88.0308,27.2636],[88.0305,27.25],[88.0283,27.2497],[88.0243,27.2421],[88.0246,27.2376],[88.0194,27.2359],[88.0197,27.2317],[88.0187,27.2263],[88.0145,27.2211],[88.0124,27.2161],[88.0156,27.2106],[88.0119,27.2041],[88.0154,27.1997],[88.0156,27.1926],[88.0131,27.1878],[88.0136,27.1858],[88.0124,27.1779],[88.0192,27.1711],[88.0141,27.1669],[88.0114,27.1662],[88.0112,27.1589],[88.0073,27.1433],[88.0009,27.1404],[87.9975,27.133],[87.9914,27.1303],[87.9906,27.1254],[87.9887,27.1233],[87.9884,27.1176],[87.9915,27.1103],[87.9912,27.1051],[87.9953,27.1035],[88.0026,27.1046],[88.0114,27.0972],[88.0136,27.091],[88.0153,27.0889],[88.0203,27.0866],[88.0207,27.0835],[88.0158,27.0769],[88.0159,27.0744],[88.0184,27.0701],[88.0206,27.0694],[88.0222,27.0636],[88.0256,27.0583],[88.0258,27.0542],[88.0328,27.0442],[88.0352,27.0433],[88.0378,27.0364],[88.0456,27.0369],[88.0521,27.0333],[88.0577,27.0322],[88.0595,27.0294],[88.0648,27.0315],[88.0697,27.0316],[88.0733,27.0344],[88.0777,27.0354],[88.0816,27.0319],[88.0831,27.0291],[88.0838,27.0232],[88.0888,27.0161],[88.0885,27.0081],[88.0939,27.0046],[88.0988,27.0042],[88.1041,26.9976],[88.107,26.9966],[88.1092,26.9924],[88.1186,26.987],[88.1283,26.9877],[88.1349,26.9847],[88.1304,26.9804],[88.1243,26.9714],[88.125,26.969],[88.1225,26.9661],[88.1231,26.9591],[88.1212,26.9565],[88.1204,26.9503],[88.1245,26.9446],[88.1376,26.9336],[88.1392,26.9288],[88.143,26.9252],[88.1451,26.9194],[88.1449,26.915],[88.1388,26.9048],[88.1388,26.9017],[88.1364,26.8985],[88.141,26.895],[88.1426,26.8917],[88.1499,26.8874],[88.1526,26.8851],[88.1617,26.8809],[88.1644,26.8762],[88.1644,26.8738],[88.1673,26.8701],[88.1724,26.8684],[88.174,26.8651],[88.1723,26.8604],[88.1743,26.8595],[88.1729,26.8516],[88.1679,26.8502],[88.1677,26.8475],[88.1706,26.8446],[88.1676,26.8392],[88.1679,26.8372],[88.1733,26.8348],[88.1739,26.8322],[88.1718,26.8277],[88.1768,26.8189],[88.179,26.8162],[88.1784,26.8085],[88.1772,26.8048],[88.1787,26.7989],[88.181,26.7961],[88.1829,26.7821],[88.1879,26.7718],[88.1874,26.7602],[88.186,26.7567],[88.1871,26.7483],[88.1856,26.7371],[88.1844,26.7311],[88.1824,26.7275],[88.1816,26.7194],[88.1797,26.7173],[88.1763,26.7105],[88.1729,26.7082],[88.1694,26.7015],[88.1671,26.6993],[88.1679,26.6969],[88.1671,26.6862],[88.1678,26.684],[88.1641,26.6785],[88.1649,26.6685],[88.1643,26.6653],[88.1629,26.6457],[88.1579,26.6399],[88.1573,26.6329],[88.1544,26.6303],[88.147,26.6296],[88.1421,26.6258],[88.141,26.6228],[88.1405,26.6135],[88.1388,26.6062],[88.1353,26.6056],[88.1301,26.6009],[88.1317,26.598],[88.1319,26.5932],[88.1295,26.5879],[88.13,26.5849],[88.1273,26.5819],[88.1297,26.5799],[88.1304,26.5739],[88.1257,26.5777],[88.1241,26.5729],[88.1209,26.5759],[88.1178,26.5745],[88.1192,26.5705],[88.117,26.5697],[88.1122,26.5712],[88.1113,26.5682],[88.1151,26.5655],[88.1107,26.5624],[88.1135,26.5587],[88.1106,26.5569],[88.1077,26.5605],[88.1055,26.5611],[88.1053,26.5509],[88.1103,26.5481],[88.1114,26.545],[88.1038,26.5397],[88.1008,26.5398],[88.098,26.5379],[88.0983,26.5352],[88.1024,26.5363],[88.1036,26.5346],[88.1025,26.5306],[88.1047,26.5278],[88.103,26.5183],[88.0977,26.5177],[88.0943,26.5156],[88.0958,26.5103],[88.0911,26.5086],[88.0923,26.5047],[88.0986,26.5059],[88.1002,26.499],[88.0994,26.4966],[88.1046,26.4874],[88.1014,26.4845],[88.1005,26.4794],[88.1064,26.477],[88.1069,26.4738],[88.1027,26.4718],[88.1038,26.4675],[88.1,26.4647],[88.095,26.4649],[88.092,26.4626],[88.0952,26.4571],[88.097,26.4522],[88.0961,26.4402],[88.0936,26.4367],[88.0885,26.4343],[88.0859,26.4318],[88.0844,26.4273],[88.0777,26.4192],[88.0696,26.4137],[88.0713,26.4081],[88.0647,26.4081],[88.0632,26.4105],[88.0599,26.4096],[88.0569,26.4058],[88.0557,26.4006],[88.0455,26.4002],[88.045,26.396],[88.0411,26.3953],[88.0351,26.3915],[88.0346,26.3883],[88.0321,26.3879],[88.0313,26.3828],[88.0272,26.3816],[88.0312,26.3777],[88.0281,26.3731],[88.0278,26.3691],[88.0305,26.3649],[88.0066,26.361],[88.0022,26.3665],[87.998,26.3649],[87.9921,26.3714],[87.9919,26.3926],[87.966,26.3972],[87.9546,26.405],[87.9323,26.418],[87.9267,26.4186],[87.9267,26.4262],[87.9258,26.4281],[87.9168,26.4305],[87.9163,26.4332],[87.919,26.4359],[87.9245,26.4385],[87.9251,26.4448],[87.923,26.4467],[87.8987,26.4487],[87.9098,26.4576],[87.9002,26.4773],[87.8883,26.4868],[87.886,26.4764],[87.8694,26.4705],[87.8633,26.4679],[87.8616,26.4639],[87.8584,26.4639],[87.8582,26.4566],[87.8614,26.4489],[87.851,26.4453],[87.8488,26.4365],[87.8283,26.44],[87.8297,26.45],[87.8231,26.4535],[87.8172,26.4592],[87.8056,26.4644],[87.7936,26.4686],[87.7887,26.4692],[87.787,26.4669],[87.7886,26.4644],[87.7883,26.4607],[87.7848,26.4586],[87.7831,26.4545],[87.7769,26.4476],[87.7745,26.4385],[87.7779,26.4357],[87.7759,26.4295],[87.7732,26.4266],[87.7761,26.4247],[87.7731,26.4208],[87.7706,26.4212],[87.7674,26.4181],[87.7682,26.4148],[87.7656,26.4132],[87.7648,26.4099],[87.7539,26.408],[87.7501,26.4132],[87.7484,26.418],[87.7393,26.4176],[87.7339,26.4076],[87.7231,26.4125],[87.724,26.4156],[87.7182,26.4224],[87.7139,26.4228],[87.7111,26.4275],[87.6983,26.4283],[87.6923,26.4357],[87.6776,26.4355],[87.6781,26.4158],[87.6502,26.406],[87.6519,26.3934],[87.6326,26.3937],[87.6174,26.39],[87.6123,26.381],[87.6098,26.3807],[87.5926,26.3818],[87.592,26.3843],[87.5936,26.388],[87.593,26.3922],[87.5787,26.3958],[87.5671,26.4012],[87.565,26.4],[87.553,26.4057],[87.5477,26.4184],[87.5344,26.4216],[87.5166,26.4301],[87.5165,26.4308],[87.4917,26.4363],[87.4802,26.4376],[87.4665,26.4402],[87.4591,26.4382],[87.4448,26.4328],[87.4435,26.4331],[87.4279,26.4224],[87.4191,26.4227],[87.3886,26.4191],[87.3762,26.407],[87.3689,26.4079],[87.3643,26.4011],[87.3564,26.3879],[87.3535,26.372],[87.3584,26.3611],[87.3477,26.3515],[87.3411,26.3475],[87.337,26.3516],[87.3221,26.3601],[87.3136,26.3676],[87.3125,26.3716],[87.3016,26.3661],[87.2895,26.3737],[87.2824,26.3727],[87.2726,26.3725],[87.266,26.3739],[87.2644,26.3877],[87.2659,26.3905],[87.2656,26.3973],[87.2663,26.4056],[87.2611,26.4093],[87.2562,26.4111],[87.2515,26.4098],[87.2483,26.4109],[87.2479,26.4138],[87.241,26.4141],[87.2288,26.4136],[87.2201,26.4032],[87.2174,26.4063],[87.211,26.4093],[87.2109,26.4134],[87.1858,26.4142],[87.1892,26.4053],[87.173,26.4033],[87.1626,26.4039],[87.1514,26.4086],[87.1393,26.4148],[87.0917,26.4503],[87.0877,26.4713],[87.082,26.5125],[87.0805,26.5214],[87.0761,26.5374],[87.0728,26.542],[87.0722,26.5609],[87.0732,26.5773],[87.0718,26.5858],[87.0447,26.5872],[87.0425,26.5683],[87.0201,26.5399],[87.0154,26.532],[87.007,26.5294],[86.9909,26.5231],[86.9793,26.5251],[86.9753,26.5201],[86.9613,26.524],[86.9595,26.5204],[86.9548,26.5213],[86.9465,26.5208],[86.9446,26.5173],[86.9322,26.517],[86.9311,26.5101],[86.9295,26.5049],[86.9286,26.4964],[86.93,26.4897],[86.8945,26.488],[86.8912,26.4848],[86.8932,26.4688],[86.8953,26.4669],[86.893,26.4615],[86.8846,26.4614],[86.8817,26.4585],[86.878,26.4578],[86.8734,26.454],[86.8666,26.4547],[86.863,26.4572],[86.8601,26.4564],[86.8586,26.4522],[86.8559,26.4486],[86.8517,26.4477],[86.8474,26.4488],[86.8453,26.4476],[86.8466,26.4418],[86.8422,26.4402],[86.838,26.4425],[86.8338,26.4391],[86.805,26.446],[86.7969,26.4484],[86.7709,26.4581],[86.7665,26.4594],[86.7627,26.4558],[86.7635,26.451],[86.7541,26.4468],[86.7534,26.4424],[86.7498,26.4414],[86.7476,26.4362],[86.7464,26.4308],[86.7472,26.4282],[86.7438,26.4276],[86.7409,26.4248],[86.7366,26.4236],[86.729,26.427],[86.7251,26.4267],[86.7203,26.4349],[86.7033,26.4365],[86.7002,26.4393],[86.6986,26.4428],[86.696,26.4442],[86.6964,26.4488],[86.6909,26.4508],[86.6389,26.4634],[86.6356,26.4663],[86.6315,26.4658],[86.6299,26.4686],[86.626,26.4693],[86.6275,26.4741],[86.6261,26.4804],[86.6181,26.4837],[86.5883,26.4935],[86.581,26.4942],[86.5717,26.4961],[86.566,26.5007],[86.5615,26.5098],[86.5544,26.5161],[86.556,26.5178],[86.555,26.5242],[86.552,26.5236],[86.5509,26.5302],[86.5481,26.5314],[86.5467,26.5343],[86.5415,26.5387],[86.5308,26.541],[86.5284,26.5429],[86.5218,26.5435],[86.5155,26.5392],[86.499,26.542],[86.4922,26.5464],[86.4734,26.557],[86.4559,26.568],[86.4299,26.5731],[86.3957,26.5849],[86.3956,26.5879],[86.3976,26.5923],[86.3962,26.5937],[86.3771,26.5985],[86.3563,26.6043],[86.3417,26.6059],[86.3391,26.6089],[86.344,26.6157],[86.3432,26.6169],[86.3329,26.6191],[86.3217,26.6198],[86.3079,26.62],[86.293,26.6131],[86.2759,26.6173],[86.2509,26.6144],[86.2479,26.6124],[86.2492,26.609],[86.2465,26.6074],[86.2442,26.6089],[86.2424,26.603],[86.2372,26.6014],[86.2352,26.5986],[86.2344,26.5936],[86.2277,26.591],[86.2239,26.5915],[86.2177,26.5885],[86.2129,26.5926],[86.2079,26.593],[86.2055,26.5966],[86.2033,26.595],[86.2006,26.5972],[86.1986,26.5937],[86.1956,26.5955],[86.197,26.5977],[86.1953,26.6086],[86.1931,26.6145],[86.1889,26.6153],[86.1821,26.614],[86.1766,26.6154],[86.1742,26.6139],[86.1721,26.6171],[86.1676,26.6141],[86.1616,26.6149],[86.1553,26.6099],[86.1457,26.6086],[86.1426,26.6052],[86.1363,26.6063],[86.1398,26.6167],[86.1411,26.6168],[86.1388,26.6288],[86.1196,26.6301],[86.1018,26.6368],[86.074,26.6497],[86.0698,26.6573],[86.0531,26.6603],[86.03,26.6661],[86.0231,26.664],[86.0193,26.6614],[86.0139,26.6605],[86.0119,26.6591],[86.0116,26.6552],[86.0084,26.6547],[86.0039,26.6561],[86.0005,26.6548],[85.9905,26.6568],[85.9821,26.6572],[85.9795,26.6584],[85.9743,26.6575],[85.9736,26.6551],[85.9697,26.6538],[85.9633,26.6502],[85.9598,26.6494],[85.9549,26.6467],[85.9533,26.6437],[85.954,26.639],[85.9525,26.6375],[85.9556,26.6309],[85.9515,26.6244],[85.9464,26.6218],[85.9463,26.618],[85.9479,26.6139],[85.9408,26.6136],[85.9383,26.6165],[85.9335,26.6139],[85.9307,26.6163],[85.9253,26.6101],[85.9139,26.6088],[85.9124,26.6044],[85.9098,26.6047],[85.9059,26.6022],[85.9005,26.6005],[85.9007,26.595],[85.8928,26.5951],[85.889,26.5875],[85.8875,26.583],[85.8825,26.5839],[85.8757,26.5813],[85.8692,26.5779],[85.8686,26.5753],[85.858,26.569],[85.8568,26.5723],[85.8492,26.569],[85.8486,26.577],[85.8581,26.5899],[85.8513,26.6087],[85.84,26.6099],[85.8312,26.6115],[85.8306,26.6016],[85.8177,26.6028],[85.8036,26.615],[85.8018,26.6243],[85.7906,26.6259],[85.7809,26.6284],[85.7698,26.6299],[85.7593,26.6364],[85.7486,26.6389],[85.7373,26.6492],[85.7343,26.6536],[85.7367,26.6642],[85.7336,26.6647],[85.7308,26.6675],[85.7256,26.6707],[85.7245,26.6797],[85.7255,26.6849],[85.7233,26.6875],[85.7252,26.6931],[85.7243,26.7034],[85.7248,26.7099],[85.728,26.7176],[85.7261,26.7221],[85.7295,26.725],[85.7305,26.7304],[85.7295,26.7335],[85.7307,26.7361],[85.7339,26.7375],[85.7287,26.7498],[85.7318,26.7621],[85.7351,26.778],[85.7345,26.7959],[85.7288,26.8029],[85.7289,26.808],[85.7211,26.8204],[85.7043,26.8323],[85.694,26.8367],[85.681,26.8432],[85.6741,26.8453],[85.6424,26.8533],[85.6346,26.8722],[85.6239,26.8738],[85.6071,26.8575],[85.5857,26.8474],[85.5863,26.8523],[85.5825,26.8586],[85.5781,26.8586],[85.5756,26.861],[85.5724,26.8574],[85.5692,26.8503],[85.566,26.8411],[85.5578,26.8443],[85.5536,26.8345],[85.5433,26.8384],[85.5197,26.8146],[85.508,26.8168],[85.5023,26.815],[85.4977,26.8119],[85.498,26.8082],[85.4968,26.7993],[85.4953,26.7972],[85.4813,26.8018],[85.4787,26.7998],[85.4787,26.794],[85.4735,26.7902],[85.4638,26.7884],[85.4578,26.7847],[85.4546,26.7818],[85.4519,26.7814],[85.4327,26.7901],[85.4297,26.7867],[85.4247,26.7862],[85.4184,26.7903],[85.4077,26.7913],[85.4049,26.7858],[85.3981,26.7789],[85.3924,26.7754],[85.3844,26.7743],[85.3772,26.7628],[85.3708,26.7584],[85.364,26.7602],[85.3617,26.7628],[85.3554,26.7601],[85.3448,26.751],[85.3345,26.7417],[85.3242,26.7456],[85.3222,26.7457],[85.3192,26.7493],[85.3155,26.7494],[85.3071,26.7519],[85.2953,26.7529],[85.2788,26.7537],[85.2598,26.7556],[85.2498,26.7598],[85.24,26.762],[85.2325,26.7624],[85.2196,26.7589],[85.2126,26.758],[85.2047,26.7627],[85.2011,26.7687],[85.1971,26.7707],[85.1915,26.7821],[85.1948,26.7849],[85.1918,26.7913],[85.1866,26.7909],[85.1869,26.7945],[85.1806,26.7956],[85.1794,26.7983],[85.1825,26.8007],[85.1767,26.8096],[85.177,26.815],[85.1847,26.822],[85.1912,26.8308],[85.1928,26.8385],[85.191,26.8465],[85.1912,26.852],[85.1931,26.861],[85.193,26.8661],[85.1898,26.87],[85.1834,26.8699],[85.1677,26.8686],[85.1596,26.8693],[85.155,26.8704],[85.14,26.8711],[85.135,26.8677],[85.1265,26.8697],[85.1238,26.8714],[85.1112,26.8722],[85.1095,26.8709],[85.0999,26.8711],[85.096,26.8669],[85.091,26.868],[85.0857,26.8656],[85.0862,26.8635],[85.0899,26.8597],[85.0875,26.8564],[85.0831,26.8539],[85.0743,26.8558],[85.0714,26.8542],[85.0659,26.8532],[85.066,26.8506],[85.0632,26.8496],[85.062,26.8542],[85.0581,26.8545],[85.0575,26.8491],[85.024,26.8544],[85.0238,26.8554],[85.0308,26.8585],[85.0284,26.8623],[85.0284,26.8661],[85.0301,26.8696],[85.0306,26.8739],[85.0369,26.8741],[85.0397,26.877],[85.0467,26.8782],[85.0562,26.8811],[85.0604,26.8846],[85.0551,26.8864],[85.0537,26.8889],[85.0411,26.8909],[85.034,26.8915],[85.0227,26.8916],[85.0197,26.8931],[85.005,26.8947],[84.9928,26.903],[84.9954,26.9065],[85.0023,26.9037],[85.0001,26.9119],[84.9783,26.915],[84.9707,26.9169],[84.972,26.9216],[84.9696,26.9249],[84.9703,26.9285],[84.9744,26.9321],[84.9765,26.9319],[84.9784,26.9361],[84.9756,26.9385],[84.9778,26.9412],[84.9675,26.9554],[84.9626,26.9605],[84.9536,26.96],[84.9338,26.9678],[84.9288,26.9687],[84.924,26.9676],[84.9174,26.969],[84.9093,26.9681],[84.9017,26.9703],[84.899,26.9701],[84.8966,26.9731],[84.892,26.9728],[84.8851,26.9786],[84.8773,26.98],[84.8643,26.9844],[84.862,26.9872],[84.8555,26.9881],[84.8574,26.9905],[84.8578,26.9954],[84.8564,26.9986],[84.8512,26.9992],[84.8521,27.0056],[84.8542,27.0083],[84.8384,27.0141],[84.8295,27.0196],[84.8226,27.0211],[84.8159,27.0203],[84.8131,27.0185],[84.8121,27.0157],[84.8085,27.0181],[84.8069,27.0144],[84.8108,27.0144],[84.8098,27.0109],[84.8067,27.0099],[84.807,27.0071],[84.7991,27.0034],[84.7962,27.0005],[84.7938,26.996],[84.7912,26.9989],[84.7862,26.9985],[84.788,27.0058],[84.7874,27.0088],[84.7842,27.0082],[84.7827,27.0141],[84.7731,27.0178],[84.7647,27.0129],[84.7604,27.0051],[84.7567,27.0028],[84.7422,27.0093],[84.7324,27.0143],[84.7278,27.0133],[84.7196,27.015],[84.7136,27.0216],[84.7096,27.0213],[84.7013,27.027],[84.6817,27.0315],[84.6434,27.0461],[84.6431,27.0506],[84.6465,27.0521],[84.6429,27.06],[84.6453,27.0636],[84.6434,27.0652],[84.6474,27.0714],[84.6462,27.0753],[84.6509,27.0772],[84.6525,27.0806],[84.6565,27.0812],[84.6552,27.0844],[84.6616,27.0854],[84.6638,27.0894],[84.6644,27.0946],[84.6669,27.094],[84.6707,27.098],[84.6753,27.101],[84.6734,27.1083],[84.6698,27.1096],[84.6728,27.1143],[84.6768,27.1152],[84.6769,27.1194],[84.6756,27.1237],[84.6786,27.1263],[84.6776,27.1332],[84.6799,27.1353],[84.6838,27.1435],[84.6834,27.1505],[84.6824,27.1538],[84.6868,27.1584],[84.6846,27.1609],[84.6818,27.1592],[84.6771,27.1626],[84.6799,27.1704],[84.6758,27.1718],[84.6809,27.1752],[84.6815,27.179],[84.6846,27.1829],[84.6802,27.1849],[84.6828,27.1912],[84.683,27.1982],[84.6803,27.2001],[84.686,27.2068],[84.6875,27.2152],[84.6911,27.2148],[84.6893,27.2197],[84.6895,27.223],[84.6868,27.2239],[84.6863,27.2285],[84.6834,27.2336],[84.6675,27.263],[84.6513,27.2924],[84.6437,27.3053],[84.6357,27.3181],[84.6219,27.3369],[84.6185,27.3377],[84.6087,27.3364],[84.6043,27.3367],[84.5948,27.3402],[84.5866,27.3411],[84.5774,27.3443],[84.5739,27.3446],[84.5664,27.3472],[84.5531,27.349],[84.5467,27.3485],[84.5397,27.3503],[84.5286,27.3512],[84.5216,27.3527],[84.5121,27.3531],[84.5103,27.3544],[84.5032,27.3547],[84.4853,27.3587],[84.4772,27.3622],[84.4731,27.3584],[84.4725,27.3554],[84.4694,27.3549],[84.4579,27.362],[84.4481,27.3631],[84.4455,27.3643],[84.4442,27.3684],[84.4404,27.3705],[84.4357,27.3692],[84.4328,27.3704],[84.425,27.3718],[84.421,27.3698],[84.4135,27.3707],[84.4099,27.3685],[84.4059,27.3704],[84.3961,27.3704],[84.3912,27.3681],[84.389,27.3712],[84.3793,27.375],[84.3736,27.3766],[84.3707,27.3745],[84.3643,27.3732],[84.3573,27.3747],[84.3474,27.3746],[84.3369,27.3778],[84.332,27.3776],[84.3281,27.3807],[84.3242,27.3803],[84.3195,27.3813],[84.3121,27.3862],[84.305,27.3879],[84.3005,27.3907],[84.2973,27.3888],[84.2949,27.3846],[84.2924,27.3848],[84.2846,27.3927],[84.2828,27.3967],[84.2769,27.3959],[84.2759,27.4015],[84.2785,27.4044],[84.2775,27.4091],[84.2783,27.4158],[84.2738,27.4207],[84.2724,27.4253],[84.2734,27.428],[84.2678,27.4322],[84.267,27.4344],[84.2618,27.4355],[84.2583,27.4398],[84.2601,27.4453],[84.2549,27.4501],[84.2541,27.4541],[84.2488,27.4533],[84.2423,27.4547],[84.2415,27.4528],[84.2371,27.4528],[84.2311,27.4563],[84.2259,27.4505],[84.2225,27.4501],[84.2205,27.4478],[84.2212,27.4421],[84.2195,27.4409],[84.2083,27.443],[84.2061,27.4467],[84.2076,27.4487],[84.2069,27.4527],[84.2079,27.4567],[84.2042,27.4595],[84.2095,27.4653],[84.2054,27.4704],[84.2011,27.4709],[84.199,27.4733],[84.1933,27.4726],[84.1917,27.4702],[84.1867,27.4702],[84.1795,27.4758],[84.1753,27.4742],[84.1708,27.4757],[84.1709,27.4792],[84.1629,27.4842],[84.1538,27.4842],[84.152,27.4866],[84.1488,27.4867],[84.1469,27.495],[84.1449,27.4964],[84.1491,27.5006],[84.1492,27.5081],[84.1511,27.5119],[84.1512,27.5167],[84.1459,27.5187],[84.1434,27.5169],[84.1387,27.5177],[84.1314,27.5126],[84.1242,27.5108],[84.1198,27.5122],[84.1169,27.5146],[84.1168,27.5192],[84.1113,27.5194],[84.1053,27.5211],[84.1004,27.5175],[84.0977,27.5171],[84.0992,27.5109],[84.0986,27.5021],[84.0948,27.489],[84.0918,27.4892],[84.0892,27.4857],[84.0826,27.4829],[84.08,27.4844],[84.0695,27.4806],[84.0682,27.478],[84.0663,27.4693],[84.0616,27.4665],[84.0624,27.4643],[84.0601,27.4617],[84.0599,27.4583],[84.0621,27.4566],[84.061,27.4527],[84.0553,27.4499],[84.0511,27.4428],[84.0391,27.4428],[84.0363,27.4408],[84.0323,27.4417],[84.0259,27.4377],[84.0274,27.4358],[84.0239,27.433],[84.019,27.4362],[84.016,27.4349],[84.0124,27.4385],[84.0086,27.4381],[84.0038,27.4417],[84.0001,27.4417],[83.9948,27.4461],[83.9919,27.4443],[83.9846,27.4438],[83.9791,27.44],[83.9755,27.4431],[83.9723,27.4424],[83.9688,27.4458],[83.9655,27.4461],[83.9573,27.4426],[83.9516,27.4426],[83.9471,27.4408],[83.9451,27.4414],[83.9432,27.4458],[83.9403,27.4486],[83.9346,27.4483],[83.9335,27.4505],[83.9197,27.4431],[83.9121,27.4406],[83.9032,27.4403],[83.8887,27.4384],[83.8804,27.4359],[83.8755,27.4354],[83.871,27.4362],[83.8648,27.4387],[83.8557,27.4458],[83.8483,27.4464],[83.843,27.4417],[83.8368,27.4311],[83.8331,27.4293],[83.8331,27.4251],[83.8391,27.4179],[83.8448,27.4129],[83.8503,27.41],[83.8566,27.4041],[83.8582,27.3974],[83.8637,27.3917],[83.8747,27.3873],[83.8815,27.3804],[83.8832,27.3766],[83.8826,27.3707],[83.8809,27.3665],[83.872,27.3578],[83.8638,27.347],[83.8444,27.36],[83.8308,27.3698],[83.7994,27.3843],[83.781,27.3926],[83.6922,27.4339],[83.6709,27.4437],[83.6295,27.463],[83.6143,27.4694],[83.5731,27.4712],[83.5164,27.4739],[83.4402,27.4771],[83.3889,27.4797],[83.3918,27.4779],[83.3881,27.4711],[83.3955,27.4694],[83.3951,27.4666],[83.3993,27.4655],[83.4,27.4591],[83.4017,27.4575],[83.3987,27.4493],[83.3953,27.4465],[83.3908,27.4464],[83.3899,27.4448],[83.3851,27.4434],[83.3858,27.4381],[83.3839,27.4363],[83.3861,27.4333],[83.3916,27.4298],[83.3929,27.4248],[83.3995,27.4202],[83.405,27.4189],[83.4093,27.4128],[83.4064,27.4119],[83.4054,27.4054],[83.4034,27.4021],[83.396,27.3959],[83.3928,27.3959],[83.3883,27.3917],[83.3845,27.3902],[83.3846,27.3863],[83.3879,27.3833],[83.3863,27.3805],[83.3877,27.3756],[83.3821,27.3705],[83.3746,27.37],[83.3725,27.3669],[83.3738,27.3572],[83.3706,27.358],[83.367,27.3553],[83.3641,27.3555],[83.3577,27.3503],[83.3591,27.3483],[83.3593,27.3439],[83.3555,27.3446],[83.3509,27.3423],[83.3492,27.3399],[83.3436,27.3379],[83.3425,27.3347],[83.3372,27.3326],[83.3318,27.3328],[83.3272,27.3342],[83.325,27.3366],[83.3187,27.3359],[83.3159,27.3336],[83.316,27.3314],[83.3085,27.3336],[83.3049,27.3313],[83.3006,27.3345],[83.2949,27.3333],[83.2925,27.3362],[83.2724,27.3526],[83.2653,27.3654],[83.2722,27.3833],[83.24,27.4064],[83.2257,27.4117],[83.2188,27.4162],[83.2111,27.4235],[83.203,27.4351],[83.1959,27.4464],[83.1879,27.4543],[83.1756,27.4553],[83.1657,27.4575],[83.1189,27.4548],[83.0772,27.4527],[83.0669,27.4511],[83.0346,27.4487],[83.019,27.4539],[82.9804,27.4617],[82.9666,27.4641],[82.9541,27.4677],[82.9446,27.4769],[82.9396,27.491],[82.9293,27.5012],[82.9133,27.5013],[82.8794,27.4986],[82.8658,27.4986],[82.8479,27.4994],[82.8325,27.5019],[82.8168,27.4988],[82.8014,27.4964],[82.785,27.5],[82.7355,27.5024],[82.7351,27.5063],[82.7372,27.5103],[82.7368,27.5179],[82.7409,27.5179],[82.7424,27.5195],[82.7489,27.5219],[82.7485,27.5263],[82.7453,27.5283],[82.7438,27.5357],[82.7419,27.5368],[82.7414,27.5434],[82.7378,27.5466],[82.7388,27.5512],[82.7419,27.5538],[82.7469,27.5556],[82.7435,27.5603],[82.7451,27.5621],[82.7502,27.5641],[82.7508,27.5677],[82.7474,27.5725],[82.7509,27.577],[82.7507,27.5797],[82.7523,27.5852],[82.7558,27.587],[82.7504,27.5937],[82.7447,27.5961],[82.7457,27.6008],[82.7417,27.6054],[82.7355,27.6092],[82.7367,27.6122],[82.7337,27.6187],[82.7361,27.6228],[82.7367,27.626],[82.7341,27.6293],[82.7381,27.6314],[82.7354,27.6353],[82.7377,27.6374],[82.7366,27.6435],[82.7334,27.6429],[82.7305,27.6532],[82.7233,27.6592],[82.7195,27.6579],[82.7199,27.662],[82.7145,27.6626],[82.7117,27.6662],[82.7156,27.6686],[82.7134,27.6715],[82.7159,27.6729],[82.7142,27.6772],[82.715,27.6812],[82.7183,27.6874],[82.715,27.6924],[82.7097,27.6956],[82.7071,27.6992],[82.7052,27.706],[82.7057,27.7134],[82.7051,27.7166],[82.7021,27.7162],[82.6991,27.722],[82.6953,27.7182],[82.689,27.7151],[82.6809,27.7139],[82.671,27.7143],[82.6658,27.7159],[82.6643,27.7226],[82.6552,27.7135],[82.6381,27.7091],[82.6273,27.7114],[82.6274,27.7093],[82.6189,27.7023],[82.6175,27.7032],[82.6052,27.7061],[82.6003,27.7044],[82.5941,27.6974],[82.5854,27.6991],[82.5778,27.6961],[82.5627,27.6922],[82.5547,27.6885],[82.5499,27.6889],[82.5413,27.6857],[82.5393,27.6878],[82.5314,27.6865],[82.5276,27.688],[82.5166,27.6906],[82.5008,27.6851],[82.4922,27.6844],[82.4899,27.6817],[82.4843,27.6811],[82.482,27.6832],[82.4733,27.6767],[82.4487,27.6793],[82.4366,27.686],[82.4271,27.6892],[82.4129,27.699],[82.4017,27.7037],[82.3932,27.7105],[82.3827,27.7208],[82.3677,27.7429],[82.3367,27.7546],[82.3035,27.7728],[82.276,27.7929],[82.2527,27.8104],[82.2304,27.8211],[82.2083,27.8436],[82.1766,27.8555],[82.154,27.8668],[82.1502,27.8585],[82.1391,27.8603],[82.1214,27.8658],[82.1139,27.8782],[82.1006,27.8861],[82.0911,27.8945],[82.0898,27.8993],[82.0802,27.9093],[82.07,27.9236],[82.0621,27.9217],[82.0447,27.9246],[82.0251,27.9251],[81.9913,27.9292],[81.9772,27.9285],[81.9683,27.9291],[81.9618,27.9233],[81.9594,27.9165],[81.9509,27.9104],[81.9475,27.9033],[81.9382,27.894],[81.938,27.8879],[81.9298,27.8827],[81.9252,27.8753],[81.9261,27.8622],[81.9251,27.8593],[81.9001,27.8536],[81.8928,27.8559],[81.885,27.857],[81.8803,27.8616],[81.8776,27.8661],[81.8663,27.8748],[81.8563,27.8807],[81.8453,27.8887],[81.8396,27.8914],[81.8304,27.8991],[81.825,27.9007],[81.8206,27.9033],[81.8134,27.9044],[81.8086,27.9031],[81.8049,27.904],[81.7729,27.9293],[81.7311,27.962],[81.6984,27.9882],[81.6936,27.9894],[81.6845,27.9904],[81.6438,27.9936],[81.6388,27.9973],[81.6361,27.9975],[81.6279,28.0015],[81.624,28.0016],[81.6181,28.0095],[81.6133,28.0117],[81.5946,28.0218],[81.5845,28.0255],[81.5757,28.0309],[81.5608,28.0414],[81.5474,28.0493],[81.5326,28.056],[81.4878,28.0771],[81.4783,28.0827],[81.4784,28.0912],[81.4798,28.1103],[81.484,28.1186],[81.4737,28.1255],[81.4677,28.1272],[81.4499,28.1409],[81.4502,28.1509],[81.4461,28.1559],[81.4467,28.161],[81.429,28.1691],[81.4267,28.1707],[81.4177,28.1737],[81.4108,28.1746],[81.3906,28.1737],[81.3735,28.1773],[81.373,28.174],[81.3677,28.1675],[81.3671,28.1626],[81.3715,28.1597],[81.3764,28.1591],[81.3775,28.1562],[81.3745,28.1467],[81.37,28.1427],[81.3666,28.1417],[81.3424,28.1396],[81.3348,28.1403],[81.3209,28.134],[81.318,28.1337],[81.3154,28.1372],[81.3183,28.1452],[81.3281,28.1481],[81.3204,28.1603],[81.3121,28.1559],[81.3101,28.1604],[81.3036,28.163],[81.3027,28.1677],[81.3144,28.1676],[81.3213,28.1689],[81.3247,28.1753],[81.3184,28.1825],[81.3209,28.1976],[81.3077,28.2118],[81.2995,28.2201],[81.292,28.2229],[81.286,28.2287],[81.2619,28.255],[81.2444,28.275],[81.2326,28.2891],[81.2335,28.2981],[81.2345,28.3247],[81.2191,28.3455],[81.2133,28.3585],[81.2106,28.3608],[81.172,28.3682],[81.1412,28.3726],[81.0891,28.3823],[81.0797,28.3851],[81.071,28.3918],[81.0576,28.4012],[81.047,28.4104],[81.0357,28.4136],[81.0338,28.3989],[81.0226,28.4099],[81.0175,28.4155],[81.0342,28.4282],[81.0294,28.4388],[81.0193,28.4315],[81.0126,28.4378],[81.0168,28.4513],[80.9989,28.4531],[80.9889,28.4415],[80.9776,28.4424],[80.9788,28.4342],[80.965,28.4379],[80.9679,28.443],[80.9646,28.4448],[80.9802,28.4552],[80.967,28.4572],[80.9642,28.4496],[80.9517,28.4476],[80.9515,28.4558],[80.9444,28.4549],[80.932,28.4589],[80.9455,28.4663],[80.9426,28.4689],[80.9324,28.4635],[80.9305,28.4578],[80.9172,28.46],[80.9195,28.4642],[80.9141,28.4684],[80.9154,28.4576],[80.9056,28.4664],[80.9015,28.4863],[80.9067,28.4901],[80.9087,28.4981],[80.9001,28.5011],[80.8961,28.507],[80.8854,28.5077],[80.8754,28.5107],[80.8615,28.5044],[80.8659,28.4896],[80.8556,28.4976],[80.8445,28.4958],[80.8439,28.4998],[80.8365,28.5055],[80.83,28.5121],[80.8154,28.5207],[80.7997,28.5212],[80.7892,28.5245],[80.7846,28.5294],[80.7896,28.5434],[80.7829,28.5467],[80.7697,28.5499],[80.7686,28.5659],[80.7497,28.5712],[80.7383,28.5748],[80.7385,28.5664],[80.7244,28.5753],[80.7145,28.5684],[80.7036,28.5792],[80.6904,28.5876],[80.6958,28.6035],[80.6775,28.6044],[80.6797,28.6211],[80.6708,28.6279],[80.6676,28.6422],[80.6513,28.6341],[80.6414,28.6433],[80.6333,28.6375],[80.6116,28.6395],[80.6062,28.6524],[80.5894,28.648],[80.5974,28.656],[80.5802,28.6615],[80.5905,28.68],[80.5687,28.6881],[80.5503,28.6917],[80.5395,28.6908],[80.5156,28.6771],[80.5061,28.6712],[80.5034,28.6651],[80.5114,28.6232],[80.5148,28.6159],[80.5215,28.5767],[80.5256,28.5732],[80.5298,28.5749],[80.5306,28.5726],[80.5229,28.5536],[80.5197,28.5545],[80.517,28.5528],[80.515,28.5575],[80.5058,28.5685],[80.4996,28.5697],[80.4978,28.5728],[80.4937,28.5766],[80.4838,28.5823],[80.4814,28.5853],[80.4761,28.5835],[80.4702,28.5826],[80.472,28.591],[80.4697,28.5936],[80.4667,28.6003],[80.4619,28.6133],[80.4639,28.6154],[80.459,28.6227],[80.4558,28.6239],[80.4508,28.6295],[80.442,28.6291],[80.4372,28.636],[80.4329,28.6378],[80.4258,28.6383],[80.4229,28.6396],[80.4143,28.6395],[80.4043,28.635],[80.3889,28.6312],[80.3743,28.6304],[80.3658,28.6352],[80.361,28.6353],[80.3571,28.6415],[80.3608,28.6453],[80.3559,28.6469],[80.3531,28.6504],[80.3372,28.6606],[80.3257,28.6665],[80.3258,28.6696],[80.3211,28.6816],[80.3227,28.6869],[80.321,28.694],[80.3171,28.7001],[80.308,28.705],[80.2992,28.7067],[80.2973,28.7101],[80.2922,28.712],[80.2792,28.7097],[80.2758,28.7113],[80.2667,28.7216],[80.2565,28.7292],[80.2626,28.7329],[80.264,28.7354],[80.2656,28.7436],[80.2642,28.7467],[80.2566,28.7543],[80.251,28.7575],[80.2435,28.7558],[80.2369,28.7571],[80.2348,28.7594],[80.216,28.7556],[80.1707,28.7828],[80.1382,28.8138],[80.1181,28.829],[80.0748,28.8245],[80.0648,28.8377],[80.0585,28.9166],[80.0963,28.9757],[80.1005,28.9869],[80.1179,28.9815],[80.1267,29.0061],[80.1354,29.0074],[80.1362,29.0096],[80.1245,29.0131],[80.1312,29.0305],[80.1264,29.0319],[80.1372,29.0605],[80.1294,29.0627],[80.143,29.0986],[80.1469,29.1045],[80.1513,29.1073],[80.1651,29.1185],[80.1663,29.1247],[80.1687,29.1265],[80.1741,29.1268],[80.1791,29.1302],[80.1829,29.1371],[80.1858,29.1371],[80.1927,29.1325],[80.1972,29.1306],[80.2031,29.1297],[80.2087,29.1224],[80.2132,29.1219],[80.2261,29.1191],[80.2328,29.1185],[80.2387,29.1212],[80.2434,29.1266],[80.2486,29.1283],[80.2535,29.1361],[80.2601,29.1398],[80.2721,29.1413],[80.2729,29.1432],[80.2714,29.1475],[80.2652,29.1535],[80.2582,29.1648],[80.2577,29.1694],[80.2601,29.1725],[80.2599,29.1793],[80.258,29.1847],[80.2587,29.187],[80.2533,29.1913],[80.2494,29.1962],[80.2417,29.2007],[80.2405,29.2025],[80.2443,29.2097],[80.2445,29.2125],[80.2477,29.2163],[80.2479,29.2205],[80.253,29.2214],[80.2574,29.218],[80.258,29.2106],[80.2604,29.2069],[80.2632,29.2061],[80.2748,29.207],[80.2815,29.202],[80.284,29.1972],[80.2905,29.1955],[80.2937,29.1978],[80.2974,29.2067],[80.2943,29.2104],[80.2942,29.2143],[80.2959,29.2187],[80.2953,29.2231],[80.2909,29.2295],[80.291,29.2325],[80.2957,29.2382],[80.3002,29.2416],[80.2985,29.251],[80.3001,29.2546],[80.2992,29.2586],[80.3003,29.2637],[80.3023,29.2661],[80.3047,29.2752],[80.3042,29.2847],[80.3071,29.2897],[80.311,29.2909],[80.3148,29.2964],[80.3185,29.3035],[80.3161,29.3081],[80.3169,29.3152],[80.3118,29.3204],[80.3081,29.3229],[80.2958,29.3245],[80.2909,29.3311],[80.2911,29.336],[80.2847,29.3403],[80.2798,29.3476],[80.28,29.3591],[80.2737,29.362],[80.2714,29.3647],[80.2723,29.3691],[80.2716,29.3738],[80.2792,29.3788],[80.2733,29.3853],[80.2759,29.3914],[80.2717,29.3952],[80.2629,29.398],[80.2536,29.4042],[80.246,29.4075],[80.242,29.4117],[80.2457,29.4152],[80.2442,29.4201],[80.2444,29.425],[80.2473,29.4316],[80.2476,29.4361],[80.2426,29.442],[80.2426,29.4443],[80.2461,29.4472],[80.2548,29.448],[80.2573,29.4517],[80.2661,29.4493],[80.2728,29.4497],[80.2745,29.4523],[80.2692,29.4542],[80.2705,29.4569],[80.2783,29.4587],[80.28,29.4563],[80.2803,29.4518],[80.288,29.4512],[80.2942,29.4539],[80.2978,29.4517],[80.3026,29.4541],[80.2932,29.4655],[80.2872,29.4736],[80.2872,29.4774],[80.2931,29.4791],[80.2967,29.4853],[80.2962,29.4878],[80.2987,29.4906],[80.3021,29.4893],[80.3037,29.4867],[80.3131,29.4848],[80.3145,29.4919],[80.3133,29.4981],[80.3156,29.5005],[80.3292,29.5058],[80.3321,29.5129],[80.3362,29.5125],[80.3417,29.5103],[80.3497,29.5193],[80.3494,29.5252],[80.3549,29.5274],[80.3577,29.5332],[80.3528,29.5358],[80.3486,29.5404],[80.3421,29.5401],[80.3416,29.5428],[80.3456,29.5486],[80.3423,29.5524],[80.3492,29.5554],[80.3571,29.5551],[80.3638,29.5566],[80.3622,29.5631],[80.3716,29.5631],[80.3768,29.5609],[80.379,29.5622],[80.3784,29.569],[80.3791,29.5716],[80.3874,29.5712],[80.3898,29.5739],[80.391,29.5811],[80.4024,29.589],[80.4074,29.5949],[80.4089,29.6042],[80.4079,29.6102],[80.4059,29.612],[80.4081,29.6152],[80.4082,29.6207],[80.4119,29.6261],[80.4187,29.627],[80.4209,29.6299],[80.4193,29.6337],[80.4199,29.6393],[80.4158,29.6415],[80.414,29.6446],[80.4164,29.6507],[80.4136,29.6544],[80.4101,29.6538],[80.409,29.6567],[80.4052,29.6601],[80.3997,29.6585],[80.3972,29.6629],[80.3907,29.6643],[80.3897,29.6658],[80.3899,29.6712],[80.3855,29.6737],[80.3835,29.6774],[80.3849,29.6841],[80.3843,29.6863],[80.3808,29.6885],[80.3792,29.7014],[80.3769,29.7031],[80.3745,29.71],[80.374,29.7137],[80.372,29.716],[80.375,29.7181],[80.3748,29.7212],[80.3686,29.7218],[80.3655,29.727],[80.3666,29.7312],[80.3694,29.7348],[80.3652,29.7387],[80.3651,29.7469],[80.3687,29.751],[80.3731,29.7494],[80.3863,29.7515],[80.3851,29.7583],[80.3901,29.7605],[80.3938,29.7584],[80.398,29.7597],[80.3963,29.7634],[80.4,29.7736],[80.4048,29.7782],[80.4036,29.7811],[80.4072,29.7841],[80.4061,29.7886],[80.4077,29.7932],[80.4127,29.7916],[80.4159,29.7956],[80.4219,29.7961],[80.4282,29.7977],[80.4339,29.8052],[80.4366,29.8061],[80.4395,29.8018],[80.4459,29.7989],[80.4503,29.7998],[80.4532,29.8022],[80.4643,29.8024],[80.4771,29.7976],[80.48,29.7954],[80.4831,29.7964],[80.4902,29.796],[80.4943,29.7966],[80.494,29.7995],[80.496,29.8053],[80.4989,29.8071],[80.4976,29.8105],[80.5005,29.8165],[80.5051,29.82],[80.5078,29.8238],[80.5168,29.8256],[80.5219,29.8274],[80.5233,29.8322],[80.5271,29.8332],[80.5314,29.8387],[80.5355,29.8387],[80.5384,29.8473],[80.5443,29.8469],[80.5488,29.8505],[80.5521,29.8502],[80.5533,29.8533],[80.5514,29.8556],[80.5542,29.8595],[80.5543,29.8616],[80.5609,29.8658],[80.5568,29.8695],[80.56,29.8749],[80.5655,29.8793],[80.5702,29.8918],[80.5724,29.8949],[80.5697,29.9087],[80.5709,29.9154],[80.5727,29.9185],[80.5744,29.9246],[80.5779,29.9277],[80.5788,29.9324],[80.5813,29.937],[80.5842,29.9393],[80.5897,29.9479],[80.595,29.953],[80.6018,29.9581],[80.6045,29.9593],[80.6087,29.9588],[80.6227,29.9644],[80.6296,29.9654],[80.6385,29.9627],[80.6399,29.9601],[80.6491,29.9557],[80.6571,29.9555],[80.6701,29.9575],[80.6742,29.9571],[80.6822,29.9622],[80.6843,29.9673],[80.6874,29.97],[80.6911,29.9752],[80.7,29.9797],[80.7038,29.9846],[80.709,29.9891],[80.7126,29.991],[80.7152,29.9959],[80.7193,30.0008],[80.7237,29.9999],[80.7288,30.0005],[80.7374,29.9994],[80.7421,30.0033],[80.7446,30.0039],[80.7498,30.0095],[80.7533,30.0168],[80.7539,30.0198],[80.7577,30.0242],[80.7581,30.0277],[80.7559,30.0309],[80.756,30.0403],[80.7585,30.0418],[80.7585,30.0451],[80.761,30.0495],[80.7663,30.0521],[80.7729,30.0543],[80.7761,30.0543],[80.7795,30.0568],[80.7839,30.0616],[80.7867,30.0669],[80.789,30.0691],[80.789,30.072],[80.7927,30.0745],[80.7947,30.0776],[80.7998,30.0812],[80.8014,30.0854],[80.8056,30.09],[80.8137,30.0931],[80.8165,30.0971],[80.8203,30.0993],[80.826,30.1],[80.8292,30.0973],[80.8368,30.0975],[80.8446,30.1019],[80.8457,30.1072],[80.8419,30.1115],[80.8447,30.1162],[80.8516,30.118],[80.8594,30.1214],[80.8628,30.1212],[80.8688,30.1263],[80.8748,30.1265],[80.8763,30.1287],[80.8768,30.1344],[80.8715,30.1476],[80.8702,30.1529],[80.8704,30.1592],[80.8672,30.1703],[80.8678,30.1739],[80.8706,30.1766],[80.8765,30.1793],[80.882,30.1837],[80.8877,30.1906],[80.891,30.1964],[80.8927,30.2032],[80.8956,30.2084],[80.9027,30.2154],[80.9079,30.2154],[80.9197,30.2142],[80.9217,30.2052],[80.9213,30.1983],[80.9183,30.1898],[80.9444,30.1787],[80.95,30.1783],[80.96,30.179],[80.9691,30.1817],[80.9807,30.1866],[80.9947,30.1914],[80.9996,30.1925],[81.0075,30.1918],[81.0132,30.1941],[81.0249,30.1959],[81.029,30.1958],[81.035,30.1981],[81.0363,30.2016],[81.0433,30.2046],[81.0466,30.2109],[81.0368,30.2175],[81.0311,30.2202],[81.03,30.2218],[81.0314,30.2261],[81.0277,30.2274],[81.028,30.2312],[81.0298,30.234],[81.0311,30.2421],[81.0332,30.2464],[81.0298,30.2489],[81.0215,30.2505],[81.0124,30.2549],[81.0091,30.2598],[81.0055,30.2631],[80.9955,30.2639],[80.9884,30.2654],[80.9575,30.2751],[80.9476,30.2776],[80.9331,30.2801],[80.9198,30.2843],[80.9068,30.29],[80.8963,30.294],[80.8866,30.2957],[80.8706,30.2978],[80.8627,30.2995],[80.8459,30.3052],[80.8349,30.3096],[80.8216,30.3156],[80.8007,30.3296],[80.7926,30.3385],[80.7873,30.3426],[80.7846,30.3499],[80.7857,30.3541],[80.7836,30.3578],[80.7796,30.3621],[80.758,30.3876],[80.752,30.3935],[80.7457,30.3974],[80.7378,30.4],[80.7237,30.4037],[80.7135,30.4082],[80.7072,30.4125],[80.7037,30.4163],[80.6871,30.431],[80.6781,30.4374],[80.674,30.4391],[80.6646,30.4403],[80.6559,30.4425],[80.652,30.4443],[80.6459,30.4488],[80.6379,30.4537],[80.6233,30.4608],[80.6161,30.4652],[80.604,30.4753],[80.598,30.4788],[80.5917,30.4812],[80.5856,30.4821],[80.5802,30.4809],[80.5766,30.4782],[80.5709,30.4681],[80.5688,30.4662],[80.5601,30.4664],[80.5555,30.4649],[80.5514,30.4609],[80.5493,30.4565],[80.5476,30.4486],[80.5391,30.4492],[80.5307,30.4579],[80.5246,30.4626],[80.5208,30.4688],[80.5171,30.4732],[80.5095,30.4755],[80.5033,30.4812],[80.4983,30.4842],[80.4932,30.4856],[80.4856,30.4866],[80.4646,30.4928],[80.456,30.4942],[80.4477,30.4977],[80.443,30.5008],[80.4313,30.5072],[80.4292,30.511],[80.4195,30.5152],[80.4167,30.5239],[80.4127,30.5252],[80.4069,30.5205],[80.3983,30.5168],[80.3911,30.5153],[80.3856,30.515],[80.3828,30.5161],[80.3814,30.5201],[80.3783,30.5219],[80.3739,30.5215],[80.3606,30.5273],[80.3528,30.5333],[80.337,30.5443],[80.3244,30.5542],[80.3189,30.5594],[80.3124,30.5621],[80.2939,30.5678],[80.2831,30.5722],[80.277,30.5658],[80.2736,30.565],[80.2662,30.5666],[80.2617,30.5651],[80.2578,30.5588],[80.2533,30.5654],[80.2489,30.5687],[80.241,30.573],[80.2268,30.5789],[80.2274,30.5934],[80.2296,30.6009],[80.2288,30.6035],[80.2228,30.6067],[80.2171,30.6084],[80.2143,30.6158],[80.2124,30.6184],[80.2119,30.6248],[80.2151,30.6257],[80.2187,30.6286],[80.2218,30.6333],[80.2223,30.6375],[80.2212,30.6418],[80.2171,30.6454],[80.2054,30.6544],[80.1972,30.6621],[80.1979,30.6727],[80.1976,30.68],[80.1997,30.683],[80.2041,30.6849],[80.2125,30.6843],[80.2249,30.6868],[80.2346,30.6883],[80.2364,30.6904],[80.2373,30.6994],[80.2369,30.7075],[80.2406,30.7124],[80.2476,30.7178],[80.249,30.7288],[80.2502,30.7326],[80.2504,30.7423],[80.2429,30.7466],[80.2411,30.7508],[80.2385,30.7623],[80.2302,30.7592],[80.2247,30.7554],[80.2198,30.7504],[80.2168,30.7489],[80.2131,30.7507],[80.2083,30.7565],[80.2034,30.7604],[80.2001,30.7647],[80.1993,30.7686],[80.2003,30.7727],[80.2032,30.7765],[80.1984,30.7788],[80.1876,30.7899],[80.1845,30.7972],[80.181,30.802],[80.1778,30.8041],[80.1581,30.8059],[80.156,30.8049],[80.1542,30.7997],[80.1574,30.7887],[80.1538,30.7874],[80.1482,30.7894],[80.1435,30.7898],[80.1377,30.7841],[80.13,30.782],[80.1263,30.7786],[80.1224,30.7774],[80.1109,30.7793],[80.0957,30.7909],[80.089,30.7941],[80.085,30.804],[80.0805,30.8112],[80.0767,30.8155],[80.0669,30.8238],[80.0615,30.8262],[80.0575,30.8294],[80.0573,30.8349],[80.0583,30.8397],[80.0532,30.842],[80.0446,30.8356],[80.042,30.8358],[80.0251,30.8481],[80.0175,30.8556],[80.0122,30.8635],[80.0037,30.8651],[79.9973,30.8691],[79.9925,30.8769],[79.9896,30.8786],[79.9697,30.8824],[79.9645,30.886],[79.9622,30.89],[79.9537,30.8851],[79.9494,30.8848],[79.9449,30.8862],[79.9356,30.8824],[79.9309,30.8813],[79.9291,30.8824],[79.9277,30.8884],[79.9251,30.8932],[79.9214,30.8963],[79.9189,30.901],[79.9135,30.9076],[79.9104,30.9151],[79.9019,30.9175],[79.8903,30.9186],[79.8896,30.9243],[79.887,30.9317],[79.8886,30.9393],[79.885,30.9422],[79.8822,30.9509],[79.8824,30.9554],[79.8758,30.9675],[79.8627,30.9754],[79.8562,30.9774],[79.8534,30.9765],[79.8386,30.974],[79.8355,30.9753],[79.8228,30.9734],[79.8164,30.9739],[79.8072,30.9818],[79.8028,30.9793],[79.7986,30.9797],[79.7954,30.9816],[79.7919,30.9884],[79.7809,30.9875],[79.7746,30.9889],[79.766,30.9952],[79.7617,31.001],[79.7562,31.0042],[79.753,31.0079],[79.7471,31.003],[79.738,30.9837],[79.7355,30.9815],[79.7267,30.9803],[79.7171,30.976],[79.708,30.9783],[79.7043,30.9765],[79.7016,30.9731],[79.698,30.9725],[79.6922,30.9748],[79.6839,30.9794],[79.6749,30.9835],[79.669,30.9839],[79.665,30.9829],[79.6634,30.9793],[79.6633,30.9751],[79.6649,30.9696],[79.6636,30.9665],[79.6585,30.9629],[79.6503,30.9615],[79.6392,30.9559],[79.6333,30.9534],[79.628,30.9521],[79.6199,30.9513],[79.617,30.9466],[79.6141,30.9442],[79.6076,30.9418],[79.6055,30.9398],[79.6047,30.935],[79.6019,30.9335],[79.6017,30.9399],[79.5967,30.9448],[79.5901,30.9482],[79.5785,30.9499],[79.5718,30.9486],[79.5689,30.9501],[79.5671,30.9545],[79.5645,30.9572],[79.5556,30.9573],[79.5525,30.9601],[79.5506,30.9653],[79.546,30.9712],[79.5403,30.9755],[79.5406,30.9799],[79.547,30.9855],[79.5484,30.9895],[79.5381,30.9902],[79.5312,31.0035],[79.5242,31.0145],[79.519,31.0267],[79.5124,31.0298],[79.5029,31.033],[79.4916,31.0335],[79.4686,31.0335],[79.4591,31.0319],[79.4456,31.028],[79.4361,31.028],[79.4306,31.0286],[79.4248,31.0305],[79.4229,31.0399],[79.4225,31.0484],[79.4257,31.0664],[79.4246,31.0711],[79.4216,31.0726],[79.411,31.0751],[79.4077,31.077],[79.404,31.087],[79.4021,31.1021],[79.3988,31.1078],[79.3929,31.1103],[79.3798,31.1124],[79.3424,31.1249],[79.3325,31.1273],[79.3241,31.132],[79.3175,31.1367],[79.3127,31.142],[79.3094,31.1474],[79.3072,31.1578],[79.301,31.1678],[79.3008,31.1723],[79.3032,31.1904],[79.2999,31.2057],[79.2926,31.2212],[79.2844,31.2324],[79.2802,31.235],[79.2703,31.2375],[79.2571,31.2402],[79.2519,31.243],[79.2503,31.2582],[79.2524,31.266],[79.2546,31.2685],[79.2699,31.2786],[79.2719,31.2832],[79.2715,31.2868],[79.2658,31.2932],[79.2518,31.3018],[79.2434,31.3089],[79.2392,31.3142],[79.2394,31.3179],[79.2428,31.3226],[79.2465,31.3253],[79.2465,31.33],[79.2321,31.3356],[79.225,31.3387],[79.2116,31.3464],[79.1922,31.3628],[79.1905,31.3684],[79.1861,31.3767],[79.1824,31.3852],[79.1737,31.3955],[79.1662,31.402],[79.1479,31.4215],[79.1436,31.4255],[79.1274,31.4349],[79.1226,31.4364],[79.1167,31.4364],[79.1085,31.4376],[79.0996,31.4433],[79.09,31.445],[79.0846,31.4477],[79.0779,31.4527],[79.0705,31.4601],[79.0642,31.4621],[79.0617,31.4613],[79.0559,31.455],[79.0525,31.4469],[79.0508,31.44],[79.0511,31.43],[79.0527,31.4231],[79.0515,31.4198],[79.0417,31.4123],[79.035,31.4079],[79.0237,31.3964],[79.0176,31.3856],[79.0119,31.3677],[79.0108,31.3571],[78.9899,31.3453],[78.967,31.3369],[78.9583,31.3304],[78.9476,31.3195],[78.9442,31.3079],[78.9417,31.2742],[78.9371,31.2606],[78.9327,31.2529],[78.9112,31.2553],[78.9038,31.2589],[78.8988,31.2627],[78.897,31.2769],[78.8924,31.2879],[78.8727,31.3091],[78.8546,31.3235],[78.8601,31.3357],[78.8638,31.3464],[78.8626,31.3533],[78.8588,31.3664],[78.8479,31.3792],[78.8362,31.3849],[78.8236,31.3864],[78.8048,31.391],[78.792,31.3955],[78.8003,31.4033],[78.8109,31.4092],[78.8166,31.4193],[78.8187,31.4289],[78.8181,31.4404],[78.8128,31.4497],[78.8047,31.4564],[78.7955,31.4627],[78.7867,31.4677],[78.7791,31.4705],[78.7736,31.4739],[78.77,31.4815],[78.7666,31.4864],[78.7574,31.4877],[78.751,31.484],[78.7431,31.4804],[78.7362,31.4806],[78.7343,31.485],[78.7352,31.493],[78.7308,31.5061],[78.7284,31.5148],[78.729,31.5198],[78.736,31.5285],[78.747,31.5386],[78.7574,31.5424],[78.7698,31.5426],[78.7784,31.5482],[78.7839,31.5566],[78.791,31.5611],[78.803,31.563],[78.8189,31.5722],[78.8293,31.5849],[78.8458,31.5983],[78.8533,31.6074],[78.852,31.6169],[78.8399,31.6281],[78.8241,31.6367],[78.807,31.6471],[78.8003,31.6579],[78.7992,31.6652],[78.7991,31.6728],[78.7982,31.6818],[78.7948,31.6825],[78.7869,31.6786],[78.7758,31.677],[78.7627,31.6794],[78.754,31.6856],[78.7449,31.7004],[78.7436,31.7112],[78.7413,31.7211],[78.7314,31.7338],[78.7284,31.7417],[78.7333,31.7494],[78.7407,31.7534],[78.7412,31.7576],[78.732,31.7593],[78.7202,31.7645],[78.7155,31.7759],[78.7099,31.7866],[78.7099,31.7998],[78.7143,31.8074],[78.7217,31.8153],[78.732,31.8229],[78.7402,31.8375],[78.7458,31.8556],[78.7451,31.8705],[78.7476,31.8792],[78.7528,31.8847],[78.7514,31.8942],[78.7497,31.9007],[78.7501,31.9045],[78.7616,31.9128],[78.7707,31.9226],[78.7782,31.9352],[78.7802,31.952],[78.7862,31.9731],[78.7884,31.9881],[78.7886,31.9932],[78.7856,31.9973],[78.7778,31.9993],[78.7664,31.9994],[78.7581,32.001],[78.7354,32.0233],[78.7189,32.0357],[78.7078,32.0469],[78.6962,32.0627],[78.6834,32.0727],[78.674,32.0854],[78.6659,32.1018],[78.6611,32.1077],[78.6566,32.1115],[78.6407,32.1116],[78.6296,32.1108],[78.6212,32.1115],[78.6177,32.1152],[78.614,32.1223],[78.6148,32.1333],[78.6114,32.1425],[78.6073,32.1458],[78.5998,32.1498],[78.5968,32.1539],[78.5962,32.1578],[78.6079,32.1678],[78.6138,32.1754],[78.6144,32.1813],[78.6126,32.195],[78.6147,32.2088],[78.6084,32.2191],[78.6003,32.2266],[78.588,32.2361],[78.5735,32.2445],[78.5595,32.2487],[78.5459,32.2477],[78.5376,32.2454],[78.5218,32.2421],[78.4963,32.2375],[78.4632,32.2402],[78.4608,32.2417],[78.4635,32.2474],[78.4738,32.2584],[78.48,32.2689],[78.4834,32.2814],[78.484,32.2996],[78.484,32.3212],[78.4837,32.3352],[78.4848,32.3491],[78.4884,32.3543],[78.4967,32.3617],[78.5058,32.3665],[78.5148,32.375],[78.5217,32.3918],[78.5302,32.4043],[78.5334,32.4104],[78.5335,32.4155],[78.5285,32.4197],[78.5228,32.4223],[78.503,32.4197],[78.4958,32.422],[78.4898,32.4348],[78.4852,32.4386],[78.4759,32.4487],[78.4655,32.4547],[78.4609,32.4618],[78.46,32.4674],[78.4621,32.4723],[78.4672,32.4778],[78.4669,32.4876],[78.4645,32.4972],[78.4612,32.5038],[78.4551,32.5069],[78.443,32.5104],[78.4349,32.5098],[78.4286,32.5074],[78.4253,32.5089],[78.4175,32.5193],[78.4114,32.5228],[78.4078,32.5266],[78.4162,32.5439],[78.4277,32.5634],[78.4513,32.5776],[78.4756,32.5792],[78.5034,32.587],[78.5153,32.6041],[78.5243,32.6081],[78.5428,32.6089],[78.5655,32.6148],[78.5877,32.6046],[78.6053,32.5911],[78.6146,32.5981],[78.6293,32.6209],[78.6484,32.6439],[78.6568,32.6491],[78.6803,32.6556],[78.7087,32.6561],[78.722,32.6664],[78.7406,32.6912],[78.7507,32.6928],[78.7532,32.6841],[78.7497,32.667],[78.7433,32.655],[78.7622,32.6288],[78.7755,32.621],[78.7824,32.5958],[78.7675,32.5785],[78.7592,32.5678],[78.7655,32.5438],[78.7701,32.529],[78.7748,32.5054],[78.7851,32.4887],[78.8046,32.4558],[78.8067,32.4442],[78.8224,32.4339],[78.8394,32.4336],[78.8599,32.4102],[78.9029,32.3849],[78.9301,32.3705],[78.9467,32.3613],[78.9588,32.344],[78.9712,32.3357],[78.9833,32.3484],[79.0035,32.3749],[79.0454,32.3874],[79.0937,32.3771],[79.0992,32.382],[79.1039,32.3966],[79.1134,32.4108],[79.1298,32.4172],[79.1352,32.4323],[79.1214,32.4581],[79.125,32.465],[79.132,32.4698],[79.1389,32.4686],[79.1535,32.4715],[79.1821,32.4738],[79.1933,32.4842],[79.2302,32.5133],[79.2409,32.5195],[79.2598,32.5227],[79.2813,32.5477],[79.2936,32.5719],[79.3053,32.5858],[79.3119,32.5876],[79.325,32.5846],[79.3395,32.5701],[79.3624,32.5662],[79.373,32.5605],[79.379,32.5353],[79.3845,32.5228],[79.3966,32.5175],[79.4165,32.5181],[79.4293,32.5235],[79.4387,32.5359],[79.4515,32.5587],[79.4588,32.5659],[79.4747,32.574],[79.4956,32.5986],[79.5253,32.6307],[79.5375,32.6596],[79.5672,32.6701],[79.5723,32.6876],[79.5802,32.6935],[79.5924,32.711],[79.6096,32.7232],[79.6119,32.735],[79.5979,32.7483],[79.5944,32.7595],[79.5881,32.7661],[79.5704,32.7659],[79.5571,32.7677],[79.5381,32.7864],[79.5339,32.8035],[79.5177,32.8266],[79.4655,32.88],[79.4527,32.9022],[79.4461,32.9118],[79.4334,32.9238],[79.421,32.9327],[79.4139,32.9448],[79.3976,32.9618],[79.3771,32.9631],[79.369,32.9662],[79.3717,32.9768],[79.3682,32.9825],[79.3581,32.9816],[79.3534,32.9839],[79.3462,32.9893],[79.34,33.0019],[79.3299,33.007],[79.3249,33.0122],[79.3438,33.0153],[79.3567,33.016],[79.3803,33.0277],[79.3871,33.0421],[79.3795,33.0608],[79.3682,33.0834],[79.3732,33.1064],[79.3886,33.126],[79.4228,33.165],[79.443,33.2004],[79.4518,33.235],[79.4461,33.2577],[79.4346,33.2624],[79.3939,33.2745],[79.3556,33.2821],[79.3311,33.2753],[79.3001,33.2733],[79.2613,33.2887],[79.2237,33.2963],[79.1971,33.295],[79.149,33.2939],[79.1077,33.2891],[79.0816,33.2974],[79.058,33.3091],[79.016,33.3283],[78.987,33.3309],[78.9784,33.3364],[78.9718,33.364],[78.9554,33.3816],[78.94,33.4136],[78.9271,33.4543],[78.9275,33.4867],[78.9412,33.5113],[78.9438,33.5261],[78.9232,33.5602],[78.9063,33.5737],[78.9074,33.5826],[78.9145,33.606],[78.9029,33.622],[78.9095,33.6292],[78.9272,33.6271],[78.9403,33.6176],[78.9642,33.6137],[78.9895,33.6145],[79.0308,33.6242],[79.0661,33.6193],[79.0954,33.6125],[79.1002,33.6163],[79.0904,33.6358],[79.0817,33.6756],[79.078,33.6861],[79.0635,33.6795],[79.0463,33.6738],[79.0341,33.6797],[79.022,33.6861],[79.0161,33.7023],[79.0198,33.7145],[79.038,33.7454],[79.0587,33.7562],[79.0641,33.7647],[79.0605,33.7758],[79.0436,33.7791],[79.0304,33.7881],[79.0132,33.7829],[79.0096,33.7946],[79.0023,33.8055],[78.9867,33.8362],[78.9559,33.9013],[78.9453,33.9262],[78.9227,33.9527],[78.9183,33.9639],[78.9256,33.9825],[78.9532,34.0131],[78.9759,34.022],[79.0011,34.0336],[79.0248,34.0328],[79.046,34.0237],[79.0804,34.01],[79.1127,34.0089],[79.1382,34.0175],[79.1467,34.033],[79.148,34.0551],[79.1729,34.0583],[79.1869,34.0487],[79.206,34.0404],[79.2184,34.0417],[79.2321,34.0471],[79.2604,34.0374],[79.2829,34.0276],[79.3005,34.0297],[79.3329,34.0292],[79.3737,34.0268],[79.3988,34.0095],[79.4155,33.999],[79.4374,34.0126],[79.4429,34.0212],[79.4299,34.0319],[79.4145,34.0417],[79.4157,34.0506],[79.4193,34.0623],[79.4211,34.0759],[79.4275,34.0808],[79.447,34.0862],[79.466,34.0941],[79.4858,34.1134],[79.496,34.1244],[79.491,34.1471],[79.4937,34.1847],[79.5037,34.1952],[79.5131,34.2009],[79.5324,34.1992],[79.5401,34.1913],[79.571,34.2125],[79.5921,34.2358],[79.5974,34.2648],[79.597,34.278],[79.5796,34.3],[79.5685,34.3202],[79.57,34.3369],[79.5614,34.3815],[79.5689,34.4006],[79.5667,34.4056],[79.5433,34.4041],[79.5316,34.4088],[79.5276,34.4163],[79.528,34.4421],[79.5215,34.4583],[79.5222,34.4636],[79.5404,34.4698],[79.5582,34.4736],[79.5835,34.4785],[79.5984,34.4868],[79.6148,34.4793],[79.6335,34.4782],[79.6534,34.4806],[79.6629,34.4755],[79.6818,34.4708],[79.7042,34.4699],[79.7259,34.4698],[79.7444,34.4621],[79.7538,34.4672],[79.7712,34.4668],[79.7914,34.4668],[79.8038,34.4728],[79.8161,34.4831],[79.821,34.5145],[79.8091,34.5228],[79.787,34.5308],[79.7698,34.5378],[79.7688,34.5523],[79.7771,34.5653],[79.7944,34.5805],[79.7899,34.5906],[79.7755,34.6021],[79.7766,34.6104],[79.8161,34.629],[79.8294,34.6355],[79.8481,34.656],[79.8582,34.6665],[79.8751,34.6679],[79.8783,34.6749],[79.9216,34.6727],[79.9447,34.6609],[79.954,34.6654],[79.9737,34.6768],[80.0043,34.6824],[80.0433,34.6859],[80.0653,34.6929],[80.0693,34.7009],[80.0692,34.7687],[80.075,34.8054],[80.0898,34.828],[80.1272,34.8725],[80.1528,34.9254],[80.1714,34.965],[80.1869,35.008],[80.1881,35.0529],[80.187,35.1028],[80.185,35.1306],[80.1992,35.1533],[80.2262,35.1796],[80.2427,35.208],[80.2512,35.248],[80.2652,35.2743],[80.2839,35.3139],[80.2975,35.3529],[80.2962,35.3902],[80.2985,35.417],[80.3212,35.4376],[80.3398,35.4497],[80.3451,35.4612],[80.3346,35.4958],[80.3268,35.5289],[80.3146,35.5361],[80.3135,35.5434],[80.3179,35.5646],[80.3117,35.588],[80.295,35.5997],[80.2686,35.6154],[80.2131,35.6387],[80.1517,35.6516],[80.1289,35.6567],[80.1122,35.6895],[80.1005,35.7062],[80.0775,35.7257],[80.0621,35.7685],[80.0426,35.8027],[80.0157,35.8262],[79.9997,35.8276],[79.9677,35.8252],[79.9383,35.8099],[79.9154,35.7928],[79.9045,35.7782],[79.899,35.7751],[79.8871,35.7744],[79.8285,35.7869],[79.7511,35.7969],[79.7284,35.814],[79.6823,35.8325],[79.6193,35.8453],[79.5624,35.8659],[79.5362,35.8796],[79.468,35.8874],[79.4402,35.8941],[79.4303,35.9081],[79.4104,35.986],[79.4009,35.9928],[79.358,35.9917],[79.2888,35.9869],[79.2517,35.9848],[79.2309,35.9722],[79.2131,35.9545],[79.2045,35.9277],[79.2095,35.9039],[79.2128,35.8779],[79.1816,35.8536],[79.1647,35.8382],[79.1424,35.8348],[79.1272,35.8367],[79.0322,35.8477],[79.0131,35.8595],[78.9824,35.8897],[78.9692,35.8902],[78.9521,35.8772],[78.9251,35.8675],[78.8722,35.8623],[78.8391,35.8561],[78.82,35.8565],[78.7862,35.8689],[78.7692,35.8679],[78.7489,35.8648],[78.7283,35.8647],[78.7105,35.8577],[78.6952,35.859],[78.6733,35.8542],[78.6652,35.8363],[78.6464,35.8211],[78.6217,35.8111],[78.61,35.8121],[78.5997,35.8057],[78.5843,35.7944],[78.5603,35.7778],[78.5342,35.7625],[78.5264,35.7655],[78.5125,35.772],[78.4754,35.775],[78.4427,35.7836],[78.4302,35.7781],[78.4261,35.7682],[78.4159,35.763],[78.4124,35.7519],[78.4091,35.7486],[78.4087,35.7391],[78.4039,35.7358],[78.3683,35.7273],[78.338,35.7189],[78.3193,35.7222],[78.2979,35.7281],[78.2877,35.7223],[78.277,35.7184],[78.2755,35.7125],[78.2775,35.692],[78.2772,35.677],[78.2845,35.6645],[78.2827,35.6616],[78.2687,35.6544],[78.2656,35.6474],[78.2559,35.6458],[78.2287,35.6575],[78.212,35.666],[78.207,35.6604],[78.2077,35.6478],[78.2011,35.6417],[78.1959,35.6349],[78.1974,35.6228],[78.176,35.6275],[78.1698,35.625],[78.1734,35.6056],[78.1706,35.5944],[78.1596,35.5815],[78.1605,35.57],[78.1649,35.5517],[78.1572,35.5487],[78.1491,35.5416],[78.1368,35.5366],[78.1316,35.5424],[78.1058,35.5534],[78.0929,35.5496],[78.0844,35.552],[78.0749,35.5593],[78.0556,35.5818],[78.0369,35.585],[78.0014,35.5824],[77.9907,35.585],[77.9735,35.5947],[77.9578,35.6049],[77.9538,35.6016],[77.9679,35.5718],[77.9635,35.5583],[77.9519,35.5407],[77.9375,35.5172],[77.9393,35.5069],[77.9603,35.4861],[77.9705,35.4668],[77.986,35.4548],[77.9853,35.4483],[77.9773,35.4489],[77.9485,35.4727],[77.9293,35.4903],[77.921,35.4879],[77.9189,35.4696],[77.9121,35.4611],[77.8938,35.4673],[77.8861,35.4774],[77.8748,35.4747],[77.8695,35.4727],[77.8626,35.4762],[77.8526,35.4854],[77.838,35.4919],[77.8292,35.5051],[77.822,35.5062],[77.8096,35.5],[77.8035,35.4909],[77.7863,35.488],[77.7674,35.4954],[77.7491,35.5087],[77.7359,35.5211],[77.7262,35.5128],[77.7272,35.4894],[77.7288,35.4773],[77.7078,35.4729],[77.6858,35.4722],[77.6852,35.4668],[77.6734,35.4659],[77.6654,35.4731],[77.6531,35.4812],[77.647,35.4792],[77.6371,35.4692],[77.6286,35.465],[77.6057,35.4691],[77.5566,35.4757],[77.4961,35.4778],[77.4743,35.465],[77.4437,35.4595],[77.4188,35.4666],[77.3852,35.4739],[77.3768,35.4834],[77.3632,35.4868],[77.3547,35.4958],[77.3529,35.5067],[77.3455,35.5192],[77.3301,35.5257],[77.332,35.5303],[77.3413,35.5351],[77.362,35.5432],[77.3887,35.5394],[77.4118,35.5234],[77.4305,35.5137],[77.443,35.514],[77.4582,35.5188],[77.4734,35.5177],[77.4798,35.5227],[77.4828,35.5296],[77.4735,35.5387],[77.4652,35.55],[77.4707,35.5598],[77.4756,35.5714],[77.4719,35.5843],[77.4587,35.5906],[77.4466,35.5939],[77.4401,35.6021],[77.4417,35.617],[77.441,35.6374],[77.4379,35.6561],[77.4281,35.6598],[77.4116,35.6563],[77.4028,35.6635],[77.4018,35.6815],[77.3853,35.6917],[77.378,35.7053],[77.3659,35.7152],[77.3437,35.721],[77.3355,35.7198],[77.3326,35.7128],[77.3211,35.701],[77.3124,35.7023],[77.2991,35.708],[77.2874,35.7226],[77.2803,35.7177],[77.2764,35.7084],[77.2583,35.7043],[77.2419,35.7085],[77.2292,35.7201],[77.213,35.7333],[77.1916,35.7324],[77.1797,35.7302],[77.169,35.7405],[77.1764,35.7681],[77.1621,35.765],[77.1522,35.7686],[77.1458,35.7775],[77.135,35.78],[77.1323,35.7892],[77.127,35.7943],[77.1157,35.7981],[77.0911,35.795],[77.062,35.7833],[77.0452,35.7773],[77.0105,35.7749],[77.001,35.7756],[76.9824,35.7876],[76.957,35.7899],[76.9356,35.789],[76.925,35.7933],[76.9038,35.8079],[76.8874,35.8126],[76.8611,35.836],[76.8235,35.8415],[76.8075,35.8497],[76.8046,35.8571],[76.7988,35.8796],[76.783,35.9052],[76.7578,35.932],[76.7394,35.9464],[76.7321,35.9546],[76.7329,35.9618],[76.7363,35.9663],[76.744,35.9706],[76.759,35.9803],[76.7704,35.9981],[76.7877,36.0167],[76.8104,36.0229],[76.8134,36.0311],[76.8137,36.0406],[76.7982,36.062],[76.7838,36.0719],[76.7522,36.08],[76.7201,36.0977],[76.7153,36.1082],[76.7164,36.1272],[76.7111,36.1401],[76.6962,36.1531],[76.6703,36.1739],[76.6559,36.1922],[76.6447,36.1977],[76.6343,36.19],[76.6169,36.178],[76.5941,36.1783],[76.5654,36.1862],[76.5493,36.2022],[76.5103,36.2107],[76.481,36.2197],[76.4683,36.2403],[76.4482,36.2463],[76.4368,36.2578],[76.4457,36.2656],[76.4485,36.272],[76.4459,36.2835],[76.4375,36.3104],[76.4134,36.328],[76.3798,36.3469],[76.3539,36.3694],[76.3399,36.3697],[76.321,36.365],[76.2744,36.3566],[76.2665,36.3588],[76.2441,36.3716],[76.2303,36.3814],[76.2007,36.397],[76.1767,36.4009],[76.164,36.4065],[76.1446,36.4285],[76.1117,36.4597],[76.0917,36.4746],[76.0712,36.4842],[76.0533,36.4913],[76.0101,36.4951],[75.9819,36.5028],[75.945,36.5116],[75.8908,36.5328],[75.8668,36.5455],[75.8524,36.5583],[75.807,36.5634],[75.7903,36.5752],[75.7694,36.5889],[75.7444,36.6077],[75.7347,36.6226],[75.7205,36.6383],[75.7107,36.6524],[75.7014,36.6667],[75.6895,36.6828],[75.6628,36.7217],[75.6338,36.7538],[75.6127,36.7753],[75.5855,36.7864],[75.5408,36.8003],[75.488,36.8164],[75.4633,36.8303],[75.4583,36.8419],[75.455,36.8636],[75.4498,36.8889],[75.4418,36.8995],[75.4297,36.905],[75.4176,36.9033],[75.4088,36.9038],[75.4069,36.908],[75.4111,36.9215],[75.4249,36.9524],[75.4216,36.9657],[75.4184,36.9724],[75.4137,36.9774],[75.4037,36.9822],[75.3877,36.9777],[75.3792,36.9746],[75.3689,36.9752],[75.3544,36.9885],[75.3484,37.0049],[75.3504,37.0191],[75.3488,37.0359],[75.3466,37.0527],[75.3413,37.0608],[75.3363,37.0628],[75.3208,37.0643],[75.2765,37.0602],[75.211,37.05],[75.1969,37.0424],[75.1772,37.0202],[75.153,36.9882],[75.1092,36.9619],[75.0913,36.9611],[75.0552,36.9743],[75.0371,36.989],[75.0232,36.9921],[75.0157,36.9907],[74.954,36.9546],[74.9341,36.9384],[74.9227,36.9258],[74.9156,36.9203],[74.9098,36.9218],[74.8965,36.9415],[74.8657,36.9747],[74.8348,37.0053],[74.8334,37.0087],[74.8335,37.0147],[74.8409,37.0321],[74.8389,37.0358],[74.8358,37.038],[74.8292,37.039],[74.8048,37.035],[74.7833,37.041],[74.7769,37.0416],[74.7691,37.0412],[74.7631,37.0384],[74.7602,37.036],[74.7532,37.0219],[74.7494,37.0194],[74.7424,37.0233],[74.7331,37.0313],[74.7264,37.0385],[74.7209,37.0476],[74.7159,37.0537],[74.7119,37.0638]]]]},"properties":{"COUNTRY":"INDIA","CODE":91,"AREA":3179079.10857}}
]}